ISO-10303-21;
HEADER;
FILE_DESCRIPTION(('FreeCAD Model'),'2;1');
FILE_NAME('Open CASCADE Shape Model','2026-07-03T08:34:43',('Author'),(
    ''),'Open CASCADE STEP processor 7.8','FreeCAD','Unknown');
FILE_SCHEMA(('AUTOMOTIVE_DESIGN { 1 0 10303 214 1 1 1 1 }'));
ENDSEC;
DATA;
#1 = APPLICATION_PROTOCOL_DEFINITION('international standard',
  'automotive_design',2000,#2);
#2 = APPLICATION_CONTEXT(
  'core data for automotive mechanical design processes');
#3 = SHAPE_DEFINITION_REPRESENTATION(#4,#10);
#4 = PRODUCT_DEFINITION_SHAPE('','',#5);
#5 = PRODUCT_DEFINITION('design','',#6,#9);
#6 = PRODUCT_DEFINITION_FORMATION('','',#7);
#7 = PRODUCT('PainelMultiCorAMS','PainelMultiCorAMS','',(#8));
#8 = PRODUCT_CONTEXT('',#2,'mechanical');
#9 = PRODUCT_DEFINITION_CONTEXT('part definition',#2,'design');
#10 = SHAPE_REPRESENTATION('',(#11,#15,#19,#23),#27);
#11 = AXIS2_PLACEMENT_3D('',#12,#13,#14);
#12 = CARTESIAN_POINT('',(0.,0.,0.));
#13 = DIRECTION('',(0.,0.,1.));
#14 = DIRECTION('',(1.,0.,-0.));
#15 = AXIS2_PLACEMENT_3D('',#16,#17,#18);
#16 = CARTESIAN_POINT('',(0.,0.,0.));
#17 = DIRECTION('',(0.,0.,1.));
#18 = DIRECTION('',(1.,0.,0.));
#19 = AXIS2_PLACEMENT_3D('',#20,#21,#22);
#20 = CARTESIAN_POINT('',(0.,0.,1.5));
#21 = DIRECTION('',(0.,0.,1.));
#22 = DIRECTION('',(1.,0.,0.));
#23 = AXIS2_PLACEMENT_3D('',#24,#25,#26);
#24 = CARTESIAN_POINT('',(0.,0.,1.5));
#25 = DIRECTION('',(0.,0.,1.));
#26 = DIRECTION('',(1.,0.,0.));
#27 = ( GEOMETRIC_REPRESENTATION_CONTEXT(3) 
GLOBAL_UNCERTAINTY_ASSIGNED_CONTEXT((#31)) GLOBAL_UNIT_ASSIGNED_CONTEXT(
(#28,#29,#30)) REPRESENTATION_CONTEXT('Context #1',
  '3D Context with UNIT and UNCERTAINTY') );
#28 = ( LENGTH_UNIT() NAMED_UNIT(*) SI_UNIT(.MILLI.,.METRE.) );
#29 = ( NAMED_UNIT(*) PLANE_ANGLE_UNIT() SI_UNIT($,.RADIAN.) );
#30 = ( NAMED_UNIT(*) SI_UNIT($,.STERADIAN.) SOLID_ANGLE_UNIT() );
#31 = UNCERTAINTY_MEASURE_WITH_UNIT(LENGTH_MEASURE(1.E-07),#28,
  'distance_accuracy_value','confusion accuracy');
#32 = PRODUCT_RELATED_PRODUCT_CATEGORY('part',$,(#7));
#33 = SHAPE_DEFINITION_REPRESENTATION(#34,#40);
#34 = PRODUCT_DEFINITION_SHAPE('','',#35);
#35 = PRODUCT_DEFINITION('design','',#36,#39);
#36 = PRODUCT_DEFINITION_FORMATION('','',#37);
#37 = PRODUCT('Scale002','Scale002','',(#38));
#38 = PRODUCT_CONTEXT('',#2,'mechanical');
#39 = PRODUCT_DEFINITION_CONTEXT('part definition',#2,'design');
#40 = ADVANCED_BREP_SHAPE_REPRESENTATION('',(#11,#41),#191);
#41 = MANIFOLD_SOLID_BREP('',#42);
#42 = CLOSED_SHELL('',(#43,#83,#114,#145,#167,#179));
#43 = ADVANCED_FACE('',(#44),#78,.F.);
#44 = FACE_BOUND('',#45,.F.);
#45 = EDGE_LOOP('',(#46,#56,#64,#72));
#46 = ORIENTED_EDGE('',*,*,#47,.T.);
#47 = EDGE_CURVE('',#48,#50,#52,.T.);
#48 = VERTEX_POINT('',#49);
#49 = CARTESIAN_POINT('',(-35.4,-11.8,-0.36));
#50 = VERTEX_POINT('',#51);
#51 = CARTESIAN_POINT('',(-35.4,-11.8,5.54));
#52 = LINE('',#53,#54);
#53 = CARTESIAN_POINT('',(-35.4,-11.8,-0.36));
#54 = VECTOR('',#55,1.);
#55 = DIRECTION('',(0.,0.,1.));
#56 = ORIENTED_EDGE('',*,*,#57,.T.);
#57 = EDGE_CURVE('',#50,#58,#60,.T.);
#58 = VERTEX_POINT('',#59);
#59 = CARTESIAN_POINT('',(35.4,-11.8,5.54));
#60 = LINE('',#61,#62);
#61 = CARTESIAN_POINT('',(-35.4,-11.8,5.54));
#62 = VECTOR('',#63,1.);
#63 = DIRECTION('',(1.,0.,0.));
#64 = ORIENTED_EDGE('',*,*,#65,.F.);
#65 = EDGE_CURVE('',#66,#58,#68,.T.);
#66 = VERTEX_POINT('',#67);
#67 = CARTESIAN_POINT('',(35.4,-11.8,-0.36));
#68 = LINE('',#69,#70);
#69 = CARTESIAN_POINT('',(35.4,-11.8,-0.36));
#70 = VECTOR('',#71,1.);
#71 = DIRECTION('',(0.,0.,1.));
#72 = ORIENTED_EDGE('',*,*,#73,.F.);
#73 = EDGE_CURVE('',#48,#66,#74,.T.);
#74 = LINE('',#75,#76);
#75 = CARTESIAN_POINT('',(-35.4,-11.8,-0.36));
#76 = VECTOR('',#77,1.);
#77 = DIRECTION('',(1.,0.,0.));
#78 = PLANE('',#79);
#79 = AXIS2_PLACEMENT_3D('',#80,#81,#82);
#80 = CARTESIAN_POINT('',(-35.4,-11.8,-0.36));
#81 = DIRECTION('',(0.,1.,0.));
#82 = DIRECTION('',(1.,0.,0.));
#83 = ADVANCED_FACE('',(#84),#109,.F.);
#84 = FACE_BOUND('',#85,.F.);
#85 = EDGE_LOOP('',(#86,#87,#95,#103));
#86 = ORIENTED_EDGE('',*,*,#65,.T.);
#87 = ORIENTED_EDGE('',*,*,#88,.T.);
#88 = EDGE_CURVE('',#58,#89,#91,.T.);
#89 = VERTEX_POINT('',#90);
#90 = CARTESIAN_POINT('',(35.4,11.8,5.54));
#91 = LINE('',#92,#93);
#92 = CARTESIAN_POINT('',(35.4,-11.8,5.54));
#93 = VECTOR('',#94,1.);
#94 = DIRECTION('',(0.,1.,0.));
#95 = ORIENTED_EDGE('',*,*,#96,.F.);
#96 = EDGE_CURVE('',#97,#89,#99,.T.);
#97 = VERTEX_POINT('',#98);
#98 = CARTESIAN_POINT('',(35.4,11.8,-0.36));
#99 = LINE('',#100,#101);
#100 = CARTESIAN_POINT('',(35.4,11.8,-0.36));
#101 = VECTOR('',#102,1.);
#102 = DIRECTION('',(0.,0.,1.));
#103 = ORIENTED_EDGE('',*,*,#104,.F.);
#104 = EDGE_CURVE('',#66,#97,#105,.T.);
#105 = LINE('',#106,#107);
#106 = CARTESIAN_POINT('',(35.4,-11.8,-0.36));
#107 = VECTOR('',#108,1.);
#108 = DIRECTION('',(0.,1.,0.));
#109 = PLANE('',#110);
#110 = AXIS2_PLACEMENT_3D('',#111,#112,#113);
#111 = CARTESIAN_POINT('',(35.4,-11.8,-0.36));
#112 = DIRECTION('',(-1.,0.,0.));
#113 = DIRECTION('',(0.,1.,0.));
#114 = ADVANCED_FACE('',(#115),#140,.F.);
#115 = FACE_BOUND('',#116,.F.);
#116 = EDGE_LOOP('',(#117,#118,#126,#134));
#117 = ORIENTED_EDGE('',*,*,#96,.T.);
#118 = ORIENTED_EDGE('',*,*,#119,.T.);
#119 = EDGE_CURVE('',#89,#120,#122,.T.);
#120 = VERTEX_POINT('',#121);
#121 = CARTESIAN_POINT('',(-35.4,11.8,5.54));
#122 = LINE('',#123,#124);
#123 = CARTESIAN_POINT('',(35.4,11.8,5.54));
#124 = VECTOR('',#125,1.);
#125 = DIRECTION('',(-1.,0.,0.));
#126 = ORIENTED_EDGE('',*,*,#127,.F.);
#127 = EDGE_CURVE('',#128,#120,#130,.T.);
#128 = VERTEX_POINT('',#129);
#129 = CARTESIAN_POINT('',(-35.4,11.8,-0.36));
#130 = LINE('',#131,#132);
#131 = CARTESIAN_POINT('',(-35.4,11.8,-0.36));
#132 = VECTOR('',#133,1.);
#133 = DIRECTION('',(0.,0.,1.));
#134 = ORIENTED_EDGE('',*,*,#135,.F.);
#135 = EDGE_CURVE('',#97,#128,#136,.T.);
#136 = LINE('',#137,#138);
#137 = CARTESIAN_POINT('',(35.4,11.8,-0.36));
#138 = VECTOR('',#139,1.);
#139 = DIRECTION('',(-1.,0.,0.));
#140 = PLANE('',#141);
#141 = AXIS2_PLACEMENT_3D('',#142,#143,#144);
#142 = CARTESIAN_POINT('',(35.4,11.8,-0.36));
#143 = DIRECTION('',(0.,-1.,0.));
#144 = DIRECTION('',(-1.,0.,0.));
#145 = ADVANCED_FACE('',(#146),#162,.F.);
#146 = FACE_BOUND('',#147,.F.);
#147 = EDGE_LOOP('',(#148,#149,#155,#156));
#148 = ORIENTED_EDGE('',*,*,#127,.T.);
#149 = ORIENTED_EDGE('',*,*,#150,.T.);
#150 = EDGE_CURVE('',#120,#50,#151,.T.);
#151 = LINE('',#152,#153);
#152 = CARTESIAN_POINT('',(-35.4,11.8,5.54));
#153 = VECTOR('',#154,1.);
#154 = DIRECTION('',(0.,-1.,0.));
#155 = ORIENTED_EDGE('',*,*,#47,.F.);
#156 = ORIENTED_EDGE('',*,*,#157,.F.);
#157 = EDGE_CURVE('',#128,#48,#158,.T.);
#158 = LINE('',#159,#160);
#159 = CARTESIAN_POINT('',(-35.4,11.8,-0.36));
#160 = VECTOR('',#161,1.);
#161 = DIRECTION('',(0.,-1.,0.));
#162 = PLANE('',#163);
#163 = AXIS2_PLACEMENT_3D('',#164,#165,#166);
#164 = CARTESIAN_POINT('',(-35.4,11.8,-0.36));
#165 = DIRECTION('',(1.,0.,0.));
#166 = DIRECTION('',(0.,-1.,0.));
#167 = ADVANCED_FACE('',(#168),#174,.F.);
#168 = FACE_BOUND('',#169,.F.);
#169 = EDGE_LOOP('',(#170,#171,#172,#173));
#170 = ORIENTED_EDGE('',*,*,#73,.T.);
#171 = ORIENTED_EDGE('',*,*,#104,.T.);
#172 = ORIENTED_EDGE('',*,*,#135,.T.);
#173 = ORIENTED_EDGE('',*,*,#157,.T.);
#174 = PLANE('',#175);
#175 = AXIS2_PLACEMENT_3D('',#176,#177,#178);
#176 = CARTESIAN_POINT('',(0.,0.,-0.36));
#177 = DIRECTION('',(0.,0.,1.));
#178 = DIRECTION('',(1.,0.,0.));
#179 = ADVANCED_FACE('',(#180),#186,.T.);
#180 = FACE_BOUND('',#181,.T.);
#181 = EDGE_LOOP('',(#182,#183,#184,#185));
#182 = ORIENTED_EDGE('',*,*,#57,.T.);
#183 = ORIENTED_EDGE('',*,*,#88,.T.);
#184 = ORIENTED_EDGE('',*,*,#119,.T.);
#185 = ORIENTED_EDGE('',*,*,#150,.T.);
#186 = PLANE('',#187);
#187 = AXIS2_PLACEMENT_3D('',#188,#189,#190);
#188 = CARTESIAN_POINT('',(0.,0.,5.54));
#189 = DIRECTION('',(0.,0.,1.));
#190 = DIRECTION('',(1.,0.,0.));
#191 = ( GEOMETRIC_REPRESENTATION_CONTEXT(3) 
GLOBAL_UNCERTAINTY_ASSIGNED_CONTEXT((#195)) GLOBAL_UNIT_ASSIGNED_CONTEXT
((#192,#193,#194)) REPRESENTATION_CONTEXT('Context #1',
  '3D Context with UNIT and UNCERTAINTY') );
#192 = ( LENGTH_UNIT() NAMED_UNIT(*) SI_UNIT(.MILLI.,.METRE.) );
#193 = ( NAMED_UNIT(*) PLANE_ANGLE_UNIT() SI_UNIT($,.RADIAN.) );
#194 = ( NAMED_UNIT(*) SI_UNIT($,.STERADIAN.) SOLID_ANGLE_UNIT() );
#195 = UNCERTAINTY_MEASURE_WITH_UNIT(LENGTH_MEASURE(1.E-07),#192,
  'distance_accuracy_value','confusion accuracy');
#196 = CONTEXT_DEPENDENT_SHAPE_REPRESENTATION(#197,#199);
#197 = ( REPRESENTATION_RELATIONSHIP('','',#40,#10) 
REPRESENTATION_RELATIONSHIP_WITH_TRANSFORMATION(#198) 
SHAPE_REPRESENTATION_RELATIONSHIP() );
#198 = ITEM_DEFINED_TRANSFORMATION('','',#11,#15);
#199 = PRODUCT_DEFINITION_SHAPE('Placement','Placement of an item',#200
  );
#200 = NEXT_ASSEMBLY_USAGE_OCCURRENCE('1','Scale002','',#5,#35,$);
#201 = PRODUCT_RELATED_PRODUCT_CATEGORY('part',$,(#37));
#202 = SHAPE_DEFINITION_REPRESENTATION(#203,#209);
#203 = PRODUCT_DEFINITION_SHAPE('','',#204);
#204 = PRODUCT_DEFINITION('design','',#205,#208);
#205 = PRODUCT_DEFINITION_FORMATION('','',#206);
#206 = PRODUCT('Scale','Scale','',(#207));
#207 = PRODUCT_CONTEXT('',#2,'mechanical');
#208 = PRODUCT_DEFINITION_CONTEXT('part definition',#2,'design');
#209 = ADVANCED_BREP_SHAPE_REPRESENTATION('',(#11,#210),#313);
#210 = MANIFOLD_SOLID_BREP('',#211);
#211 = CLOSED_SHELL('',(#212,#263,#293,#303));
#212 = ADVANCED_FACE('',(#213),#253,.F.);
#213 = FACE_BOUND('',#214,.F.);
#214 = EDGE_LOOP('',(#215,#225,#236,#244));
#215 = ORIENTED_EDGE('',*,*,#216,.T.);
#216 = EDGE_CURVE('',#217,#219,#221,.T.);
#217 = VERTEX_POINT('',#218);
#218 = CARTESIAN_POINT('',(-16.71942,-5.6601886,2.36));
#219 = VERTEX_POINT('',#220);
#220 = CARTESIAN_POINT('',(-16.71942,-5.6601886,7.08));
#221 = LINE('',#222,#223);
#222 = CARTESIAN_POINT('',(-16.71942,-5.6601886,2.36));
#223 = VECTOR('',#224,1.);
#224 = DIRECTION('',(0.,0.,1.));
#225 = ORIENTED_EDGE('',*,*,#226,.T.);
#226 = EDGE_CURVE('',#219,#227,#229,.T.);
#227 = VERTEX_POINT('',#228);
#228 = CARTESIAN_POINT('',(6.8157567,8.93634296,7.08));
#229 = B_SPLINE_CURVE_WITH_KNOTS('',3,(#230,#231,#232,#233,#234,#235),
  .UNSPECIFIED.,.F.,.F.,(4,1,1,4),(0.,17.4249,24.276,53.3866),
  .UNSPECIFIED.);
#230 = CARTESIAN_POINT('',(-16.71942,-5.6601886,7.08));
#231 = CARTESIAN_POINT('',(-8.268968,-7.9253166,7.08));
#232 = CARTESIAN_POINT('',(7.181126,-8.3294194,7.08));
#233 = CARTESIAN_POINT('',(36.778004,-3.2283738,7.08));
#234 = CARTESIAN_POINT('',(33.006488,7.53371,7.08));
#235 = CARTESIAN_POINT('',(6.8157567,8.93634296,7.08));
#236 = ORIENTED_EDGE('',*,*,#237,.F.);
#237 = EDGE_CURVE('',#238,#227,#240,.T.);
#238 = VERTEX_POINT('',#239);
#239 = CARTESIAN_POINT('',(6.8157567,8.93634296,2.36));
#240 = LINE('',#241,#242);
#241 = CARTESIAN_POINT('',(6.8157567,8.93634296,2.36));
#242 = VECTOR('',#243,1.);
#243 = DIRECTION('',(0.,0.,1.));
#244 = ORIENTED_EDGE('',*,*,#245,.F.);
#245 = EDGE_CURVE('',#217,#238,#246,.T.);
#246 = B_SPLINE_CURVE_WITH_KNOTS('',3,(#247,#248,#249,#250,#251,#252),
  .UNSPECIFIED.,.F.,.F.,(4,1,1,4),(0.,17.4249,24.276,53.3866),
  .UNSPECIFIED.);
#247 = CARTESIAN_POINT('',(-16.71942,-5.6601886,2.36));
#248 = CARTESIAN_POINT('',(-8.268968,-7.9253166,2.36));
#249 = CARTESIAN_POINT('',(7.181126,-8.3294194,2.36));
#250 = CARTESIAN_POINT('',(36.778004,-3.2283738,2.36));
#251 = CARTESIAN_POINT('',(33.006488,7.53371,2.36));
#252 = CARTESIAN_POINT('',(6.8157567,8.93634296,2.36));
#253 = SURFACE_OF_LINEAR_EXTRUSION('',#254,#261);
#254 = B_SPLINE_CURVE_WITH_KNOTS('',3,(#255,#256,#257,#258,#259,#260),
  .UNSPECIFIED.,.F.,.F.,(4,1,1,4),(0.,17.4249,24.276,53.3866),
  .UNSPECIFIED.);
#255 = CARTESIAN_POINT('',(-16.71942,-5.6601886,2.36));
#256 = CARTESIAN_POINT('',(-8.268968,-7.9253166,2.36));
#257 = CARTESIAN_POINT('',(7.181126,-8.3294194,2.36));
#258 = CARTESIAN_POINT('',(36.778004,-3.2283738,2.36));
#259 = CARTESIAN_POINT('',(33.006488,7.53371,2.36));
#260 = CARTESIAN_POINT('',(6.8157567,8.93634296,2.36));
#261 = VECTOR('',#262,1.);
#262 = DIRECTION('',(-0.,-0.,-1.));
#263 = ADVANCED_FACE('',(#264),#284,.T.);
#264 = FACE_BOUND('',#265,.T.);
#265 = EDGE_LOOP('',(#266,#267,#275,#276));
#266 = ORIENTED_EDGE('',*,*,#216,.T.);
#267 = ORIENTED_EDGE('',*,*,#268,.T.);
#268 = EDGE_CURVE('',#219,#227,#269,.T.);
#269 = B_SPLINE_CURVE_WITH_KNOTS('',3,(#270,#271,#272,#273,#274),
  .UNSPECIFIED.,.F.,.F.,(4,1,4),(0.,24.276,53.3866),.UNSPECIFIED.);
#270 = CARTESIAN_POINT('',(-16.71942,-5.6601886,7.08));
#271 = CARTESIAN_POINT('',(-0.82025576,-7.3285552,7.08));
#272 = CARTESIAN_POINT('',(28.760022,-5.5394864,7.08));
#273 = CARTESIAN_POINT('',(29.19615,5.8882,7.08));
#274 = CARTESIAN_POINT('',(6.8157567,8.93634296,7.08));
#275 = ORIENTED_EDGE('',*,*,#237,.F.);
#276 = ORIENTED_EDGE('',*,*,#277,.F.);
#277 = EDGE_CURVE('',#217,#238,#278,.T.);
#278 = B_SPLINE_CURVE_WITH_KNOTS('',3,(#279,#280,#281,#282,#283),
  .UNSPECIFIED.,.F.,.F.,(4,1,4),(0.,24.276,53.3866),.UNSPECIFIED.);
#279 = CARTESIAN_POINT('',(-16.71942,-5.6601886,2.36));
#280 = CARTESIAN_POINT('',(-0.82025576,-7.3285552,2.36));
#281 = CARTESIAN_POINT('',(28.760022,-5.5394864,2.36));
#282 = CARTESIAN_POINT('',(29.19615,5.8882,2.36));
#283 = CARTESIAN_POINT('',(6.8157567,8.93634296,2.36));
#284 = SURFACE_OF_LINEAR_EXTRUSION('',#285,#291);
#285 = B_SPLINE_CURVE_WITH_KNOTS('',3,(#286,#287,#288,#289,#290),
  .UNSPECIFIED.,.F.,.F.,(4,1,4),(0.,24.276,53.3866),.UNSPECIFIED.);
#286 = CARTESIAN_POINT('',(-16.71942,-5.6601886,2.36));
#287 = CARTESIAN_POINT('',(-0.82025576,-7.3285552,2.36));
#288 = CARTESIAN_POINT('',(28.760022,-5.5394864,2.36));
#289 = CARTESIAN_POINT('',(29.19615,5.8882,2.36));
#290 = CARTESIAN_POINT('',(6.8157567,8.93634296,2.36));
#291 = VECTOR('',#292,1.);
#292 = DIRECTION('',(-0.,-0.,-1.));
#293 = ADVANCED_FACE('',(#294),#298,.F.);
#294 = FACE_BOUND('',#295,.F.);
#295 = EDGE_LOOP('',(#296,#297));
#296 = ORIENTED_EDGE('',*,*,#245,.T.);
#297 = ORIENTED_EDGE('',*,*,#277,.F.);
#298 = PLANE('',#299);
#299 = AXIS2_PLACEMENT_3D('',#300,#301,#302);
#300 = CARTESIAN_POINT('',(10.486072334658,-1.721326449613,2.36));
#301 = DIRECTION('',(0.,0.,1.));
#302 = DIRECTION('',(1.,0.,0.));
#303 = ADVANCED_FACE('',(#304),#308,.T.);
#304 = FACE_BOUND('',#305,.T.);
#305 = EDGE_LOOP('',(#306,#307));
#306 = ORIENTED_EDGE('',*,*,#226,.T.);
#307 = ORIENTED_EDGE('',*,*,#268,.F.);
#308 = PLANE('',#309);
#309 = AXIS2_PLACEMENT_3D('',#310,#311,#312);
#310 = CARTESIAN_POINT('',(10.486072334658,-1.721326449613,7.08));
#311 = DIRECTION('',(0.,0.,1.));
#312 = DIRECTION('',(1.,0.,0.));
#313 = ( GEOMETRIC_REPRESENTATION_CONTEXT(3) 
GLOBAL_UNCERTAINTY_ASSIGNED_CONTEXT((#317)) GLOBAL_UNIT_ASSIGNED_CONTEXT
((#314,#315,#316)) REPRESENTATION_CONTEXT('Context #1',
  '3D Context with UNIT and UNCERTAINTY') );
#314 = ( LENGTH_UNIT() NAMED_UNIT(*) SI_UNIT(.MILLI.,.METRE.) );
#315 = ( NAMED_UNIT(*) PLANE_ANGLE_UNIT() SI_UNIT($,.RADIAN.) );
#316 = ( NAMED_UNIT(*) SI_UNIT($,.STERADIAN.) SOLID_ANGLE_UNIT() );
#317 = UNCERTAINTY_MEASURE_WITH_UNIT(LENGTH_MEASURE(1.E-07),#314,
  'distance_accuracy_value','confusion accuracy');
#318 = CONTEXT_DEPENDENT_SHAPE_REPRESENTATION(#319,#321);
#319 = ( REPRESENTATION_RELATIONSHIP('','',#209,#10) 
REPRESENTATION_RELATIONSHIP_WITH_TRANSFORMATION(#320) 
SHAPE_REPRESENTATION_RELATIONSHIP() );
#320 = ITEM_DEFINED_TRANSFORMATION('','',#11,#19);
#321 = PRODUCT_DEFINITION_SHAPE('Placement','Placement of an item',#322
  );
#322 = NEXT_ASSEMBLY_USAGE_OCCURRENCE('2','Scale','',#5,#204,$);
#323 = PRODUCT_RELATED_PRODUCT_CATEGORY('part',$,(#206));
#324 = SHAPE_DEFINITION_REPRESENTATION(#325,#331);
#325 = PRODUCT_DEFINITION_SHAPE('','',#326);
#326 = PRODUCT_DEFINITION('design','',#327,#330);
#327 = PRODUCT_DEFINITION_FORMATION('','',#328);
#328 = PRODUCT('Scale001','Scale001','',(#329));
#329 = PRODUCT_CONTEXT('',#2,'mechanical');
#330 = PRODUCT_DEFINITION_CONTEXT('part definition',#2,'design');
#331 = SHAPE_REPRESENTATION('',(#11,#332,#750,#1036,#1458,#1884,#2578,
    #3272,#3826,#4343,#5037,#5140,#5422,#5770),#5920);
#332 = MANIFOLD_SOLID_BREP('',#333);
#333 = CLOSED_SHELL('',(#334,#440,#471,#496,#520,#544,#568,#592,#617,
    #641,#665,#689,#713,#730));
#334 = ADVANCED_FACE('',(#335),#435,.F.);
#335 = FACE_BOUND('',#336,.F.);
#336 = EDGE_LOOP('',(#337,#347,#355,#363,#372,#380,#388,#396,#404,#412,
    #420,#428));
#337 = ORIENTED_EDGE('',*,*,#338,.F.);
#338 = EDGE_CURVE('',#339,#341,#343,.T.);
#339 = VERTEX_POINT('',#340);
#340 = CARTESIAN_POINT('',(-17.0683109304,1.529181953795,2.36));
#341 = VERTEX_POINT('',#342);
#342 = CARTESIAN_POINT('',(-18.7793109304,1.529181953795,2.36));
#343 = LINE('',#344,#345);
#344 = CARTESIAN_POINT('',(-17.0683109304,1.529181953795,2.36));
#345 = VECTOR('',#346,1.);
#346 = DIRECTION('',(-1.,0.,0.));
#347 = ORIENTED_EDGE('',*,*,#348,.F.);
#348 = EDGE_CURVE('',#349,#339,#351,.T.);
#349 = VERTEX_POINT('',#350);
#350 = CARTESIAN_POINT('',(-17.0683109304,2.4731819538,2.36));
#351 = LINE('',#352,#353);
#352 = CARTESIAN_POINT('',(-17.0683109304,2.4731819538,2.36));
#353 = VECTOR('',#354,1.);
#354 = DIRECTION('',(0.,-1.,0.));
#355 = ORIENTED_EDGE('',*,*,#356,.F.);
#356 = EDGE_CURVE('',#357,#349,#359,.T.);
#357 = VERTEX_POINT('',#358);
#358 = CARTESIAN_POINT('',(-19.4283109304,2.4731819538,2.36));
#359 = LINE('',#360,#361);
#360 = CARTESIAN_POINT('',(-20.1363109304,2.4731819538,2.36));
#361 = VECTOR('',#362,1.);
#362 = DIRECTION('',(1.,0.,0.));
#363 = ORIENTED_EDGE('',*,*,#364,.F.);
#364 = EDGE_CURVE('',#365,#357,#367,.T.);
#365 = VERTEX_POINT('',#366);
#366 = CARTESIAN_POINT('',(-20.1363109304,1.7651819538,2.36));
#367 = CIRCLE('',#368,0.708);
#368 = AXIS2_PLACEMENT_3D('',#369,#370,#371);
#369 = CARTESIAN_POINT('',(-19.4283109304,1.7651819538,2.36));
#370 = DIRECTION('',(-0.,-0.,-1.));
#371 = DIRECTION('',(0.,-1.,0.));
#372 = ORIENTED_EDGE('',*,*,#373,.F.);
#373 = EDGE_CURVE('',#374,#365,#376,.T.);
#374 = VERTEX_POINT('',#375);
#375 = CARTESIAN_POINT('',(-20.1363109304,-2.0108180462,2.36));
#376 = LINE('',#377,#378);
#377 = CARTESIAN_POINT('',(-20.1363109304,-2.0108180462,2.36));
#378 = VECTOR('',#379,1.);
#379 = DIRECTION('',(0.,1.,0.));
#380 = ORIENTED_EDGE('',*,*,#381,.F.);
#381 = EDGE_CURVE('',#382,#374,#384,.T.);
#382 = VERTEX_POINT('',#383);
#383 = CARTESIAN_POINT('',(-19.1333109304,-2.0108180462,2.36));
#384 = LINE('',#385,#386);
#385 = CARTESIAN_POINT('',(-19.1333109304,-2.0108180462,2.36));
#386 = VECTOR('',#387,1.);
#387 = DIRECTION('',(-1.,-2.612289469706E-16,0.));
#388 = ORIENTED_EDGE('',*,*,#389,.F.);
#389 = EDGE_CURVE('',#390,#382,#392,.T.);
#390 = VERTEX_POINT('',#391);
#391 = CARTESIAN_POINT('',(-19.1333109304,-0.2408180462,2.36));
#392 = LINE('',#393,#394);
#393 = CARTESIAN_POINT('',(-19.1333109304,-0.2408180462,2.36));
#394 = VECTOR('',#395,1.);
#395 = DIRECTION('',(0.,-1.,0.));
#396 = ORIENTED_EDGE('',*,*,#397,.F.);
#397 = EDGE_CURVE('',#398,#390,#400,.T.);
#398 = VERTEX_POINT('',#399);
#399 = CARTESIAN_POINT('',(-17.5993109304,-0.2408180462,2.36));
#400 = LINE('',#401,#402);
#401 = CARTESIAN_POINT('',(-17.5993109304,-0.2408180462,2.36));
#402 = VECTOR('',#403,1.);
#403 = DIRECTION('',(-1.,0.,0.));
#404 = ORIENTED_EDGE('',*,*,#405,.F.);
#405 = EDGE_CURVE('',#406,#398,#408,.T.);
#406 = VERTEX_POINT('',#407);
#407 = CARTESIAN_POINT('',(-17.5993109304,0.7031819538,2.36));
#408 = LINE('',#409,#410);
#409 = CARTESIAN_POINT('',(-17.5993109304,0.7031819538,2.36));
#410 = VECTOR('',#411,1.);
#411 = DIRECTION('',(0.,-1.,0.));
#412 = ORIENTED_EDGE('',*,*,#413,.F.);
#413 = EDGE_CURVE('',#414,#406,#416,.T.);
#414 = VERTEX_POINT('',#415);
#415 = CARTESIAN_POINT('',(-19.1333109304,0.7031819538,2.36));
#416 = LINE('',#417,#418);
#417 = CARTESIAN_POINT('',(-19.1333109304,0.7031819538,2.36));
#418 = VECTOR('',#419,1.);
#419 = DIRECTION('',(1.,0.,0.));
#420 = ORIENTED_EDGE('',*,*,#421,.F.);
#421 = EDGE_CURVE('',#422,#414,#424,.T.);
#422 = VERTEX_POINT('',#423);
#423 = CARTESIAN_POINT('',(-19.1333109304,1.175181953795,2.36));
#424 = LINE('',#425,#426);
#425 = CARTESIAN_POINT('',(-19.1333109304,1.529181953795,2.36));
#426 = VECTOR('',#427,1.);
#427 = DIRECTION('',(0.,-1.,0.));
#428 = ORIENTED_EDGE('',*,*,#429,.F.);
#429 = EDGE_CURVE('',#341,#422,#430,.T.);
#430 = CIRCLE('',#431,0.354);
#431 = AXIS2_PLACEMENT_3D('',#432,#433,#434);
#432 = CARTESIAN_POINT('',(-18.7793109304,1.175181953795,2.36));
#433 = DIRECTION('',(-0.,0.,1.));
#434 = DIRECTION('',(0.,-1.,0.));
#435 = PLANE('',#436);
#436 = AXIS2_PLACEMENT_3D('',#437,#438,#439);
#437 = CARTESIAN_POINT('',(-3.526772598173,0.467820267999,2.36));
#438 = DIRECTION('',(0.,0.,1.));
#439 = DIRECTION('',(1.,0.,0.));
#440 = ADVANCED_FACE('',(#441),#466,.T.);
#441 = FACE_BOUND('',#442,.T.);
#442 = EDGE_LOOP('',(#443,#444,#452,#460));
#443 = ORIENTED_EDGE('',*,*,#338,.F.);
#444 = ORIENTED_EDGE('',*,*,#445,.T.);
#445 = EDGE_CURVE('',#339,#446,#448,.T.);
#446 = VERTEX_POINT('',#447);
#447 = CARTESIAN_POINT('',(-17.0683109304,1.529181953795,7.08));
#448 = LINE('',#449,#450);
#449 = CARTESIAN_POINT('',(-17.0683109304,1.529181953795,2.36));
#450 = VECTOR('',#451,1.);
#451 = DIRECTION('',(0.,0.,1.));
#452 = ORIENTED_EDGE('',*,*,#453,.T.);
#453 = EDGE_CURVE('',#446,#454,#456,.T.);
#454 = VERTEX_POINT('',#455);
#455 = CARTESIAN_POINT('',(-18.7793109304,1.529181953795,7.08));
#456 = LINE('',#457,#458);
#457 = CARTESIAN_POINT('',(-17.0683109304,1.529181953795,7.08));
#458 = VECTOR('',#459,1.);
#459 = DIRECTION('',(-1.,0.,0.));
#460 = ORIENTED_EDGE('',*,*,#461,.F.);
#461 = EDGE_CURVE('',#341,#454,#462,.T.);
#462 = LINE('',#463,#464);
#463 = CARTESIAN_POINT('',(-18.7793109304,1.529181953795,2.36));
#464 = VECTOR('',#465,1.);
#465 = DIRECTION('',(0.,0.,1.));
#466 = PLANE('',#467);
#467 = AXIS2_PLACEMENT_3D('',#468,#469,#470);
#468 = CARTESIAN_POINT('',(-17.0683109304,1.529181953795,2.36));
#469 = DIRECTION('',(0.,-1.,0.));
#470 = DIRECTION('',(-1.,0.,0.));
#471 = ADVANCED_FACE('',(#472),#491,.F.);
#472 = FACE_BOUND('',#473,.F.);
#473 = EDGE_LOOP('',(#474,#475,#483,#490));
#474 = ORIENTED_EDGE('',*,*,#429,.T.);
#475 = ORIENTED_EDGE('',*,*,#476,.T.);
#476 = EDGE_CURVE('',#422,#477,#479,.T.);
#477 = VERTEX_POINT('',#478);
#478 = CARTESIAN_POINT('',(-19.1333109304,1.175181953795,7.08));
#479 = LINE('',#480,#481);
#480 = CARTESIAN_POINT('',(-19.1333109304,1.175181953795,2.36));
#481 = VECTOR('',#482,1.);
#482 = DIRECTION('',(0.,0.,1.));
#483 = ORIENTED_EDGE('',*,*,#484,.F.);
#484 = EDGE_CURVE('',#454,#477,#485,.T.);
#485 = CIRCLE('',#486,0.354);
#486 = AXIS2_PLACEMENT_3D('',#487,#488,#489);
#487 = CARTESIAN_POINT('',(-18.7793109304,1.175181953795,7.08));
#488 = DIRECTION('',(-0.,0.,1.));
#489 = DIRECTION('',(0.,-1.,0.));
#490 = ORIENTED_EDGE('',*,*,#461,.F.);
#491 = CYLINDRICAL_SURFACE('',#492,0.354);
#492 = AXIS2_PLACEMENT_3D('',#493,#494,#495);
#493 = CARTESIAN_POINT('',(-18.7793109304,1.175181953795,2.36));
#494 = DIRECTION('',(0.,0.,1.));
#495 = DIRECTION('',(0.,1.,0.));
#496 = ADVANCED_FACE('',(#497),#515,.T.);
#497 = FACE_BOUND('',#498,.T.);
#498 = EDGE_LOOP('',(#499,#507,#513,#514));
#499 = ORIENTED_EDGE('',*,*,#500,.T.);
#500 = EDGE_CURVE('',#349,#501,#503,.T.);
#501 = VERTEX_POINT('',#502);
#502 = CARTESIAN_POINT('',(-17.0683109304,2.4731819538,7.08));
#503 = LINE('',#504,#505);
#504 = CARTESIAN_POINT('',(-17.0683109304,2.4731819538,2.36));
#505 = VECTOR('',#506,1.);
#506 = DIRECTION('',(0.,0.,1.));
#507 = ORIENTED_EDGE('',*,*,#508,.T.);
#508 = EDGE_CURVE('',#501,#446,#509,.T.);
#509 = LINE('',#510,#511);
#510 = CARTESIAN_POINT('',(-17.0683109304,2.4731819538,7.08));
#511 = VECTOR('',#512,1.);
#512 = DIRECTION('',(0.,-1.,0.));
#513 = ORIENTED_EDGE('',*,*,#445,.F.);
#514 = ORIENTED_EDGE('',*,*,#348,.F.);
#515 = PLANE('',#516);
#516 = AXIS2_PLACEMENT_3D('',#517,#518,#519);
#517 = CARTESIAN_POINT('',(-17.0683109304,2.4731819538,2.36));
#518 = DIRECTION('',(1.,0.,0.));
#519 = DIRECTION('',(0.,-1.,0.));
#520 = ADVANCED_FACE('',(#521),#539,.T.);
#521 = FACE_BOUND('',#522,.T.);
#522 = EDGE_LOOP('',(#523,#524,#525,#533));
#523 = ORIENTED_EDGE('',*,*,#421,.F.);
#524 = ORIENTED_EDGE('',*,*,#476,.T.);
#525 = ORIENTED_EDGE('',*,*,#526,.T.);
#526 = EDGE_CURVE('',#477,#527,#529,.T.);
#527 = VERTEX_POINT('',#528);
#528 = CARTESIAN_POINT('',(-19.1333109304,0.7031819538,7.08));
#529 = LINE('',#530,#531);
#530 = CARTESIAN_POINT('',(-19.1333109304,1.529181953795,7.08));
#531 = VECTOR('',#532,1.);
#532 = DIRECTION('',(0.,-1.,0.));
#533 = ORIENTED_EDGE('',*,*,#534,.F.);
#534 = EDGE_CURVE('',#414,#527,#535,.T.);
#535 = LINE('',#536,#537);
#536 = CARTESIAN_POINT('',(-19.1333109304,0.7031819538,2.36));
#537 = VECTOR('',#538,1.);
#538 = DIRECTION('',(0.,0.,1.));
#539 = PLANE('',#540);
#540 = AXIS2_PLACEMENT_3D('',#541,#542,#543);
#541 = CARTESIAN_POINT('',(-19.1333109304,1.529181953795,2.36));
#542 = DIRECTION('',(1.,0.,0.));
#543 = DIRECTION('',(0.,-1.,0.));
#544 = ADVANCED_FACE('',(#545),#563,.T.);
#545 = FACE_BOUND('',#546,.T.);
#546 = EDGE_LOOP('',(#547,#548,#556,#562));
#547 = ORIENTED_EDGE('',*,*,#356,.F.);
#548 = ORIENTED_EDGE('',*,*,#549,.T.);
#549 = EDGE_CURVE('',#357,#550,#552,.T.);
#550 = VERTEX_POINT('',#551);
#551 = CARTESIAN_POINT('',(-19.4283109304,2.4731819538,7.08));
#552 = LINE('',#553,#554);
#553 = CARTESIAN_POINT('',(-19.4283109304,2.4731819538,2.36));
#554 = VECTOR('',#555,1.);
#555 = DIRECTION('',(0.,0.,1.));
#556 = ORIENTED_EDGE('',*,*,#557,.T.);
#557 = EDGE_CURVE('',#550,#501,#558,.T.);
#558 = LINE('',#559,#560);
#559 = CARTESIAN_POINT('',(-20.1363109304,2.4731819538,7.08));
#560 = VECTOR('',#561,1.);
#561 = DIRECTION('',(1.,0.,0.));
#562 = ORIENTED_EDGE('',*,*,#500,.F.);
#563 = PLANE('',#564);
#564 = AXIS2_PLACEMENT_3D('',#565,#566,#567);
#565 = CARTESIAN_POINT('',(-20.1363109304,2.4731819538,2.36));
#566 = DIRECTION('',(0.,1.,0.));
#567 = DIRECTION('',(1.,0.,0.));
#568 = ADVANCED_FACE('',(#569),#587,.T.);
#569 = FACE_BOUND('',#570,.T.);
#570 = EDGE_LOOP('',(#571,#572,#580,#586));
#571 = ORIENTED_EDGE('',*,*,#534,.T.);
#572 = ORIENTED_EDGE('',*,*,#573,.T.);
#573 = EDGE_CURVE('',#527,#574,#576,.T.);
#574 = VERTEX_POINT('',#575);
#575 = CARTESIAN_POINT('',(-17.5993109304,0.7031819538,7.08));
#576 = LINE('',#577,#578);
#577 = CARTESIAN_POINT('',(-19.1333109304,0.7031819538,7.08));
#578 = VECTOR('',#579,1.);
#579 = DIRECTION('',(1.,0.,0.));
#580 = ORIENTED_EDGE('',*,*,#581,.F.);
#581 = EDGE_CURVE('',#406,#574,#582,.T.);
#582 = LINE('',#583,#584);
#583 = CARTESIAN_POINT('',(-17.5993109304,0.7031819538,2.36));
#584 = VECTOR('',#585,1.);
#585 = DIRECTION('',(0.,0.,1.));
#586 = ORIENTED_EDGE('',*,*,#413,.F.);
#587 = PLANE('',#588);
#588 = AXIS2_PLACEMENT_3D('',#589,#590,#591);
#589 = CARTESIAN_POINT('',(-19.1333109304,0.7031819538,2.36));
#590 = DIRECTION('',(0.,1.,0.));
#591 = DIRECTION('',(1.,0.,0.));
#592 = ADVANCED_FACE('',(#593),#612,.T.);
#593 = FACE_BOUND('',#594,.F.);
#594 = EDGE_LOOP('',(#595,#596,#597,#606));
#595 = ORIENTED_EDGE('',*,*,#364,.T.);
#596 = ORIENTED_EDGE('',*,*,#549,.T.);
#597 = ORIENTED_EDGE('',*,*,#598,.F.);
#598 = EDGE_CURVE('',#599,#550,#601,.T.);
#599 = VERTEX_POINT('',#600);
#600 = CARTESIAN_POINT('',(-20.1363109304,1.7651819538,7.08));
#601 = CIRCLE('',#602,0.708);
#602 = AXIS2_PLACEMENT_3D('',#603,#604,#605);
#603 = CARTESIAN_POINT('',(-19.4283109304,1.7651819538,7.08));
#604 = DIRECTION('',(-0.,-0.,-1.));
#605 = DIRECTION('',(0.,-1.,0.));
#606 = ORIENTED_EDGE('',*,*,#607,.F.);
#607 = EDGE_CURVE('',#365,#599,#608,.T.);
#608 = LINE('',#609,#610);
#609 = CARTESIAN_POINT('',(-20.1363109304,1.7651819538,2.36));
#610 = VECTOR('',#611,1.);
#611 = DIRECTION('',(0.,0.,1.));
#612 = CYLINDRICAL_SURFACE('',#613,0.708);
#613 = AXIS2_PLACEMENT_3D('',#614,#615,#616);
#614 = CARTESIAN_POINT('',(-19.4283109304,1.7651819538,2.36));
#615 = DIRECTION('',(0.,0.,1.));
#616 = DIRECTION('',(-1.,0.,0.));
#617 = ADVANCED_FACE('',(#618),#636,.T.);
#618 = FACE_BOUND('',#619,.T.);
#619 = EDGE_LOOP('',(#620,#621,#629,#635));
#620 = ORIENTED_EDGE('',*,*,#581,.T.);
#621 = ORIENTED_EDGE('',*,*,#622,.T.);
#622 = EDGE_CURVE('',#574,#623,#625,.T.);
#623 = VERTEX_POINT('',#624);
#624 = CARTESIAN_POINT('',(-17.5993109304,-0.2408180462,7.08));
#625 = LINE('',#626,#627);
#626 = CARTESIAN_POINT('',(-17.5993109304,0.7031819538,7.08));
#627 = VECTOR('',#628,1.);
#628 = DIRECTION('',(0.,-1.,0.));
#629 = ORIENTED_EDGE('',*,*,#630,.F.);
#630 = EDGE_CURVE('',#398,#623,#631,.T.);
#631 = LINE('',#632,#633);
#632 = CARTESIAN_POINT('',(-17.5993109304,-0.2408180462,2.36));
#633 = VECTOR('',#634,1.);
#634 = DIRECTION('',(0.,0.,1.));
#635 = ORIENTED_EDGE('',*,*,#405,.F.);
#636 = PLANE('',#637);
#637 = AXIS2_PLACEMENT_3D('',#638,#639,#640);
#638 = CARTESIAN_POINT('',(-17.5993109304,0.7031819538,2.36));
#639 = DIRECTION('',(1.,0.,0.));
#640 = DIRECTION('',(0.,-1.,0.));
#641 = ADVANCED_FACE('',(#642),#660,.T.);
#642 = FACE_BOUND('',#643,.T.);
#643 = EDGE_LOOP('',(#644,#645,#653,#659));
#644 = ORIENTED_EDGE('',*,*,#373,.F.);
#645 = ORIENTED_EDGE('',*,*,#646,.T.);
#646 = EDGE_CURVE('',#374,#647,#649,.T.);
#647 = VERTEX_POINT('',#648);
#648 = CARTESIAN_POINT('',(-20.1363109304,-2.0108180462,7.08));
#649 = LINE('',#650,#651);
#650 = CARTESIAN_POINT('',(-20.1363109304,-2.0108180462,2.36));
#651 = VECTOR('',#652,1.);
#652 = DIRECTION('',(0.,0.,1.));
#653 = ORIENTED_EDGE('',*,*,#654,.T.);
#654 = EDGE_CURVE('',#647,#599,#655,.T.);
#655 = LINE('',#656,#657);
#656 = CARTESIAN_POINT('',(-20.1363109304,-2.0108180462,7.08));
#657 = VECTOR('',#658,1.);
#658 = DIRECTION('',(0.,1.,0.));
#659 = ORIENTED_EDGE('',*,*,#607,.F.);
#660 = PLANE('',#661);
#661 = AXIS2_PLACEMENT_3D('',#662,#663,#664);
#662 = CARTESIAN_POINT('',(-20.1363109304,-2.0108180462,2.36));
#663 = DIRECTION('',(-1.,0.,0.));
#664 = DIRECTION('',(0.,1.,0.));
#665 = ADVANCED_FACE('',(#666),#684,.T.);
#666 = FACE_BOUND('',#667,.T.);
#667 = EDGE_LOOP('',(#668,#669,#677,#683));
#668 = ORIENTED_EDGE('',*,*,#630,.T.);
#669 = ORIENTED_EDGE('',*,*,#670,.T.);
#670 = EDGE_CURVE('',#623,#671,#673,.T.);
#671 = VERTEX_POINT('',#672);
#672 = CARTESIAN_POINT('',(-19.1333109304,-0.2408180462,7.08));
#673 = LINE('',#674,#675);
#674 = CARTESIAN_POINT('',(-17.5993109304,-0.2408180462,7.08));
#675 = VECTOR('',#676,1.);
#676 = DIRECTION('',(-1.,0.,0.));
#677 = ORIENTED_EDGE('',*,*,#678,.F.);
#678 = EDGE_CURVE('',#390,#671,#679,.T.);
#679 = LINE('',#680,#681);
#680 = CARTESIAN_POINT('',(-19.1333109304,-0.2408180462,2.36));
#681 = VECTOR('',#682,1.);
#682 = DIRECTION('',(0.,0.,1.));
#683 = ORIENTED_EDGE('',*,*,#397,.F.);
#684 = PLANE('',#685);
#685 = AXIS2_PLACEMENT_3D('',#686,#687,#688);
#686 = CARTESIAN_POINT('',(-17.5993109304,-0.2408180462,2.36));
#687 = DIRECTION('',(0.,-1.,0.));
#688 = DIRECTION('',(-1.,0.,0.));
#689 = ADVANCED_FACE('',(#690),#708,.T.);
#690 = FACE_BOUND('',#691,.T.);
#691 = EDGE_LOOP('',(#692,#700,#706,#707));
#692 = ORIENTED_EDGE('',*,*,#693,.T.);
#693 = EDGE_CURVE('',#382,#694,#696,.T.);
#694 = VERTEX_POINT('',#695);
#695 = CARTESIAN_POINT('',(-19.1333109304,-2.0108180462,7.08));
#696 = LINE('',#697,#698);
#697 = CARTESIAN_POINT('',(-19.1333109304,-2.0108180462,2.36));
#698 = VECTOR('',#699,1.);
#699 = DIRECTION('',(0.,0.,1.));
#700 = ORIENTED_EDGE('',*,*,#701,.T.);
#701 = EDGE_CURVE('',#694,#647,#702,.T.);
#702 = LINE('',#703,#704);
#703 = CARTESIAN_POINT('',(-19.1333109304,-2.0108180462,7.08));
#704 = VECTOR('',#705,1.);
#705 = DIRECTION('',(-1.,-2.612289469706E-16,0.));
#706 = ORIENTED_EDGE('',*,*,#646,.F.);
#707 = ORIENTED_EDGE('',*,*,#381,.F.);
#708 = PLANE('',#709);
#709 = AXIS2_PLACEMENT_3D('',#710,#711,#712);
#710 = CARTESIAN_POINT('',(-19.1333109304,-2.0108180462,2.36));
#711 = DIRECTION('',(2.612289469706E-16,-1.,0.));
#712 = DIRECTION('',(-1.,-2.612289469706E-16,0.));
#713 = ADVANCED_FACE('',(#714),#725,.T.);
#714 = FACE_BOUND('',#715,.T.);
#715 = EDGE_LOOP('',(#716,#717,#723,#724));
#716 = ORIENTED_EDGE('',*,*,#678,.T.);
#717 = ORIENTED_EDGE('',*,*,#718,.T.);
#718 = EDGE_CURVE('',#671,#694,#719,.T.);
#719 = LINE('',#720,#721);
#720 = CARTESIAN_POINT('',(-19.1333109304,-0.2408180462,7.08));
#721 = VECTOR('',#722,1.);
#722 = DIRECTION('',(0.,-1.,0.));
#723 = ORIENTED_EDGE('',*,*,#693,.F.);
#724 = ORIENTED_EDGE('',*,*,#389,.F.);
#725 = PLANE('',#726);
#726 = AXIS2_PLACEMENT_3D('',#727,#728,#729);
#727 = CARTESIAN_POINT('',(-19.1333109304,-0.2408180462,2.36));
#728 = DIRECTION('',(1.,0.,0.));
#729 = DIRECTION('',(0.,-1.,0.));
#730 = ADVANCED_FACE('',(#731),#745,.T.);
#731 = FACE_BOUND('',#732,.T.);
#732 = EDGE_LOOP('',(#733,#734,#735,#736,#737,#738,#739,#740,#741,#742,
    #743,#744));
#733 = ORIENTED_EDGE('',*,*,#453,.F.);
#734 = ORIENTED_EDGE('',*,*,#508,.F.);
#735 = ORIENTED_EDGE('',*,*,#557,.F.);
#736 = ORIENTED_EDGE('',*,*,#598,.F.);
#737 = ORIENTED_EDGE('',*,*,#654,.F.);
#738 = ORIENTED_EDGE('',*,*,#701,.F.);
#739 = ORIENTED_EDGE('',*,*,#718,.F.);
#740 = ORIENTED_EDGE('',*,*,#670,.F.);
#741 = ORIENTED_EDGE('',*,*,#622,.F.);
#742 = ORIENTED_EDGE('',*,*,#573,.F.);
#743 = ORIENTED_EDGE('',*,*,#526,.F.);
#744 = ORIENTED_EDGE('',*,*,#484,.F.);
#745 = PLANE('',#746);
#746 = AXIS2_PLACEMENT_3D('',#747,#748,#749);
#747 = CARTESIAN_POINT('',(-3.526772598173,0.467820267999,7.08));
#748 = DIRECTION('',(0.,0.,1.));
#749 = DIRECTION('',(1.,0.,0.));
#750 = MANIFOLD_SOLID_BREP('',#751);
#751 = CLOSED_SHELL('',(#752,#826,#857,#882,#906,#930,#954,#978,#1003,
    #1020));
#752 = ADVANCED_FACE('',(#753),#821,.F.);
#753 = FACE_BOUND('',#754,.F.);
#754 = EDGE_LOOP('',(#755,#765,#773,#781,#790,#798,#806,#814));
#755 = ORIENTED_EDGE('',*,*,#756,.F.);
#756 = EDGE_CURVE('',#757,#759,#761,.T.);
#757 = VERTEX_POINT('',#758);
#758 = CARTESIAN_POINT('',(-15.7113109304,2.4731819538,2.36));
#759 = VERTEX_POINT('',#760);
#760 = CARTESIAN_POINT('',(-15.7113109304,-0.712818046205,2.36));
#761 = LINE('',#762,#763);
#762 = CARTESIAN_POINT('',(-15.7113109304,2.4731819538,2.36));
#763 = VECTOR('',#764,1.);
#764 = DIRECTION('',(0.,-1.,0.));
#765 = ORIENTED_EDGE('',*,*,#766,.F.);
#766 = EDGE_CURVE('',#767,#757,#769,.T.);
#767 = VERTEX_POINT('',#768);
#768 = CARTESIAN_POINT('',(-16.7143109304,2.4731819538,2.36));
#769 = LINE('',#770,#771);
#770 = CARTESIAN_POINT('',(-16.7143109304,2.4731819538,2.36));
#771 = VECTOR('',#772,1.);
#772 = DIRECTION('',(1.,0.,0.));
#773 = ORIENTED_EDGE('',*,*,#774,.F.);
#774 = EDGE_CURVE('',#775,#767,#777,.T.);
#775 = VERTEX_POINT('',#776);
#776 = CARTESIAN_POINT('',(-16.7143109304,-1.3028180462,2.36));
#777 = LINE('',#778,#779);
#778 = CARTESIAN_POINT('',(-16.7143109304,-2.0108180462,2.36));
#779 = VECTOR('',#780,1.);
#780 = DIRECTION('',(0.,1.,0.));
#781 = ORIENTED_EDGE('',*,*,#782,.T.);
#782 = EDGE_CURVE('',#775,#783,#785,.T.);
#783 = VERTEX_POINT('',#784);
#784 = CARTESIAN_POINT('',(-16.0063109304,-2.0108180462,2.36));
#785 = CIRCLE('',#786,0.708);
#786 = AXIS2_PLACEMENT_3D('',#787,#788,#789);
#787 = CARTESIAN_POINT('',(-16.0063109304,-1.3028180462,2.36));
#788 = DIRECTION('',(-0.,0.,1.));
#789 = DIRECTION('',(0.,-1.,0.));
#790 = ORIENTED_EDGE('',*,*,#791,.F.);
#791 = EDGE_CURVE('',#792,#783,#794,.T.);
#792 = VERTEX_POINT('',#793);
#793 = CARTESIAN_POINT('',(-13.7053109304,-2.0108180462,2.36));
#794 = LINE('',#795,#796);
#795 = CARTESIAN_POINT('',(-13.7053109304,-2.0108180462,2.36));
#796 = VECTOR('',#797,1.);
#797 = DIRECTION('',(-1.,0.,0.));
#798 = ORIENTED_EDGE('',*,*,#799,.F.);
#799 = EDGE_CURVE('',#800,#792,#802,.T.);
#800 = VERTEX_POINT('',#801);
#801 = CARTESIAN_POINT('',(-13.7053109304,-1.066818046205,2.36));
#802 = LINE('',#803,#804);
#803 = CARTESIAN_POINT('',(-13.7053109304,-1.066818046205,2.36));
#804 = VECTOR('',#805,1.);
#805 = DIRECTION('',(0.,-1.,0.));
#806 = ORIENTED_EDGE('',*,*,#807,.F.);
#807 = EDGE_CURVE('',#808,#800,#810,.T.);
#808 = VERTEX_POINT('',#809);
#809 = CARTESIAN_POINT('',(-15.3573109304,-1.066818046205,2.36));
#810 = LINE('',#811,#812);
#811 = CARTESIAN_POINT('',(-15.7113109304,-1.066818046205,2.36));
#812 = VECTOR('',#813,1.);
#813 = DIRECTION('',(1.,0.,0.));
#814 = ORIENTED_EDGE('',*,*,#815,.F.);
#815 = EDGE_CURVE('',#759,#808,#816,.T.);
#816 = CIRCLE('',#817,0.354);
#817 = AXIS2_PLACEMENT_3D('',#818,#819,#820);
#818 = CARTESIAN_POINT('',(-15.3573109304,-0.712818046205,2.36));
#819 = DIRECTION('',(-0.,0.,1.));
#820 = DIRECTION('',(0.,-1.,0.));
#821 = PLANE('',#822);
#822 = AXIS2_PLACEMENT_3D('',#823,#824,#825);
#823 = CARTESIAN_POINT('',(-3.526772598173,0.467820267999,2.36));
#824 = DIRECTION('',(0.,0.,1.));
#825 = DIRECTION('',(1.,0.,0.));
#826 = ADVANCED_FACE('',(#827),#852,.T.);
#827 = FACE_BOUND('',#828,.T.);
#828 = EDGE_LOOP('',(#829,#830,#838,#846));
#829 = ORIENTED_EDGE('',*,*,#756,.F.);
#830 = ORIENTED_EDGE('',*,*,#831,.T.);
#831 = EDGE_CURVE('',#757,#832,#834,.T.);
#832 = VERTEX_POINT('',#833);
#833 = CARTESIAN_POINT('',(-15.7113109304,2.4731819538,7.08));
#834 = LINE('',#835,#836);
#835 = CARTESIAN_POINT('',(-15.7113109304,2.4731819538,2.36));
#836 = VECTOR('',#837,1.);
#837 = DIRECTION('',(0.,0.,1.));
#838 = ORIENTED_EDGE('',*,*,#839,.T.);
#839 = EDGE_CURVE('',#832,#840,#842,.T.);
#840 = VERTEX_POINT('',#841);
#841 = CARTESIAN_POINT('',(-15.7113109304,-0.712818046205,7.08));
#842 = LINE('',#843,#844);
#843 = CARTESIAN_POINT('',(-15.7113109304,2.4731819538,7.08));
#844 = VECTOR('',#845,1.);
#845 = DIRECTION('',(0.,-1.,0.));
#846 = ORIENTED_EDGE('',*,*,#847,.F.);
#847 = EDGE_CURVE('',#759,#840,#848,.T.);
#848 = LINE('',#849,#850);
#849 = CARTESIAN_POINT('',(-15.7113109304,-0.712818046205,2.36));
#850 = VECTOR('',#851,1.);
#851 = DIRECTION('',(0.,0.,1.));
#852 = PLANE('',#853);
#853 = AXIS2_PLACEMENT_3D('',#854,#855,#856);
#854 = CARTESIAN_POINT('',(-15.7113109304,2.4731819538,2.36));
#855 = DIRECTION('',(1.,0.,0.));
#856 = DIRECTION('',(0.,-1.,0.));
#857 = ADVANCED_FACE('',(#858),#877,.F.);
#858 = FACE_BOUND('',#859,.F.);
#859 = EDGE_LOOP('',(#860,#861,#869,#876));
#860 = ORIENTED_EDGE('',*,*,#815,.T.);
#861 = ORIENTED_EDGE('',*,*,#862,.T.);
#862 = EDGE_CURVE('',#808,#863,#865,.T.);
#863 = VERTEX_POINT('',#864);
#864 = CARTESIAN_POINT('',(-15.3573109304,-1.066818046205,7.08));
#865 = LINE('',#866,#867);
#866 = CARTESIAN_POINT('',(-15.3573109304,-1.066818046205,2.36));
#867 = VECTOR('',#868,1.);
#868 = DIRECTION('',(0.,0.,1.));
#869 = ORIENTED_EDGE('',*,*,#870,.F.);
#870 = EDGE_CURVE('',#840,#863,#871,.T.);
#871 = CIRCLE('',#872,0.354);
#872 = AXIS2_PLACEMENT_3D('',#873,#874,#875);
#873 = CARTESIAN_POINT('',(-15.3573109304,-0.712818046205,7.08));
#874 = DIRECTION('',(-0.,0.,1.));
#875 = DIRECTION('',(0.,-1.,0.));
#876 = ORIENTED_EDGE('',*,*,#847,.F.);
#877 = CYLINDRICAL_SURFACE('',#878,0.354);
#878 = AXIS2_PLACEMENT_3D('',#879,#880,#881);
#879 = CARTESIAN_POINT('',(-15.3573109304,-0.712818046205,2.36));
#880 = DIRECTION('',(0.,0.,1.));
#881 = DIRECTION('',(-1.,0.,0.));
#882 = ADVANCED_FACE('',(#883),#901,.T.);
#883 = FACE_BOUND('',#884,.T.);
#884 = EDGE_LOOP('',(#885,#893,#899,#900));
#885 = ORIENTED_EDGE('',*,*,#886,.T.);
#886 = EDGE_CURVE('',#767,#887,#889,.T.);
#887 = VERTEX_POINT('',#888);
#888 = CARTESIAN_POINT('',(-16.7143109304,2.4731819538,7.08));
#889 = LINE('',#890,#891);
#890 = CARTESIAN_POINT('',(-16.7143109304,2.4731819538,2.36));
#891 = VECTOR('',#892,1.);
#892 = DIRECTION('',(0.,0.,1.));
#893 = ORIENTED_EDGE('',*,*,#894,.T.);
#894 = EDGE_CURVE('',#887,#832,#895,.T.);
#895 = LINE('',#896,#897);
#896 = CARTESIAN_POINT('',(-16.7143109304,2.4731819538,7.08));
#897 = VECTOR('',#898,1.);
#898 = DIRECTION('',(1.,0.,0.));
#899 = ORIENTED_EDGE('',*,*,#831,.F.);
#900 = ORIENTED_EDGE('',*,*,#766,.F.);
#901 = PLANE('',#902);
#902 = AXIS2_PLACEMENT_3D('',#903,#904,#905);
#903 = CARTESIAN_POINT('',(-16.7143109304,2.4731819538,2.36));
#904 = DIRECTION('',(0.,1.,0.));
#905 = DIRECTION('',(1.,0.,0.));
#906 = ADVANCED_FACE('',(#907),#925,.T.);
#907 = FACE_BOUND('',#908,.T.);
#908 = EDGE_LOOP('',(#909,#910,#911,#919));
#909 = ORIENTED_EDGE('',*,*,#807,.F.);
#910 = ORIENTED_EDGE('',*,*,#862,.T.);
#911 = ORIENTED_EDGE('',*,*,#912,.T.);
#912 = EDGE_CURVE('',#863,#913,#915,.T.);
#913 = VERTEX_POINT('',#914);
#914 = CARTESIAN_POINT('',(-13.7053109304,-1.066818046205,7.08));
#915 = LINE('',#916,#917);
#916 = CARTESIAN_POINT('',(-15.7113109304,-1.066818046205,7.08));
#917 = VECTOR('',#918,1.);
#918 = DIRECTION('',(1.,0.,0.));
#919 = ORIENTED_EDGE('',*,*,#920,.F.);
#920 = EDGE_CURVE('',#800,#913,#921,.T.);
#921 = LINE('',#922,#923);
#922 = CARTESIAN_POINT('',(-13.7053109304,-1.066818046205,2.36));
#923 = VECTOR('',#924,1.);
#924 = DIRECTION('',(0.,0.,1.));
#925 = PLANE('',#926);
#926 = AXIS2_PLACEMENT_3D('',#927,#928,#929);
#927 = CARTESIAN_POINT('',(-15.7113109304,-1.066818046205,2.36));
#928 = DIRECTION('',(0.,1.,0.));
#929 = DIRECTION('',(1.,0.,0.));
#930 = ADVANCED_FACE('',(#931),#949,.T.);
#931 = FACE_BOUND('',#932,.T.);
#932 = EDGE_LOOP('',(#933,#934,#942,#948));
#933 = ORIENTED_EDGE('',*,*,#774,.F.);
#934 = ORIENTED_EDGE('',*,*,#935,.T.);
#935 = EDGE_CURVE('',#775,#936,#938,.T.);
#936 = VERTEX_POINT('',#937);
#937 = CARTESIAN_POINT('',(-16.7143109304,-1.3028180462,7.08));
#938 = LINE('',#939,#940);
#939 = CARTESIAN_POINT('',(-16.7143109304,-1.3028180462,2.36));
#940 = VECTOR('',#941,1.);
#941 = DIRECTION('',(0.,0.,1.));
#942 = ORIENTED_EDGE('',*,*,#943,.T.);
#943 = EDGE_CURVE('',#936,#887,#944,.T.);
#944 = LINE('',#945,#946);
#945 = CARTESIAN_POINT('',(-16.7143109304,-2.0108180462,7.08));
#946 = VECTOR('',#947,1.);
#947 = DIRECTION('',(0.,1.,0.));
#948 = ORIENTED_EDGE('',*,*,#886,.F.);
#949 = PLANE('',#950);
#950 = AXIS2_PLACEMENT_3D('',#951,#952,#953);
#951 = CARTESIAN_POINT('',(-16.7143109304,-2.0108180462,2.36));
#952 = DIRECTION('',(-1.,0.,0.));
#953 = DIRECTION('',(0.,1.,0.));
#954 = ADVANCED_FACE('',(#955),#973,.T.);
#955 = FACE_BOUND('',#956,.T.);
#956 = EDGE_LOOP('',(#957,#958,#966,#972));
#957 = ORIENTED_EDGE('',*,*,#920,.T.);
#958 = ORIENTED_EDGE('',*,*,#959,.T.);
#959 = EDGE_CURVE('',#913,#960,#962,.T.);
#960 = VERTEX_POINT('',#961);
#961 = CARTESIAN_POINT('',(-13.7053109304,-2.0108180462,7.08));
#962 = LINE('',#963,#964);
#963 = CARTESIAN_POINT('',(-13.7053109304,-1.066818046205,7.08));
#964 = VECTOR('',#965,1.);
#965 = DIRECTION('',(0.,-1.,0.));
#966 = ORIENTED_EDGE('',*,*,#967,.F.);
#967 = EDGE_CURVE('',#792,#960,#968,.T.);
#968 = LINE('',#969,#970);
#969 = CARTESIAN_POINT('',(-13.7053109304,-2.0108180462,2.36));
#970 = VECTOR('',#971,1.);
#971 = DIRECTION('',(0.,0.,1.));
#972 = ORIENTED_EDGE('',*,*,#799,.F.);
#973 = PLANE('',#974);
#974 = AXIS2_PLACEMENT_3D('',#975,#976,#977);
#975 = CARTESIAN_POINT('',(-13.7053109304,-1.066818046205,2.36));
#976 = DIRECTION('',(1.,0.,0.));
#977 = DIRECTION('',(0.,-1.,0.));
#978 = ADVANCED_FACE('',(#979),#998,.T.);
#979 = FACE_BOUND('',#980,.T.);
#980 = EDGE_LOOP('',(#981,#982,#990,#997));
#981 = ORIENTED_EDGE('',*,*,#782,.T.);
#982 = ORIENTED_EDGE('',*,*,#983,.T.);
#983 = EDGE_CURVE('',#783,#984,#986,.T.);
#984 = VERTEX_POINT('',#985);
#985 = CARTESIAN_POINT('',(-16.0063109304,-2.0108180462,7.08));
#986 = LINE('',#987,#988);
#987 = CARTESIAN_POINT('',(-16.0063109304,-2.0108180462,2.36));
#988 = VECTOR('',#989,1.);
#989 = DIRECTION('',(0.,0.,1.));
#990 = ORIENTED_EDGE('',*,*,#991,.F.);
#991 = EDGE_CURVE('',#936,#984,#992,.T.);
#992 = CIRCLE('',#993,0.708);
#993 = AXIS2_PLACEMENT_3D('',#994,#995,#996);
#994 = CARTESIAN_POINT('',(-16.0063109304,-1.3028180462,7.08));
#995 = DIRECTION('',(-0.,0.,1.));
#996 = DIRECTION('',(0.,-1.,0.));
#997 = ORIENTED_EDGE('',*,*,#935,.F.);
#998 = CYLINDRICAL_SURFACE('',#999,0.708);
#999 = AXIS2_PLACEMENT_3D('',#1000,#1001,#1002);
#1000 = CARTESIAN_POINT('',(-16.0063109304,-1.3028180462,2.36));
#1001 = DIRECTION('',(0.,0.,1.));
#1002 = DIRECTION('',(-1.,0.,0.));
#1003 = ADVANCED_FACE('',(#1004),#1015,.T.);
#1004 = FACE_BOUND('',#1005,.T.);
#1005 = EDGE_LOOP('',(#1006,#1007,#1008,#1014));
#1006 = ORIENTED_EDGE('',*,*,#791,.F.);
#1007 = ORIENTED_EDGE('',*,*,#967,.T.);
#1008 = ORIENTED_EDGE('',*,*,#1009,.T.);
#1009 = EDGE_CURVE('',#960,#984,#1010,.T.);
#1010 = LINE('',#1011,#1012);
#1011 = CARTESIAN_POINT('',(-13.7053109304,-2.0108180462,7.08));
#1012 = VECTOR('',#1013,1.);
#1013 = DIRECTION('',(-1.,0.,0.));
#1014 = ORIENTED_EDGE('',*,*,#983,.F.);
#1015 = PLANE('',#1016);
#1016 = AXIS2_PLACEMENT_3D('',#1017,#1018,#1019);
#1017 = CARTESIAN_POINT('',(-13.7053109304,-2.0108180462,2.36));
#1018 = DIRECTION('',(0.,-1.,0.));
#1019 = DIRECTION('',(-1.,0.,0.));
#1020 = ADVANCED_FACE('',(#1021),#1031,.T.);
#1021 = FACE_BOUND('',#1022,.T.);
#1022 = EDGE_LOOP('',(#1023,#1024,#1025,#1026,#1027,#1028,#1029,#1030));
#1023 = ORIENTED_EDGE('',*,*,#839,.F.);
#1024 = ORIENTED_EDGE('',*,*,#894,.F.);
#1025 = ORIENTED_EDGE('',*,*,#943,.F.);
#1026 = ORIENTED_EDGE('',*,*,#991,.T.);
#1027 = ORIENTED_EDGE('',*,*,#1009,.F.);
#1028 = ORIENTED_EDGE('',*,*,#959,.F.);
#1029 = ORIENTED_EDGE('',*,*,#912,.F.);
#1030 = ORIENTED_EDGE('',*,*,#870,.F.);
#1031 = PLANE('',#1032);
#1032 = AXIS2_PLACEMENT_3D('',#1033,#1034,#1035);
#1033 = CARTESIAN_POINT('',(-3.526772598173,0.467820267999,7.08));
#1034 = DIRECTION('',(0.,0.,1.));
#1035 = DIRECTION('',(1.,0.,0.));
#1036 = MANIFOLD_SOLID_BREP('',#1037);
#1037 = CLOSED_SHELL('',(#1038,#1146,#1177,#1202,#1226,#1250,#1274,#1299
    ,#1324,#1348,#1372,#1396,#1421,#1438));
#1038 = ADVANCED_FACE('',(#1039),#1141,.F.);
#1039 = FACE_BOUND('',#1040,.F.);
#1040 = EDGE_LOOP('',(#1041,#1051,#1059,#1067,#1076,#1084,#1093,#1101,
    #1109,#1117,#1126,#1134));
#1041 = ORIENTED_EDGE('',*,*,#1042,.T.);
#1042 = EDGE_CURVE('',#1043,#1045,#1047,.T.);
#1043 = VERTEX_POINT('',#1044);
#1044 = CARTESIAN_POINT('',(-12.3483109304,-0.71281804621,2.36));
#1045 = VERTEX_POINT('',#1046);
#1046 = CARTESIAN_POINT('',(-12.3483109304,2.4731819538,2.36));
#1047 = LINE('',#1048,#1049);
#1048 = CARTESIAN_POINT('',(-12.3483109304,-1.06681804621,2.36));
#1049 = VECTOR('',#1050,1.);
#1050 = DIRECTION('',(0.,1.,0.));
#1051 = ORIENTED_EDGE('',*,*,#1052,.T.);
#1052 = EDGE_CURVE('',#1045,#1053,#1055,.T.);
#1053 = VERTEX_POINT('',#1054);
#1054 = CARTESIAN_POINT('',(-13.3513109304,2.4731819538,2.36));
#1055 = LINE('',#1056,#1057);
#1056 = CARTESIAN_POINT('',(-12.3483109304,2.4731819538,2.36));
#1057 = VECTOR('',#1058,1.);
#1058 = DIRECTION('',(-1.,0.,0.));
#1059 = ORIENTED_EDGE('',*,*,#1060,.T.);
#1060 = EDGE_CURVE('',#1053,#1061,#1063,.T.);
#1061 = VERTEX_POINT('',#1062);
#1062 = CARTESIAN_POINT('',(-13.3513109304,-1.3028180462,2.36));
#1063 = LINE('',#1064,#1065);
#1064 = CARTESIAN_POINT('',(-13.3513109304,2.4731819538,2.36));
#1065 = VECTOR('',#1066,1.);
#1066 = DIRECTION('',(0.,-1.,0.));
#1067 = ORIENTED_EDGE('',*,*,#1068,.T.);
#1068 = EDGE_CURVE('',#1061,#1069,#1071,.T.);
#1069 = VERTEX_POINT('',#1070);
#1070 = CARTESIAN_POINT('',(-12.6433109304,-2.0108180462,2.36));
#1071 = CIRCLE('',#1072,0.708);
#1072 = AXIS2_PLACEMENT_3D('',#1073,#1074,#1075);
#1073 = CARTESIAN_POINT('',(-12.6433109304,-1.3028180462,2.36));
#1074 = DIRECTION('',(-0.,0.,1.));
#1075 = DIRECTION('',(0.,-1.,0.));
#1076 = ORIENTED_EDGE('',*,*,#1077,.T.);
#1077 = EDGE_CURVE('',#1069,#1078,#1080,.T.);
#1078 = VERTEX_POINT('',#1079);
#1079 = CARTESIAN_POINT('',(-10.8733109304,-2.0108180462,2.36));
#1080 = LINE('',#1081,#1082);
#1081 = CARTESIAN_POINT('',(-13.3513109304,-2.0108180462,2.36));
#1082 = VECTOR('',#1083,1.);
#1083 = DIRECTION('',(1.,0.,0.));
#1084 = ORIENTED_EDGE('',*,*,#1085,.T.);
#1085 = EDGE_CURVE('',#1078,#1086,#1088,.T.);
#1086 = VERTEX_POINT('',#1087);
#1087 = CARTESIAN_POINT('',(-10.1653109304,-1.3028180462,2.36));
#1088 = CIRCLE('',#1089,0.708);
#1089 = AXIS2_PLACEMENT_3D('',#1090,#1091,#1092);
#1090 = CARTESIAN_POINT('',(-10.8733109304,-1.3028180462,2.36));
#1091 = DIRECTION('',(-0.,0.,1.));
#1092 = DIRECTION('',(0.,-1.,0.));
#1093 = ORIENTED_EDGE('',*,*,#1094,.T.);
#1094 = EDGE_CURVE('',#1086,#1095,#1097,.T.);
#1095 = VERTEX_POINT('',#1096);
#1096 = CARTESIAN_POINT('',(-10.1653109304,2.4731819538,2.36));
#1097 = LINE('',#1098,#1099);
#1098 = CARTESIAN_POINT('',(-10.1653109304,-2.0108180462,2.36));
#1099 = VECTOR('',#1100,1.);
#1100 = DIRECTION('',(0.,1.,0.));
#1101 = ORIENTED_EDGE('',*,*,#1102,.T.);
#1102 = EDGE_CURVE('',#1095,#1103,#1105,.T.);
#1103 = VERTEX_POINT('',#1104);
#1104 = CARTESIAN_POINT('',(-11.1683109304,2.4731819538,2.36));
#1105 = LINE('',#1106,#1107);
#1106 = CARTESIAN_POINT('',(-10.1653109304,2.4731819538,2.36));
#1107 = VECTOR('',#1108,1.);
#1108 = DIRECTION('',(-1.,0.,0.));
#1109 = ORIENTED_EDGE('',*,*,#1110,.T.);
#1110 = EDGE_CURVE('',#1103,#1111,#1113,.T.);
#1111 = VERTEX_POINT('',#1112);
#1112 = CARTESIAN_POINT('',(-11.1683109304,-0.71281804621,2.36));
#1113 = LINE('',#1114,#1115);
#1114 = CARTESIAN_POINT('',(-11.1683109304,2.4731819538,2.36));
#1115 = VECTOR('',#1116,1.);
#1116 = DIRECTION('',(0.,-1.,0.));
#1117 = ORIENTED_EDGE('',*,*,#1118,.F.);
#1118 = EDGE_CURVE('',#1119,#1111,#1121,.T.);
#1119 = VERTEX_POINT('',#1120);
#1120 = CARTESIAN_POINT('',(-11.5223109304,-1.06681804621,2.36));
#1121 = CIRCLE('',#1122,0.354);
#1122 = AXIS2_PLACEMENT_3D('',#1123,#1124,#1125);
#1123 = CARTESIAN_POINT('',(-11.5223109304,-0.71281804621,2.36));
#1124 = DIRECTION('',(-0.,0.,1.));
#1125 = DIRECTION('',(0.,-1.,0.));
#1126 = ORIENTED_EDGE('',*,*,#1127,.T.);
#1127 = EDGE_CURVE('',#1119,#1128,#1130,.T.);
#1128 = VERTEX_POINT('',#1129);
#1129 = CARTESIAN_POINT('',(-11.9943109304,-1.06681804621,2.36));
#1130 = LINE('',#1131,#1132);
#1131 = CARTESIAN_POINT('',(-11.1683109304,-1.06681804621,2.36));
#1132 = VECTOR('',#1133,1.);
#1133 = DIRECTION('',(-1.,0.,0.));
#1134 = ORIENTED_EDGE('',*,*,#1135,.F.);
#1135 = EDGE_CURVE('',#1043,#1128,#1136,.T.);
#1136 = CIRCLE('',#1137,0.354);
#1137 = AXIS2_PLACEMENT_3D('',#1138,#1139,#1140);
#1138 = CARTESIAN_POINT('',(-11.9943109304,-0.71281804621,2.36));
#1139 = DIRECTION('',(-0.,0.,1.));
#1140 = DIRECTION('',(0.,-1.,0.));
#1141 = PLANE('',#1142);
#1142 = AXIS2_PLACEMENT_3D('',#1143,#1144,#1145);
#1143 = CARTESIAN_POINT('',(-3.526772598173,0.467820267999,2.36));
#1144 = DIRECTION('',(0.,0.,1.));
#1145 = DIRECTION('',(1.,0.,0.));
#1146 = ADVANCED_FACE('',(#1147),#1172,.F.);
#1147 = FACE_BOUND('',#1148,.F.);
#1148 = EDGE_LOOP('',(#1149,#1150,#1158,#1166));
#1149 = ORIENTED_EDGE('',*,*,#1042,.F.);
#1150 = ORIENTED_EDGE('',*,*,#1151,.T.);
#1151 = EDGE_CURVE('',#1043,#1152,#1154,.T.);
#1152 = VERTEX_POINT('',#1153);
#1153 = CARTESIAN_POINT('',(-12.3483109304,-0.71281804621,7.08));
#1154 = LINE('',#1155,#1156);
#1155 = CARTESIAN_POINT('',(-12.3483109304,-0.71281804621,2.36));
#1156 = VECTOR('',#1157,1.);
#1157 = DIRECTION('',(0.,0.,1.));
#1158 = ORIENTED_EDGE('',*,*,#1159,.T.);
#1159 = EDGE_CURVE('',#1152,#1160,#1162,.T.);
#1160 = VERTEX_POINT('',#1161);
#1161 = CARTESIAN_POINT('',(-12.3483109304,2.4731819538,7.08));
#1162 = LINE('',#1163,#1164);
#1163 = CARTESIAN_POINT('',(-12.3483109304,-1.06681804621,7.08));
#1164 = VECTOR('',#1165,1.);
#1165 = DIRECTION('',(0.,1.,0.));
#1166 = ORIENTED_EDGE('',*,*,#1167,.F.);
#1167 = EDGE_CURVE('',#1045,#1160,#1168,.T.);
#1168 = LINE('',#1169,#1170);
#1169 = CARTESIAN_POINT('',(-12.3483109304,2.4731819538,2.36));
#1170 = VECTOR('',#1171,1.);
#1171 = DIRECTION('',(0.,0.,1.));
#1172 = PLANE('',#1173);
#1173 = AXIS2_PLACEMENT_3D('',#1174,#1175,#1176);
#1174 = CARTESIAN_POINT('',(-12.3483109304,-1.06681804621,2.36));
#1175 = DIRECTION('',(-1.,0.,0.));
#1176 = DIRECTION('',(0.,1.,0.));
#1177 = ADVANCED_FACE('',(#1178),#1197,.F.);
#1178 = FACE_BOUND('',#1179,.F.);
#1179 = EDGE_LOOP('',(#1180,#1181,#1189,#1196));
#1180 = ORIENTED_EDGE('',*,*,#1135,.T.);
#1181 = ORIENTED_EDGE('',*,*,#1182,.T.);
#1182 = EDGE_CURVE('',#1128,#1183,#1185,.T.);
#1183 = VERTEX_POINT('',#1184);
#1184 = CARTESIAN_POINT('',(-11.9943109304,-1.06681804621,7.08));
#1185 = LINE('',#1186,#1187);
#1186 = CARTESIAN_POINT('',(-11.9943109304,-1.06681804621,2.36));
#1187 = VECTOR('',#1188,1.);
#1188 = DIRECTION('',(0.,0.,1.));
#1189 = ORIENTED_EDGE('',*,*,#1190,.F.);
#1190 = EDGE_CURVE('',#1152,#1183,#1191,.T.);
#1191 = CIRCLE('',#1192,0.354);
#1192 = AXIS2_PLACEMENT_3D('',#1193,#1194,#1195);
#1193 = CARTESIAN_POINT('',(-11.9943109304,-0.71281804621,7.08));
#1194 = DIRECTION('',(-0.,0.,1.));
#1195 = DIRECTION('',(0.,-1.,0.));
#1196 = ORIENTED_EDGE('',*,*,#1151,.F.);
#1197 = CYLINDRICAL_SURFACE('',#1198,0.354);
#1198 = AXIS2_PLACEMENT_3D('',#1199,#1200,#1201);
#1199 = CARTESIAN_POINT('',(-11.9943109304,-0.71281804621,2.36));
#1200 = DIRECTION('',(0.,0.,1.));
#1201 = DIRECTION('',(-1.,0.,0.));
#1202 = ADVANCED_FACE('',(#1203),#1221,.F.);
#1203 = FACE_BOUND('',#1204,.F.);
#1204 = EDGE_LOOP('',(#1205,#1206,#1214,#1220));
#1205 = ORIENTED_EDGE('',*,*,#1167,.T.);
#1206 = ORIENTED_EDGE('',*,*,#1207,.T.);
#1207 = EDGE_CURVE('',#1160,#1208,#1210,.T.);
#1208 = VERTEX_POINT('',#1209);
#1209 = CARTESIAN_POINT('',(-13.3513109304,2.4731819538,7.08));
#1210 = LINE('',#1211,#1212);
#1211 = CARTESIAN_POINT('',(-12.3483109304,2.4731819538,7.08));
#1212 = VECTOR('',#1213,1.);
#1213 = DIRECTION('',(-1.,0.,0.));
#1214 = ORIENTED_EDGE('',*,*,#1215,.F.);
#1215 = EDGE_CURVE('',#1053,#1208,#1216,.T.);
#1216 = LINE('',#1217,#1218);
#1217 = CARTESIAN_POINT('',(-13.3513109304,2.4731819538,2.36));
#1218 = VECTOR('',#1219,1.);
#1219 = DIRECTION('',(0.,0.,1.));
#1220 = ORIENTED_EDGE('',*,*,#1052,.F.);
#1221 = PLANE('',#1222);
#1222 = AXIS2_PLACEMENT_3D('',#1223,#1224,#1225);
#1223 = CARTESIAN_POINT('',(-12.3483109304,2.4731819538,2.36));
#1224 = DIRECTION('',(0.,-1.,0.));
#1225 = DIRECTION('',(-1.,0.,0.));
#1226 = ADVANCED_FACE('',(#1227),#1245,.F.);
#1227 = FACE_BOUND('',#1228,.F.);
#1228 = EDGE_LOOP('',(#1229,#1230,#1238,#1244));
#1229 = ORIENTED_EDGE('',*,*,#1127,.F.);
#1230 = ORIENTED_EDGE('',*,*,#1231,.T.);
#1231 = EDGE_CURVE('',#1119,#1232,#1234,.T.);
#1232 = VERTEX_POINT('',#1233);
#1233 = CARTESIAN_POINT('',(-11.5223109304,-1.06681804621,7.08));
#1234 = LINE('',#1235,#1236);
#1235 = CARTESIAN_POINT('',(-11.5223109304,-1.06681804621,2.36));
#1236 = VECTOR('',#1237,1.);
#1237 = DIRECTION('',(0.,0.,1.));
#1238 = ORIENTED_EDGE('',*,*,#1239,.T.);
#1239 = EDGE_CURVE('',#1232,#1183,#1240,.T.);
#1240 = LINE('',#1241,#1242);
#1241 = CARTESIAN_POINT('',(-11.1683109304,-1.06681804621,7.08));
#1242 = VECTOR('',#1243,1.);
#1243 = DIRECTION('',(-1.,0.,0.));
#1244 = ORIENTED_EDGE('',*,*,#1182,.F.);
#1245 = PLANE('',#1246);
#1246 = AXIS2_PLACEMENT_3D('',#1247,#1248,#1249);
#1247 = CARTESIAN_POINT('',(-11.1683109304,-1.06681804621,2.36));
#1248 = DIRECTION('',(0.,-1.,0.));
#1249 = DIRECTION('',(-1.,0.,0.));
#1250 = ADVANCED_FACE('',(#1251),#1269,.F.);
#1251 = FACE_BOUND('',#1252,.F.);
#1252 = EDGE_LOOP('',(#1253,#1254,#1255,#1263));
#1253 = ORIENTED_EDGE('',*,*,#1060,.F.);
#1254 = ORIENTED_EDGE('',*,*,#1215,.T.);
#1255 = ORIENTED_EDGE('',*,*,#1256,.T.);
#1256 = EDGE_CURVE('',#1208,#1257,#1259,.T.);
#1257 = VERTEX_POINT('',#1258);
#1258 = CARTESIAN_POINT('',(-13.3513109304,-1.3028180462,7.08));
#1259 = LINE('',#1260,#1261);
#1260 = CARTESIAN_POINT('',(-13.3513109304,2.4731819538,7.08));
#1261 = VECTOR('',#1262,1.);
#1262 = DIRECTION('',(0.,-1.,0.));
#1263 = ORIENTED_EDGE('',*,*,#1264,.F.);
#1264 = EDGE_CURVE('',#1061,#1257,#1265,.T.);
#1265 = LINE('',#1266,#1267);
#1266 = CARTESIAN_POINT('',(-13.3513109304,-1.3028180462,2.36));
#1267 = VECTOR('',#1268,1.);
#1268 = DIRECTION('',(0.,0.,1.));
#1269 = PLANE('',#1270);
#1270 = AXIS2_PLACEMENT_3D('',#1271,#1272,#1273);
#1271 = CARTESIAN_POINT('',(-13.3513109304,2.4731819538,2.36));
#1272 = DIRECTION('',(1.,0.,0.));
#1273 = DIRECTION('',(0.,-1.,0.));
#1274 = ADVANCED_FACE('',(#1275),#1294,.F.);
#1275 = FACE_BOUND('',#1276,.F.);
#1276 = EDGE_LOOP('',(#1277,#1278,#1286,#1293));
#1277 = ORIENTED_EDGE('',*,*,#1118,.T.);
#1278 = ORIENTED_EDGE('',*,*,#1279,.T.);
#1279 = EDGE_CURVE('',#1111,#1280,#1282,.T.);
#1280 = VERTEX_POINT('',#1281);
#1281 = CARTESIAN_POINT('',(-11.1683109304,-0.71281804621,7.08));
#1282 = LINE('',#1283,#1284);
#1283 = CARTESIAN_POINT('',(-11.1683109304,-0.71281804621,2.36));
#1284 = VECTOR('',#1285,1.);
#1285 = DIRECTION('',(0.,0.,1.));
#1286 = ORIENTED_EDGE('',*,*,#1287,.F.);
#1287 = EDGE_CURVE('',#1232,#1280,#1288,.T.);
#1288 = CIRCLE('',#1289,0.354);
#1289 = AXIS2_PLACEMENT_3D('',#1290,#1291,#1292);
#1290 = CARTESIAN_POINT('',(-11.5223109304,-0.71281804621,7.08));
#1291 = DIRECTION('',(-0.,0.,1.));
#1292 = DIRECTION('',(0.,-1.,0.));
#1293 = ORIENTED_EDGE('',*,*,#1231,.F.);
#1294 = CYLINDRICAL_SURFACE('',#1295,0.354);
#1295 = AXIS2_PLACEMENT_3D('',#1296,#1297,#1298);
#1296 = CARTESIAN_POINT('',(-11.5223109304,-0.71281804621,2.36));
#1297 = DIRECTION('',(0.,0.,1.));
#1298 = DIRECTION('',(0.,-1.,0.));
#1299 = ADVANCED_FACE('',(#1300),#1319,.T.);
#1300 = FACE_BOUND('',#1301,.T.);
#1301 = EDGE_LOOP('',(#1302,#1303,#1311,#1318));
#1302 = ORIENTED_EDGE('',*,*,#1068,.T.);
#1303 = ORIENTED_EDGE('',*,*,#1304,.T.);
#1304 = EDGE_CURVE('',#1069,#1305,#1307,.T.);
#1305 = VERTEX_POINT('',#1306);
#1306 = CARTESIAN_POINT('',(-12.6433109304,-2.0108180462,7.08));
#1307 = LINE('',#1308,#1309);
#1308 = CARTESIAN_POINT('',(-12.6433109304,-2.0108180462,2.36));
#1309 = VECTOR('',#1310,1.);
#1310 = DIRECTION('',(0.,0.,1.));
#1311 = ORIENTED_EDGE('',*,*,#1312,.F.);
#1312 = EDGE_CURVE('',#1257,#1305,#1313,.T.);
#1313 = CIRCLE('',#1314,0.708);
#1314 = AXIS2_PLACEMENT_3D('',#1315,#1316,#1317);
#1315 = CARTESIAN_POINT('',(-12.6433109304,-1.3028180462,7.08));
#1316 = DIRECTION('',(-0.,0.,1.));
#1317 = DIRECTION('',(0.,-1.,0.));
#1318 = ORIENTED_EDGE('',*,*,#1264,.F.);
#1319 = CYLINDRICAL_SURFACE('',#1320,0.708);
#1320 = AXIS2_PLACEMENT_3D('',#1321,#1322,#1323);
#1321 = CARTESIAN_POINT('',(-12.6433109304,-1.3028180462,2.36));
#1322 = DIRECTION('',(0.,0.,1.));
#1323 = DIRECTION('',(-1.,0.,0.));
#1324 = ADVANCED_FACE('',(#1325),#1343,.F.);
#1325 = FACE_BOUND('',#1326,.F.);
#1326 = EDGE_LOOP('',(#1327,#1328,#1336,#1342));
#1327 = ORIENTED_EDGE('',*,*,#1110,.F.);
#1328 = ORIENTED_EDGE('',*,*,#1329,.T.);
#1329 = EDGE_CURVE('',#1103,#1330,#1332,.T.);
#1330 = VERTEX_POINT('',#1331);
#1331 = CARTESIAN_POINT('',(-11.1683109304,2.4731819538,7.08));
#1332 = LINE('',#1333,#1334);
#1333 = CARTESIAN_POINT('',(-11.1683109304,2.4731819538,2.36));
#1334 = VECTOR('',#1335,1.);
#1335 = DIRECTION('',(0.,0.,1.));
#1336 = ORIENTED_EDGE('',*,*,#1337,.T.);
#1337 = EDGE_CURVE('',#1330,#1280,#1338,.T.);
#1338 = LINE('',#1339,#1340);
#1339 = CARTESIAN_POINT('',(-11.1683109304,2.4731819538,7.08));
#1340 = VECTOR('',#1341,1.);
#1341 = DIRECTION('',(0.,-1.,0.));
#1342 = ORIENTED_EDGE('',*,*,#1279,.F.);
#1343 = PLANE('',#1344);
#1344 = AXIS2_PLACEMENT_3D('',#1345,#1346,#1347);
#1345 = CARTESIAN_POINT('',(-11.1683109304,2.4731819538,2.36));
#1346 = DIRECTION('',(1.,0.,0.));
#1347 = DIRECTION('',(0.,-1.,0.));
#1348 = ADVANCED_FACE('',(#1349),#1367,.F.);
#1349 = FACE_BOUND('',#1350,.F.);
#1350 = EDGE_LOOP('',(#1351,#1352,#1353,#1361));
#1351 = ORIENTED_EDGE('',*,*,#1077,.F.);
#1352 = ORIENTED_EDGE('',*,*,#1304,.T.);
#1353 = ORIENTED_EDGE('',*,*,#1354,.T.);
#1354 = EDGE_CURVE('',#1305,#1355,#1357,.T.);
#1355 = VERTEX_POINT('',#1356);
#1356 = CARTESIAN_POINT('',(-10.8733109304,-2.0108180462,7.08));
#1357 = LINE('',#1358,#1359);
#1358 = CARTESIAN_POINT('',(-13.3513109304,-2.0108180462,7.08));
#1359 = VECTOR('',#1360,1.);
#1360 = DIRECTION('',(1.,0.,0.));
#1361 = ORIENTED_EDGE('',*,*,#1362,.F.);
#1362 = EDGE_CURVE('',#1078,#1355,#1363,.T.);
#1363 = LINE('',#1364,#1365);
#1364 = CARTESIAN_POINT('',(-10.8733109304,-2.0108180462,2.36));
#1365 = VECTOR('',#1366,1.);
#1366 = DIRECTION('',(0.,0.,1.));
#1367 = PLANE('',#1368);
#1368 = AXIS2_PLACEMENT_3D('',#1369,#1370,#1371);
#1369 = CARTESIAN_POINT('',(-13.3513109304,-2.0108180462,2.36));
#1370 = DIRECTION('',(0.,1.,0.));
#1371 = DIRECTION('',(1.,0.,0.));
#1372 = ADVANCED_FACE('',(#1373),#1391,.F.);
#1373 = FACE_BOUND('',#1374,.F.);
#1374 = EDGE_LOOP('',(#1375,#1383,#1389,#1390));
#1375 = ORIENTED_EDGE('',*,*,#1376,.T.);
#1376 = EDGE_CURVE('',#1095,#1377,#1379,.T.);
#1377 = VERTEX_POINT('',#1378);
#1378 = CARTESIAN_POINT('',(-10.1653109304,2.4731819538,7.08));
#1379 = LINE('',#1380,#1381);
#1380 = CARTESIAN_POINT('',(-10.1653109304,2.4731819538,2.36));
#1381 = VECTOR('',#1382,1.);
#1382 = DIRECTION('',(0.,0.,1.));
#1383 = ORIENTED_EDGE('',*,*,#1384,.T.);
#1384 = EDGE_CURVE('',#1377,#1330,#1385,.T.);
#1385 = LINE('',#1386,#1387);
#1386 = CARTESIAN_POINT('',(-10.1653109304,2.4731819538,7.08));
#1387 = VECTOR('',#1388,1.);
#1388 = DIRECTION('',(-1.,0.,0.));
#1389 = ORIENTED_EDGE('',*,*,#1329,.F.);
#1390 = ORIENTED_EDGE('',*,*,#1102,.F.);
#1391 = PLANE('',#1392);
#1392 = AXIS2_PLACEMENT_3D('',#1393,#1394,#1395);
#1393 = CARTESIAN_POINT('',(-10.1653109304,2.4731819538,2.36));
#1394 = DIRECTION('',(0.,-1.,0.));
#1395 = DIRECTION('',(-1.,0.,0.));
#1396 = ADVANCED_FACE('',(#1397),#1416,.T.);
#1397 = FACE_BOUND('',#1398,.T.);
#1398 = EDGE_LOOP('',(#1399,#1400,#1408,#1415));
#1399 = ORIENTED_EDGE('',*,*,#1085,.T.);
#1400 = ORIENTED_EDGE('',*,*,#1401,.T.);
#1401 = EDGE_CURVE('',#1086,#1402,#1404,.T.);
#1402 = VERTEX_POINT('',#1403);
#1403 = CARTESIAN_POINT('',(-10.1653109304,-1.3028180462,7.08));
#1404 = LINE('',#1405,#1406);
#1405 = CARTESIAN_POINT('',(-10.1653109304,-1.3028180462,2.36));
#1406 = VECTOR('',#1407,1.);
#1407 = DIRECTION('',(0.,0.,1.));
#1408 = ORIENTED_EDGE('',*,*,#1409,.F.);
#1409 = EDGE_CURVE('',#1355,#1402,#1410,.T.);
#1410 = CIRCLE('',#1411,0.708);
#1411 = AXIS2_PLACEMENT_3D('',#1412,#1413,#1414);
#1412 = CARTESIAN_POINT('',(-10.8733109304,-1.3028180462,7.08));
#1413 = DIRECTION('',(-0.,0.,1.));
#1414 = DIRECTION('',(0.,-1.,0.));
#1415 = ORIENTED_EDGE('',*,*,#1362,.F.);
#1416 = CYLINDRICAL_SURFACE('',#1417,0.708);
#1417 = AXIS2_PLACEMENT_3D('',#1418,#1419,#1420);
#1418 = CARTESIAN_POINT('',(-10.8733109304,-1.3028180462,2.36));
#1419 = DIRECTION('',(0.,0.,1.));
#1420 = DIRECTION('',(0.,-1.,0.));
#1421 = ADVANCED_FACE('',(#1422),#1433,.F.);
#1422 = FACE_BOUND('',#1423,.F.);
#1423 = EDGE_LOOP('',(#1424,#1425,#1426,#1432));
#1424 = ORIENTED_EDGE('',*,*,#1094,.F.);
#1425 = ORIENTED_EDGE('',*,*,#1401,.T.);
#1426 = ORIENTED_EDGE('',*,*,#1427,.T.);
#1427 = EDGE_CURVE('',#1402,#1377,#1428,.T.);
#1428 = LINE('',#1429,#1430);
#1429 = CARTESIAN_POINT('',(-10.1653109304,-2.0108180462,7.08));
#1430 = VECTOR('',#1431,1.);
#1431 = DIRECTION('',(0.,1.,0.));
#1432 = ORIENTED_EDGE('',*,*,#1376,.F.);
#1433 = PLANE('',#1434);
#1434 = AXIS2_PLACEMENT_3D('',#1435,#1436,#1437);
#1435 = CARTESIAN_POINT('',(-10.1653109304,-2.0108180462,2.36));
#1436 = DIRECTION('',(-1.,0.,0.));
#1437 = DIRECTION('',(0.,1.,0.));
#1438 = ADVANCED_FACE('',(#1439),#1453,.T.);
#1439 = FACE_BOUND('',#1440,.T.);
#1440 = EDGE_LOOP('',(#1441,#1442,#1443,#1444,#1445,#1446,#1447,#1448,
    #1449,#1450,#1451,#1452));
#1441 = ORIENTED_EDGE('',*,*,#1159,.T.);
#1442 = ORIENTED_EDGE('',*,*,#1207,.T.);
#1443 = ORIENTED_EDGE('',*,*,#1256,.T.);
#1444 = ORIENTED_EDGE('',*,*,#1312,.T.);
#1445 = ORIENTED_EDGE('',*,*,#1354,.T.);
#1446 = ORIENTED_EDGE('',*,*,#1409,.T.);
#1447 = ORIENTED_EDGE('',*,*,#1427,.T.);
#1448 = ORIENTED_EDGE('',*,*,#1384,.T.);
#1449 = ORIENTED_EDGE('',*,*,#1337,.T.);
#1450 = ORIENTED_EDGE('',*,*,#1287,.F.);
#1451 = ORIENTED_EDGE('',*,*,#1239,.T.);
#1452 = ORIENTED_EDGE('',*,*,#1190,.F.);
#1453 = PLANE('',#1454);
#1454 = AXIS2_PLACEMENT_3D('',#1455,#1456,#1457);
#1455 = CARTESIAN_POINT('',(-3.526772598173,0.467820267999,7.08));
#1456 = DIRECTION('',(0.,0.,1.));
#1457 = DIRECTION('',(1.,0.,0.));
#1458 = MANIFOLD_SOLID_BREP('',#1459);
#1459 = CLOSED_SHELL('',(#1460,#1570,#1601,#1626,#1650,#1674,#1698,#1716
    ,#1747,#1772,#1796,#1820,#1844,#1862));
#1460 = ADVANCED_FACE('',(#1461,#1513),#1565,.F.);
#1461 = FACE_BOUND('',#1462,.F.);
#1462 = EDGE_LOOP('',(#1463,#1473,#1481,#1489,#1498,#1506));
#1463 = ORIENTED_EDGE('',*,*,#1464,.F.);
#1464 = EDGE_CURVE('',#1465,#1467,#1469,.T.);
#1465 = VERTEX_POINT('',#1466);
#1466 = CARTESIAN_POINT('',(-7.3333109304,-1.0078180462,2.36));
#1467 = VERTEX_POINT('',#1468);
#1468 = CARTESIAN_POINT('',(-6.6253109304,-1.0078180462,2.36));
#1469 = LINE('',#1470,#1471);
#1470 = CARTESIAN_POINT('',(-7.3333109304,-1.0078180462,2.36));
#1471 = VECTOR('',#1472,1.);
#1472 = DIRECTION('',(1.,0.,0.));
#1473 = ORIENTED_EDGE('',*,*,#1474,.F.);
#1474 = EDGE_CURVE('',#1475,#1465,#1477,.T.);
#1475 = VERTEX_POINT('',#1476);
#1476 = CARTESIAN_POINT('',(-7.3333109304,1.5881819538,2.36));
#1477 = LINE('',#1478,#1479);
#1478 = CARTESIAN_POINT('',(-7.3333109304,1.5881819538,2.36));
#1479 = VECTOR('',#1480,1.);
#1480 = DIRECTION('',(0.,-1.,0.));
#1481 = ORIENTED_EDGE('',*,*,#1482,.F.);
#1482 = EDGE_CURVE('',#1483,#1475,#1485,.T.);
#1483 = VERTEX_POINT('',#1484);
#1484 = CARTESIAN_POINT('',(-6.6253109304,1.5881819538,2.36));
#1485 = LINE('',#1486,#1487);
#1486 = CARTESIAN_POINT('',(-6.2713109304,1.5881819538,2.36));
#1487 = VECTOR('',#1488,1.);
#1488 = DIRECTION('',(-1.,0.,0.));
#1489 = ORIENTED_EDGE('',*,*,#1490,.F.);
#1490 = EDGE_CURVE('',#1491,#1483,#1493,.T.);
#1491 = VERTEX_POINT('',#1492);
#1492 = CARTESIAN_POINT('',(-6.2713109304,1.2341819538,2.36));
#1493 = CIRCLE('',#1494,0.354);
#1494 = AXIS2_PLACEMENT_3D('',#1495,#1496,#1497);
#1495 = CARTESIAN_POINT('',(-6.6253109304,1.2341819538,2.36));
#1496 = DIRECTION('',(-0.,0.,1.));
#1497 = DIRECTION('',(0.,-1.,0.));
#1498 = ORIENTED_EDGE('',*,*,#1499,.F.);
#1499 = EDGE_CURVE('',#1500,#1491,#1502,.T.);
#1500 = VERTEX_POINT('',#1501);
#1501 = CARTESIAN_POINT('',(-6.2713109304,-0.6538180462,2.36));
#1502 = LINE('',#1503,#1504);
#1503 = CARTESIAN_POINT('',(-6.2713109304,-1.0078180462,2.36));
#1504 = VECTOR('',#1505,1.);
#1505 = DIRECTION('',(0.,1.,0.));
#1506 = ORIENTED_EDGE('',*,*,#1507,.F.);
#1507 = EDGE_CURVE('',#1467,#1500,#1508,.T.);
#1508 = CIRCLE('',#1509,0.354);
#1509 = AXIS2_PLACEMENT_3D('',#1510,#1511,#1512);
#1510 = CARTESIAN_POINT('',(-6.6253109304,-0.6538180462,2.36));
#1511 = DIRECTION('',(-0.,0.,1.));
#1512 = DIRECTION('',(0.,-1.,0.));
#1513 = FACE_BOUND('',#1514,.F.);
#1514 = EDGE_LOOP('',(#1515,#1525,#1534,#1542,#1551,#1559));
#1515 = ORIENTED_EDGE('',*,*,#1516,.T.);
#1516 = EDGE_CURVE('',#1517,#1519,#1521,.T.);
#1517 = VERTEX_POINT('',#1518);
#1518 = CARTESIAN_POINT('',(-8.3363109304,-2.0108180462,2.36));
#1519 = VERTEX_POINT('',#1520);
#1520 = CARTESIAN_POINT('',(-5.9763109304,-2.0108180462,2.36));
#1521 = LINE('',#1522,#1523);
#1522 = CARTESIAN_POINT('',(-8.3363109304,-2.0108180462,2.36));
#1523 = VECTOR('',#1524,1.);
#1524 = DIRECTION('',(1.,0.,0.));
#1525 = ORIENTED_EDGE('',*,*,#1526,.T.);
#1526 = EDGE_CURVE('',#1519,#1527,#1529,.T.);
#1527 = VERTEX_POINT('',#1528);
#1528 = CARTESIAN_POINT('',(-5.2683109304,-1.3028180462,2.36));
#1529 = CIRCLE('',#1530,0.708);
#1530 = AXIS2_PLACEMENT_3D('',#1531,#1532,#1533);
#1531 = CARTESIAN_POINT('',(-5.9763109304,-1.3028180462,2.36));
#1532 = DIRECTION('',(-0.,0.,1.));
#1533 = DIRECTION('',(0.,-1.,0.));
#1534 = ORIENTED_EDGE('',*,*,#1535,.T.);
#1535 = EDGE_CURVE('',#1527,#1536,#1538,.T.);
#1536 = VERTEX_POINT('',#1537);
#1537 = CARTESIAN_POINT('',(-5.2683109304,1.7651819538,2.36));
#1538 = LINE('',#1539,#1540);
#1539 = CARTESIAN_POINT('',(-5.2683109304,-2.0108180462,2.36));
#1540 = VECTOR('',#1541,1.);
#1541 = DIRECTION('',(0.,1.,0.));
#1542 = ORIENTED_EDGE('',*,*,#1543,.T.);
#1543 = EDGE_CURVE('',#1536,#1544,#1546,.T.);
#1544 = VERTEX_POINT('',#1545);
#1545 = CARTESIAN_POINT('',(-5.9763109304,2.4731819538,2.36));
#1546 = CIRCLE('',#1547,0.708);
#1547 = AXIS2_PLACEMENT_3D('',#1548,#1549,#1550);
#1548 = CARTESIAN_POINT('',(-5.9763109304,1.7651819538,2.36));
#1549 = DIRECTION('',(-0.,0.,1.));
#1550 = DIRECTION('',(0.,-1.,0.));
#1551 = ORIENTED_EDGE('',*,*,#1552,.T.);
#1552 = EDGE_CURVE('',#1544,#1553,#1555,.T.);
#1553 = VERTEX_POINT('',#1554);
#1554 = CARTESIAN_POINT('',(-8.3363109304,2.4731819538,2.36));
#1555 = LINE('',#1556,#1557);
#1556 = CARTESIAN_POINT('',(-5.2683109304,2.4731819538,2.36));
#1557 = VECTOR('',#1558,1.);
#1558 = DIRECTION('',(-1.,1.7080354225E-16,0.));
#1559 = ORIENTED_EDGE('',*,*,#1560,.T.);
#1560 = EDGE_CURVE('',#1553,#1517,#1561,.T.);
#1561 = LINE('',#1562,#1563);
#1562 = CARTESIAN_POINT('',(-8.3363109304,2.4731819538,2.36));
#1563 = VECTOR('',#1564,1.);
#1564 = DIRECTION('',(0.,-1.,0.));
#1565 = PLANE('',#1566);
#1566 = AXIS2_PLACEMENT_3D('',#1567,#1568,#1569);
#1567 = CARTESIAN_POINT('',(-3.526772598173,0.467820267999,2.36));
#1568 = DIRECTION('',(0.,0.,1.));
#1569 = DIRECTION('',(1.,0.,0.));
#1570 = ADVANCED_FACE('',(#1571),#1596,.T.);
#1571 = FACE_BOUND('',#1572,.T.);
#1572 = EDGE_LOOP('',(#1573,#1574,#1582,#1590));
#1573 = ORIENTED_EDGE('',*,*,#1464,.F.);
#1574 = ORIENTED_EDGE('',*,*,#1575,.T.);
#1575 = EDGE_CURVE('',#1465,#1576,#1578,.T.);
#1576 = VERTEX_POINT('',#1577);
#1577 = CARTESIAN_POINT('',(-7.3333109304,-1.0078180462,7.08));
#1578 = LINE('',#1579,#1580);
#1579 = CARTESIAN_POINT('',(-7.3333109304,-1.0078180462,2.36));
#1580 = VECTOR('',#1581,1.);
#1581 = DIRECTION('',(0.,0.,1.));
#1582 = ORIENTED_EDGE('',*,*,#1583,.T.);
#1583 = EDGE_CURVE('',#1576,#1584,#1586,.T.);
#1584 = VERTEX_POINT('',#1585);
#1585 = CARTESIAN_POINT('',(-6.6253109304,-1.0078180462,7.08));
#1586 = LINE('',#1587,#1588);
#1587 = CARTESIAN_POINT('',(-7.3333109304,-1.0078180462,7.08));
#1588 = VECTOR('',#1589,1.);
#1589 = DIRECTION('',(1.,0.,0.));
#1590 = ORIENTED_EDGE('',*,*,#1591,.F.);
#1591 = EDGE_CURVE('',#1467,#1584,#1592,.T.);
#1592 = LINE('',#1593,#1594);
#1593 = CARTESIAN_POINT('',(-6.6253109304,-1.0078180462,2.36));
#1594 = VECTOR('',#1595,1.);
#1595 = DIRECTION('',(0.,0.,1.));
#1596 = PLANE('',#1597);
#1597 = AXIS2_PLACEMENT_3D('',#1598,#1599,#1600);
#1598 = CARTESIAN_POINT('',(-7.3333109304,-1.0078180462,2.36));
#1599 = DIRECTION('',(0.,1.,0.));
#1600 = DIRECTION('',(1.,0.,0.));
#1601 = ADVANCED_FACE('',(#1602),#1621,.F.);
#1602 = FACE_BOUND('',#1603,.F.);
#1603 = EDGE_LOOP('',(#1604,#1605,#1613,#1620));
#1604 = ORIENTED_EDGE('',*,*,#1507,.T.);
#1605 = ORIENTED_EDGE('',*,*,#1606,.T.);
#1606 = EDGE_CURVE('',#1500,#1607,#1609,.T.);
#1607 = VERTEX_POINT('',#1608);
#1608 = CARTESIAN_POINT('',(-6.2713109304,-0.6538180462,7.08));
#1609 = LINE('',#1610,#1611);
#1610 = CARTESIAN_POINT('',(-6.2713109304,-0.6538180462,2.36));
#1611 = VECTOR('',#1612,1.);
#1612 = DIRECTION('',(0.,0.,1.));
#1613 = ORIENTED_EDGE('',*,*,#1614,.F.);
#1614 = EDGE_CURVE('',#1584,#1607,#1615,.T.);
#1615 = CIRCLE('',#1616,0.354);
#1616 = AXIS2_PLACEMENT_3D('',#1617,#1618,#1619);
#1617 = CARTESIAN_POINT('',(-6.6253109304,-0.6538180462,7.08));
#1618 = DIRECTION('',(-0.,0.,1.));
#1619 = DIRECTION('',(0.,-1.,0.));
#1620 = ORIENTED_EDGE('',*,*,#1591,.F.);
#1621 = CYLINDRICAL_SURFACE('',#1622,0.354);
#1622 = AXIS2_PLACEMENT_3D('',#1623,#1624,#1625);
#1623 = CARTESIAN_POINT('',(-6.6253109304,-0.6538180462,2.36));
#1624 = DIRECTION('',(0.,0.,1.));
#1625 = DIRECTION('',(0.,-1.,0.));
#1626 = ADVANCED_FACE('',(#1627),#1645,.T.);
#1627 = FACE_BOUND('',#1628,.T.);
#1628 = EDGE_LOOP('',(#1629,#1637,#1643,#1644));
#1629 = ORIENTED_EDGE('',*,*,#1630,.T.);
#1630 = EDGE_CURVE('',#1475,#1631,#1633,.T.);
#1631 = VERTEX_POINT('',#1632);
#1632 = CARTESIAN_POINT('',(-7.3333109304,1.5881819538,7.08));
#1633 = LINE('',#1634,#1635);
#1634 = CARTESIAN_POINT('',(-7.3333109304,1.5881819538,2.36));
#1635 = VECTOR('',#1636,1.);
#1636 = DIRECTION('',(0.,0.,1.));
#1637 = ORIENTED_EDGE('',*,*,#1638,.T.);
#1638 = EDGE_CURVE('',#1631,#1576,#1639,.T.);
#1639 = LINE('',#1640,#1641);
#1640 = CARTESIAN_POINT('',(-7.3333109304,1.5881819538,7.08));
#1641 = VECTOR('',#1642,1.);
#1642 = DIRECTION('',(0.,-1.,0.));
#1643 = ORIENTED_EDGE('',*,*,#1575,.F.);
#1644 = ORIENTED_EDGE('',*,*,#1474,.F.);
#1645 = PLANE('',#1646);
#1646 = AXIS2_PLACEMENT_3D('',#1647,#1648,#1649);
#1647 = CARTESIAN_POINT('',(-7.3333109304,1.5881819538,2.36));
#1648 = DIRECTION('',(1.,0.,0.));
#1649 = DIRECTION('',(0.,-1.,0.));
#1650 = ADVANCED_FACE('',(#1651),#1669,.T.);
#1651 = FACE_BOUND('',#1652,.T.);
#1652 = EDGE_LOOP('',(#1653,#1654,#1655,#1663));
#1653 = ORIENTED_EDGE('',*,*,#1499,.F.);
#1654 = ORIENTED_EDGE('',*,*,#1606,.T.);
#1655 = ORIENTED_EDGE('',*,*,#1656,.T.);
#1656 = EDGE_CURVE('',#1607,#1657,#1659,.T.);
#1657 = VERTEX_POINT('',#1658);
#1658 = CARTESIAN_POINT('',(-6.2713109304,1.2341819538,7.08));
#1659 = LINE('',#1660,#1661);
#1660 = CARTESIAN_POINT('',(-6.2713109304,-1.0078180462,7.08));
#1661 = VECTOR('',#1662,1.);
#1662 = DIRECTION('',(0.,1.,0.));
#1663 = ORIENTED_EDGE('',*,*,#1664,.F.);
#1664 = EDGE_CURVE('',#1491,#1657,#1665,.T.);
#1665 = LINE('',#1666,#1667);
#1666 = CARTESIAN_POINT('',(-6.2713109304,1.2341819538,2.36));
#1667 = VECTOR('',#1668,1.);
#1668 = DIRECTION('',(0.,0.,1.));
#1669 = PLANE('',#1670);
#1670 = AXIS2_PLACEMENT_3D('',#1671,#1672,#1673);
#1671 = CARTESIAN_POINT('',(-6.2713109304,-1.0078180462,2.36));
#1672 = DIRECTION('',(-1.,0.,0.));
#1673 = DIRECTION('',(0.,1.,0.));
#1674 = ADVANCED_FACE('',(#1675),#1693,.T.);
#1675 = FACE_BOUND('',#1676,.T.);
#1676 = EDGE_LOOP('',(#1677,#1678,#1686,#1692));
#1677 = ORIENTED_EDGE('',*,*,#1482,.F.);
#1678 = ORIENTED_EDGE('',*,*,#1679,.T.);
#1679 = EDGE_CURVE('',#1483,#1680,#1682,.T.);
#1680 = VERTEX_POINT('',#1681);
#1681 = CARTESIAN_POINT('',(-6.6253109304,1.5881819538,7.08));
#1682 = LINE('',#1683,#1684);
#1683 = CARTESIAN_POINT('',(-6.6253109304,1.5881819538,2.36));
#1684 = VECTOR('',#1685,1.);
#1685 = DIRECTION('',(0.,0.,1.));
#1686 = ORIENTED_EDGE('',*,*,#1687,.T.);
#1687 = EDGE_CURVE('',#1680,#1631,#1688,.T.);
#1688 = LINE('',#1689,#1690);
#1689 = CARTESIAN_POINT('',(-6.2713109304,1.5881819538,7.08));
#1690 = VECTOR('',#1691,1.);
#1691 = DIRECTION('',(-1.,0.,0.));
#1692 = ORIENTED_EDGE('',*,*,#1630,.F.);
#1693 = PLANE('',#1694);
#1694 = AXIS2_PLACEMENT_3D('',#1695,#1696,#1697);
#1695 = CARTESIAN_POINT('',(-6.2713109304,1.5881819538,2.36));
#1696 = DIRECTION('',(0.,-1.,0.));
#1697 = DIRECTION('',(-1.,0.,0.));
#1698 = ADVANCED_FACE('',(#1699),#1711,.F.);
#1699 = FACE_BOUND('',#1700,.F.);
#1700 = EDGE_LOOP('',(#1701,#1702,#1703,#1710));
#1701 = ORIENTED_EDGE('',*,*,#1490,.T.);
#1702 = ORIENTED_EDGE('',*,*,#1679,.T.);
#1703 = ORIENTED_EDGE('',*,*,#1704,.F.);
#1704 = EDGE_CURVE('',#1657,#1680,#1705,.T.);
#1705 = CIRCLE('',#1706,0.354);
#1706 = AXIS2_PLACEMENT_3D('',#1707,#1708,#1709);
#1707 = CARTESIAN_POINT('',(-6.6253109304,1.2341819538,7.08));
#1708 = DIRECTION('',(-0.,0.,1.));
#1709 = DIRECTION('',(0.,-1.,0.));
#1710 = ORIENTED_EDGE('',*,*,#1664,.F.);
#1711 = CYLINDRICAL_SURFACE('',#1712,0.354);
#1712 = AXIS2_PLACEMENT_3D('',#1713,#1714,#1715);
#1713 = CARTESIAN_POINT('',(-6.6253109304,1.2341819538,2.36));
#1714 = DIRECTION('',(0.,0.,1.));
#1715 = DIRECTION('',(1.,0.,0.));
#1716 = ADVANCED_FACE('',(#1717),#1742,.F.);
#1717 = FACE_BOUND('',#1718,.F.);
#1718 = EDGE_LOOP('',(#1719,#1720,#1728,#1736));
#1719 = ORIENTED_EDGE('',*,*,#1516,.F.);
#1720 = ORIENTED_EDGE('',*,*,#1721,.T.);
#1721 = EDGE_CURVE('',#1517,#1722,#1724,.T.);
#1722 = VERTEX_POINT('',#1723);
#1723 = CARTESIAN_POINT('',(-8.3363109304,-2.0108180462,7.08));
#1724 = LINE('',#1725,#1726);
#1725 = CARTESIAN_POINT('',(-8.3363109304,-2.0108180462,2.36));
#1726 = VECTOR('',#1727,1.);
#1727 = DIRECTION('',(0.,0.,1.));
#1728 = ORIENTED_EDGE('',*,*,#1729,.T.);
#1729 = EDGE_CURVE('',#1722,#1730,#1732,.T.);
#1730 = VERTEX_POINT('',#1731);
#1731 = CARTESIAN_POINT('',(-5.9763109304,-2.0108180462,7.08));
#1732 = LINE('',#1733,#1734);
#1733 = CARTESIAN_POINT('',(-8.3363109304,-2.0108180462,7.08));
#1734 = VECTOR('',#1735,1.);
#1735 = DIRECTION('',(1.,0.,0.));
#1736 = ORIENTED_EDGE('',*,*,#1737,.F.);
#1737 = EDGE_CURVE('',#1519,#1730,#1738,.T.);
#1738 = LINE('',#1739,#1740);
#1739 = CARTESIAN_POINT('',(-5.9763109304,-2.0108180462,2.36));
#1740 = VECTOR('',#1741,1.);
#1741 = DIRECTION('',(0.,0.,1.));
#1742 = PLANE('',#1743);
#1743 = AXIS2_PLACEMENT_3D('',#1744,#1745,#1746);
#1744 = CARTESIAN_POINT('',(-8.3363109304,-2.0108180462,2.36));
#1745 = DIRECTION('',(0.,1.,0.));
#1746 = DIRECTION('',(1.,0.,0.));
#1747 = ADVANCED_FACE('',(#1748),#1767,.T.);
#1748 = FACE_BOUND('',#1749,.T.);
#1749 = EDGE_LOOP('',(#1750,#1751,#1759,#1766));
#1750 = ORIENTED_EDGE('',*,*,#1526,.T.);
#1751 = ORIENTED_EDGE('',*,*,#1752,.T.);
#1752 = EDGE_CURVE('',#1527,#1753,#1755,.T.);
#1753 = VERTEX_POINT('',#1754);
#1754 = CARTESIAN_POINT('',(-5.2683109304,-1.3028180462,7.08));
#1755 = LINE('',#1756,#1757);
#1756 = CARTESIAN_POINT('',(-5.2683109304,-1.3028180462,2.36));
#1757 = VECTOR('',#1758,1.);
#1758 = DIRECTION('',(0.,0.,1.));
#1759 = ORIENTED_EDGE('',*,*,#1760,.F.);
#1760 = EDGE_CURVE('',#1730,#1753,#1761,.T.);
#1761 = CIRCLE('',#1762,0.708);
#1762 = AXIS2_PLACEMENT_3D('',#1763,#1764,#1765);
#1763 = CARTESIAN_POINT('',(-5.9763109304,-1.3028180462,7.08));
#1764 = DIRECTION('',(-0.,0.,1.));
#1765 = DIRECTION('',(0.,-1.,0.));
#1766 = ORIENTED_EDGE('',*,*,#1737,.F.);
#1767 = CYLINDRICAL_SURFACE('',#1768,0.708);
#1768 = AXIS2_PLACEMENT_3D('',#1769,#1770,#1771);
#1769 = CARTESIAN_POINT('',(-5.9763109304,-1.3028180462,2.36));
#1770 = DIRECTION('',(0.,0.,1.));
#1771 = DIRECTION('',(0.,-1.,0.));
#1772 = ADVANCED_FACE('',(#1773),#1791,.F.);
#1773 = FACE_BOUND('',#1774,.F.);
#1774 = EDGE_LOOP('',(#1775,#1783,#1789,#1790));
#1775 = ORIENTED_EDGE('',*,*,#1776,.T.);
#1776 = EDGE_CURVE('',#1553,#1777,#1779,.T.);
#1777 = VERTEX_POINT('',#1778);
#1778 = CARTESIAN_POINT('',(-8.3363109304,2.4731819538,7.08));
#1779 = LINE('',#1780,#1781);
#1780 = CARTESIAN_POINT('',(-8.3363109304,2.4731819538,2.36));
#1781 = VECTOR('',#1782,1.);
#1782 = DIRECTION('',(0.,0.,1.));
#1783 = ORIENTED_EDGE('',*,*,#1784,.T.);
#1784 = EDGE_CURVE('',#1777,#1722,#1785,.T.);
#1785 = LINE('',#1786,#1787);
#1786 = CARTESIAN_POINT('',(-8.3363109304,2.4731819538,7.08));
#1787 = VECTOR('',#1788,1.);
#1788 = DIRECTION('',(0.,-1.,0.));
#1789 = ORIENTED_EDGE('',*,*,#1721,.F.);
#1790 = ORIENTED_EDGE('',*,*,#1560,.F.);
#1791 = PLANE('',#1792);
#1792 = AXIS2_PLACEMENT_3D('',#1793,#1794,#1795);
#1793 = CARTESIAN_POINT('',(-8.3363109304,2.4731819538,2.36));
#1794 = DIRECTION('',(1.,0.,0.));
#1795 = DIRECTION('',(0.,-1.,0.));
#1796 = ADVANCED_FACE('',(#1797),#1815,.F.);
#1797 = FACE_BOUND('',#1798,.F.);
#1798 = EDGE_LOOP('',(#1799,#1800,#1801,#1809));
#1799 = ORIENTED_EDGE('',*,*,#1535,.F.);
#1800 = ORIENTED_EDGE('',*,*,#1752,.T.);
#1801 = ORIENTED_EDGE('',*,*,#1802,.T.);
#1802 = EDGE_CURVE('',#1753,#1803,#1805,.T.);
#1803 = VERTEX_POINT('',#1804);
#1804 = CARTESIAN_POINT('',(-5.2683109304,1.7651819538,7.08));
#1805 = LINE('',#1806,#1807);
#1806 = CARTESIAN_POINT('',(-5.2683109304,-2.0108180462,7.08));
#1807 = VECTOR('',#1808,1.);
#1808 = DIRECTION('',(0.,1.,0.));
#1809 = ORIENTED_EDGE('',*,*,#1810,.F.);
#1810 = EDGE_CURVE('',#1536,#1803,#1811,.T.);
#1811 = LINE('',#1812,#1813);
#1812 = CARTESIAN_POINT('',(-5.2683109304,1.7651819538,2.36));
#1813 = VECTOR('',#1814,1.);
#1814 = DIRECTION('',(0.,0.,1.));
#1815 = PLANE('',#1816);
#1816 = AXIS2_PLACEMENT_3D('',#1817,#1818,#1819);
#1817 = CARTESIAN_POINT('',(-5.2683109304,-2.0108180462,2.36));
#1818 = DIRECTION('',(-1.,0.,0.));
#1819 = DIRECTION('',(0.,1.,0.));
#1820 = ADVANCED_FACE('',(#1821),#1839,.F.);
#1821 = FACE_BOUND('',#1822,.F.);
#1822 = EDGE_LOOP('',(#1823,#1824,#1832,#1838));
#1823 = ORIENTED_EDGE('',*,*,#1552,.F.);
#1824 = ORIENTED_EDGE('',*,*,#1825,.T.);
#1825 = EDGE_CURVE('',#1544,#1826,#1828,.T.);
#1826 = VERTEX_POINT('',#1827);
#1827 = CARTESIAN_POINT('',(-5.9763109304,2.4731819538,7.08));
#1828 = LINE('',#1829,#1830);
#1829 = CARTESIAN_POINT('',(-5.9763109304,2.4731819538,2.36));
#1830 = VECTOR('',#1831,1.);
#1831 = DIRECTION('',(0.,0.,1.));
#1832 = ORIENTED_EDGE('',*,*,#1833,.T.);
#1833 = EDGE_CURVE('',#1826,#1777,#1834,.T.);
#1834 = LINE('',#1835,#1836);
#1835 = CARTESIAN_POINT('',(-5.2683109304,2.4731819538,7.08));
#1836 = VECTOR('',#1837,1.);
#1837 = DIRECTION('',(-1.,1.7080354225E-16,0.));
#1838 = ORIENTED_EDGE('',*,*,#1776,.F.);
#1839 = PLANE('',#1840);
#1840 = AXIS2_PLACEMENT_3D('',#1841,#1842,#1843);
#1841 = CARTESIAN_POINT('',(-5.2683109304,2.4731819538,2.36));
#1842 = DIRECTION('',(-1.7080354225E-16,-1.,0.));
#1843 = DIRECTION('',(-1.,1.7080354225E-16,0.));
#1844 = ADVANCED_FACE('',(#1845),#1857,.T.);
#1845 = FACE_BOUND('',#1846,.T.);
#1846 = EDGE_LOOP('',(#1847,#1848,#1849,#1856));
#1847 = ORIENTED_EDGE('',*,*,#1543,.T.);
#1848 = ORIENTED_EDGE('',*,*,#1825,.T.);
#1849 = ORIENTED_EDGE('',*,*,#1850,.F.);
#1850 = EDGE_CURVE('',#1803,#1826,#1851,.T.);
#1851 = CIRCLE('',#1852,0.708);
#1852 = AXIS2_PLACEMENT_3D('',#1853,#1854,#1855);
#1853 = CARTESIAN_POINT('',(-5.9763109304,1.7651819538,7.08));
#1854 = DIRECTION('',(-0.,0.,1.));
#1855 = DIRECTION('',(0.,-1.,0.));
#1856 = ORIENTED_EDGE('',*,*,#1810,.F.);
#1857 = CYLINDRICAL_SURFACE('',#1858,0.708);
#1858 = AXIS2_PLACEMENT_3D('',#1859,#1860,#1861);
#1859 = CARTESIAN_POINT('',(-5.9763109304,1.7651819538,2.36));
#1860 = DIRECTION('',(0.,0.,1.));
#1861 = DIRECTION('',(1.,0.,0.));
#1862 = ADVANCED_FACE('',(#1863,#1871),#1879,.T.);
#1863 = FACE_BOUND('',#1864,.T.);
#1864 = EDGE_LOOP('',(#1865,#1866,#1867,#1868,#1869,#1870));
#1865 = ORIENTED_EDGE('',*,*,#1583,.F.);
#1866 = ORIENTED_EDGE('',*,*,#1638,.F.);
#1867 = ORIENTED_EDGE('',*,*,#1687,.F.);
#1868 = ORIENTED_EDGE('',*,*,#1704,.F.);
#1869 = ORIENTED_EDGE('',*,*,#1656,.F.);
#1870 = ORIENTED_EDGE('',*,*,#1614,.F.);
#1871 = FACE_BOUND('',#1872,.T.);
#1872 = EDGE_LOOP('',(#1873,#1874,#1875,#1876,#1877,#1878));
#1873 = ORIENTED_EDGE('',*,*,#1729,.T.);
#1874 = ORIENTED_EDGE('',*,*,#1760,.T.);
#1875 = ORIENTED_EDGE('',*,*,#1802,.T.);
#1876 = ORIENTED_EDGE('',*,*,#1850,.T.);
#1877 = ORIENTED_EDGE('',*,*,#1833,.T.);
#1878 = ORIENTED_EDGE('',*,*,#1784,.T.);
#1879 = PLANE('',#1880);
#1880 = AXIS2_PLACEMENT_3D('',#1881,#1882,#1883);
#1881 = CARTESIAN_POINT('',(-3.526772598173,0.467820267999,7.08));
#1882 = DIRECTION('',(0.,0.,1.));
#1883 = DIRECTION('',(1.,0.,0.));
#1884 = MANIFOLD_SOLID_BREP('',#1885);
#1885 = CLOSED_SHELL('',(#1886,#2062,#2093,#2118,#2142,#2166,#2190,#2215
    ,#2240,#2264,#2288,#2313,#2338,#2362,#2386,#2411,#2436,#2460,#2484,
    #2508,#2533,#2550));
#1886 = ADVANCED_FACE('',(#1887),#2057,.F.);
#1887 = FACE_BOUND('',#1888,.F.);
#1888 = EDGE_LOOP('',(#1889,#1899,#1907,#1915,#1924,#1932,#1941,#1949,
    #1958,#1966,#1975,#1983,#1991,#1999,#2008,#2016,#2025,#2033,#2042,
    #2050));
#1889 = ORIENTED_EDGE('',*,*,#1890,.F.);
#1890 = EDGE_CURVE('',#1891,#1893,#1895,.T.);
#1891 = VERTEX_POINT('',#1892);
#1892 = CARTESIAN_POINT('',(-2.91109304E-02,1.5645819538,2.36));
#1893 = VERTEX_POINT('',#1894);
#1894 = CARTESIAN_POINT('',(-1.7401109304,1.5645819538,2.36));
#1895 = LINE('',#1896,#1897);
#1896 = CARTESIAN_POINT('',(-2.91109304E-02,1.5645819538,2.36));
#1897 = VECTOR('',#1898,1.);
#1898 = DIRECTION('',(-1.,0.,0.));
#1899 = ORIENTED_EDGE('',*,*,#1900,.F.);
#1900 = EDGE_CURVE('',#1901,#1891,#1903,.T.);
#1901 = VERTEX_POINT('',#1902);
#1902 = CARTESIAN_POINT('',(-2.91109304E-02,2.4731819538,2.36));
#1903 = LINE('',#1904,#1905);
#1904 = CARTESIAN_POINT('',(-2.91109304E-02,2.4731819538,2.36));
#1905 = VECTOR('',#1906,1.);
#1906 = DIRECTION('',(0.,-1.,0.));
#1907 = ORIENTED_EDGE('',*,*,#1908,.F.);
#1908 = EDGE_CURVE('',#1909,#1901,#1911,.T.);
#1909 = VERTEX_POINT('',#1910);
#1910 = CARTESIAN_POINT('',(-2.3183109304,2.4731819538,2.36));
#1911 = LINE('',#1912,#1913);
#1912 = CARTESIAN_POINT('',(-3.0263109304,2.4731819538,2.36));
#1913 = VECTOR('',#1914,1.);
#1914 = DIRECTION('',(1.,0.,0.));
#1915 = ORIENTED_EDGE('',*,*,#1916,.T.);
#1916 = EDGE_CURVE('',#1909,#1917,#1919,.T.);
#1917 = VERTEX_POINT('',#1918);
#1918 = CARTESIAN_POINT('',(-3.0263109304,1.7651819538,2.36));
#1919 = CIRCLE('',#1920,0.708);
#1920 = AXIS2_PLACEMENT_3D('',#1921,#1922,#1923);
#1921 = CARTESIAN_POINT('',(-2.3183109304,1.7651819538,2.36));
#1922 = DIRECTION('',(-0.,0.,1.));
#1923 = DIRECTION('',(0.,-1.,0.));
#1924 = ORIENTED_EDGE('',*,*,#1925,.F.);
#1925 = EDGE_CURVE('',#1926,#1917,#1928,.T.);
#1926 = VERTEX_POINT('',#1927);
#1927 = CARTESIAN_POINT('',(-3.0263109304,0.4671819538,2.36));
#1928 = LINE('',#1929,#1930);
#1929 = CARTESIAN_POINT('',(-3.0263109304,-0.2408180462,2.36));
#1930 = VECTOR('',#1931,1.);
#1931 = DIRECTION('',(0.,1.,0.));
#1932 = ORIENTED_EDGE('',*,*,#1933,.F.);
#1933 = EDGE_CURVE('',#1934,#1926,#1936,.T.);
#1934 = VERTEX_POINT('',#1935);
#1935 = CARTESIAN_POINT('',(-2.3183109304,-0.2408180462,2.36));
#1936 = CIRCLE('',#1937,0.708);
#1937 = AXIS2_PLACEMENT_3D('',#1938,#1939,#1940);
#1938 = CARTESIAN_POINT('',(-2.3183109304,0.4671819538,2.36));
#1939 = DIRECTION('',(-0.,-0.,-1.));
#1940 = DIRECTION('',(0.,-1.,0.));
#1941 = ORIENTED_EDGE('',*,*,#1942,.F.);
#1942 = EDGE_CURVE('',#1943,#1934,#1945,.T.);
#1943 = VERTEX_POINT('',#1944);
#1944 = CARTESIAN_POINT('',(-1.3153109304,-0.2408180462,2.36));
#1945 = LINE('',#1946,#1947);
#1946 = CARTESIAN_POINT('',(-0.9613109304,-0.2408180462,2.36));
#1947 = VECTOR('',#1948,1.);
#1948 = DIRECTION('',(-1.,0.,0.));
#1949 = ORIENTED_EDGE('',*,*,#1950,.T.);
#1950 = EDGE_CURVE('',#1943,#1951,#1953,.T.);
#1951 = VERTEX_POINT('',#1952);
#1952 = CARTESIAN_POINT('',(-0.9613109304,-0.5948180462,2.36));
#1953 = CIRCLE('',#1954,0.354);
#1954 = AXIS2_PLACEMENT_3D('',#1955,#1956,#1957);
#1955 = CARTESIAN_POINT('',(-1.3153109304,-0.5948180462,2.36));
#1956 = DIRECTION('',(-0.,-0.,-1.));
#1957 = DIRECTION('',(0.,-1.,0.));
#1958 = ORIENTED_EDGE('',*,*,#1959,.F.);
#1959 = EDGE_CURVE('',#1960,#1951,#1962,.T.);
#1960 = VERTEX_POINT('',#1961);
#1961 = CARTESIAN_POINT('',(-0.9613109304,-0.7128180462,2.36));
#1962 = LINE('',#1963,#1964);
#1963 = CARTESIAN_POINT('',(-0.9613109304,-1.0668180462,2.36));
#1964 = VECTOR('',#1965,1.);
#1965 = DIRECTION('',(0.,1.,0.));
#1966 = ORIENTED_EDGE('',*,*,#1967,.T.);
#1967 = EDGE_CURVE('',#1960,#1968,#1970,.T.);
#1968 = VERTEX_POINT('',#1969);
#1969 = CARTESIAN_POINT('',(-1.3153109304,-1.0668180462,2.36));
#1970 = CIRCLE('',#1971,0.354);
#1971 = AXIS2_PLACEMENT_3D('',#1972,#1973,#1974);
#1972 = CARTESIAN_POINT('',(-1.3153109304,-0.7128180462,2.36));
#1973 = DIRECTION('',(-0.,-0.,-1.));
#1974 = DIRECTION('',(0.,-1.,0.));
#1975 = ORIENTED_EDGE('',*,*,#1976,.F.);
#1976 = EDGE_CURVE('',#1977,#1968,#1979,.T.);
#1977 = VERTEX_POINT('',#1978);
#1978 = CARTESIAN_POINT('',(-3.0263109304,-1.0668180462,2.36));
#1979 = LINE('',#1980,#1981);
#1980 = CARTESIAN_POINT('',(-3.0263109304,-1.0668180462,2.36));
#1981 = VECTOR('',#1982,1.);
#1982 = DIRECTION('',(1.,0.,0.));
#1983 = ORIENTED_EDGE('',*,*,#1984,.F.);
#1984 = EDGE_CURVE('',#1985,#1977,#1987,.T.);
#1985 = VERTEX_POINT('',#1986);
#1986 = CARTESIAN_POINT('',(-3.0263109304,-2.0108180462,2.36));
#1987 = LINE('',#1988,#1989);
#1988 = CARTESIAN_POINT('',(-3.0263109304,-2.0108180462,2.36));
#1989 = VECTOR('',#1990,1.);
#1990 = DIRECTION('',(0.,1.,0.));
#1991 = ORIENTED_EDGE('',*,*,#1992,.F.);
#1992 = EDGE_CURVE('',#1993,#1985,#1995,.T.);
#1993 = VERTEX_POINT('',#1994);
#1994 = CARTESIAN_POINT('',(-0.7371109304,-2.0108180462,2.36));
#1995 = LINE('',#1996,#1997);
#1996 = CARTESIAN_POINT('',(-2.91109304E-02,-2.0108180462,2.36));
#1997 = VECTOR('',#1998,1.);
#1998 = DIRECTION('',(-1.,0.,0.));
#1999 = ORIENTED_EDGE('',*,*,#2000,.F.);
#2000 = EDGE_CURVE('',#2001,#1993,#2003,.T.);
#2001 = VERTEX_POINT('',#2002);
#2002 = CARTESIAN_POINT('',(-2.91109304E-02,-1.3028180462,2.36));
#2003 = CIRCLE('',#2004,0.708);
#2004 = AXIS2_PLACEMENT_3D('',#2005,#2006,#2007);
#2005 = CARTESIAN_POINT('',(-0.7371109304,-1.3028180462,2.36));
#2006 = DIRECTION('',(-0.,-0.,-1.));
#2007 = DIRECTION('',(0.,-1.,0.));
#2008 = ORIENTED_EDGE('',*,*,#2009,.F.);
#2009 = EDGE_CURVE('',#2010,#2001,#2012,.T.);
#2010 = VERTEX_POINT('',#2011);
#2011 = CARTESIAN_POINT('',(-2.91109304E-02,3.05819538E-02,2.36));
#2012 = LINE('',#2013,#2014);
#2013 = CARTESIAN_POINT('',(-2.91109304E-02,0.7385819538,2.36));
#2014 = VECTOR('',#2015,1.);
#2015 = DIRECTION('',(0.,-1.,0.));
#2016 = ORIENTED_EDGE('',*,*,#2017,.F.);
#2017 = EDGE_CURVE('',#2018,#2010,#2020,.T.);
#2018 = VERTEX_POINT('',#2019);
#2019 = CARTESIAN_POINT('',(-0.7371109304,0.7385819538,2.36));
#2020 = CIRCLE('',#2021,0.708);
#2021 = AXIS2_PLACEMENT_3D('',#2022,#2023,#2024);
#2022 = CARTESIAN_POINT('',(-0.7371109304,3.05819538E-02,2.36));
#2023 = DIRECTION('',(-0.,-0.,-1.));
#2024 = DIRECTION('',(0.,-1.,0.));
#2025 = ORIENTED_EDGE('',*,*,#2026,.F.);
#2026 = EDGE_CURVE('',#2027,#2018,#2029,.T.);
#2027 = VERTEX_POINT('',#2028);
#2028 = CARTESIAN_POINT('',(-1.7401109304,0.7385819538,2.36));
#2029 = LINE('',#2030,#2031);
#2030 = CARTESIAN_POINT('',(-2.0941109304,0.7385819538,2.36));
#2031 = VECTOR('',#2032,1.);
#2032 = DIRECTION('',(1.,0.,0.));
#2033 = ORIENTED_EDGE('',*,*,#2034,.F.);
#2034 = EDGE_CURVE('',#2035,#2027,#2037,.T.);
#2035 = VERTEX_POINT('',#2036);
#2036 = CARTESIAN_POINT('',(-2.0941109304,1.0925819538,2.36));
#2037 = CIRCLE('',#2038,0.354);
#2038 = AXIS2_PLACEMENT_3D('',#2039,#2040,#2041);
#2039 = CARTESIAN_POINT('',(-1.7401109304,1.0925819538,2.36));
#2040 = DIRECTION('',(-0.,0.,1.));
#2041 = DIRECTION('',(0.,-1.,0.));
#2042 = ORIENTED_EDGE('',*,*,#2043,.F.);
#2043 = EDGE_CURVE('',#2044,#2035,#2046,.T.);
#2044 = VERTEX_POINT('',#2045);
#2045 = CARTESIAN_POINT('',(-2.0941109304,1.2105819538,2.36));
#2046 = LINE('',#2047,#2048);
#2047 = CARTESIAN_POINT('',(-2.0941109304,1.5645819538,2.36));
#2048 = VECTOR('',#2049,1.);
#2049 = DIRECTION('',(0.,-1.,0.));
#2050 = ORIENTED_EDGE('',*,*,#2051,.F.);
#2051 = EDGE_CURVE('',#1893,#2044,#2052,.T.);
#2052 = CIRCLE('',#2053,0.354);
#2053 = AXIS2_PLACEMENT_3D('',#2054,#2055,#2056);
#2054 = CARTESIAN_POINT('',(-1.7401109304,1.2105819538,2.36));
#2055 = DIRECTION('',(-0.,0.,1.));
#2056 = DIRECTION('',(0.,-1.,0.));
#2057 = PLANE('',#2058);
#2058 = AXIS2_PLACEMENT_3D('',#2059,#2060,#2061);
#2059 = CARTESIAN_POINT('',(-3.526772598173,0.467820267999,2.36));
#2060 = DIRECTION('',(0.,0.,1.));
#2061 = DIRECTION('',(1.,0.,0.));
#2062 = ADVANCED_FACE('',(#2063),#2088,.T.);
#2063 = FACE_BOUND('',#2064,.T.);
#2064 = EDGE_LOOP('',(#2065,#2066,#2074,#2082));
#2065 = ORIENTED_EDGE('',*,*,#1890,.F.);
#2066 = ORIENTED_EDGE('',*,*,#2067,.T.);
#2067 = EDGE_CURVE('',#1891,#2068,#2070,.T.);
#2068 = VERTEX_POINT('',#2069);
#2069 = CARTESIAN_POINT('',(-2.91109304E-02,1.5645819538,7.08));
#2070 = LINE('',#2071,#2072);
#2071 = CARTESIAN_POINT('',(-2.91109304E-02,1.5645819538,2.36));
#2072 = VECTOR('',#2073,1.);
#2073 = DIRECTION('',(0.,0.,1.));
#2074 = ORIENTED_EDGE('',*,*,#2075,.T.);
#2075 = EDGE_CURVE('',#2068,#2076,#2078,.T.);
#2076 = VERTEX_POINT('',#2077);
#2077 = CARTESIAN_POINT('',(-1.7401109304,1.5645819538,7.08));
#2078 = LINE('',#2079,#2080);
#2079 = CARTESIAN_POINT('',(-2.91109304E-02,1.5645819538,7.08));
#2080 = VECTOR('',#2081,1.);
#2081 = DIRECTION('',(-1.,0.,0.));
#2082 = ORIENTED_EDGE('',*,*,#2083,.F.);
#2083 = EDGE_CURVE('',#1893,#2076,#2084,.T.);
#2084 = LINE('',#2085,#2086);
#2085 = CARTESIAN_POINT('',(-1.7401109304,1.5645819538,2.36));
#2086 = VECTOR('',#2087,1.);
#2087 = DIRECTION('',(0.,0.,1.));
#2088 = PLANE('',#2089);
#2089 = AXIS2_PLACEMENT_3D('',#2090,#2091,#2092);
#2090 = CARTESIAN_POINT('',(-2.91109304E-02,1.5645819538,2.36));
#2091 = DIRECTION('',(0.,-1.,0.));
#2092 = DIRECTION('',(-1.,0.,0.));
#2093 = ADVANCED_FACE('',(#2094),#2113,.F.);
#2094 = FACE_BOUND('',#2095,.F.);
#2095 = EDGE_LOOP('',(#2096,#2097,#2105,#2112));
#2096 = ORIENTED_EDGE('',*,*,#2051,.T.);
#2097 = ORIENTED_EDGE('',*,*,#2098,.T.);
#2098 = EDGE_CURVE('',#2044,#2099,#2101,.T.);
#2099 = VERTEX_POINT('',#2100);
#2100 = CARTESIAN_POINT('',(-2.0941109304,1.2105819538,7.08));
#2101 = LINE('',#2102,#2103);
#2102 = CARTESIAN_POINT('',(-2.0941109304,1.2105819538,2.36));
#2103 = VECTOR('',#2104,1.);
#2104 = DIRECTION('',(0.,0.,1.));
#2105 = ORIENTED_EDGE('',*,*,#2106,.F.);
#2106 = EDGE_CURVE('',#2076,#2099,#2107,.T.);
#2107 = CIRCLE('',#2108,0.354);
#2108 = AXIS2_PLACEMENT_3D('',#2109,#2110,#2111);
#2109 = CARTESIAN_POINT('',(-1.7401109304,1.2105819538,7.08));
#2110 = DIRECTION('',(-0.,0.,1.));
#2111 = DIRECTION('',(0.,-1.,0.));
#2112 = ORIENTED_EDGE('',*,*,#2083,.F.);
#2113 = CYLINDRICAL_SURFACE('',#2114,0.354);
#2114 = AXIS2_PLACEMENT_3D('',#2115,#2116,#2117);
#2115 = CARTESIAN_POINT('',(-1.7401109304,1.2105819538,2.36));
#2116 = DIRECTION('',(0.,0.,1.));
#2117 = DIRECTION('',(0.,1.,0.));
#2118 = ADVANCED_FACE('',(#2119),#2137,.T.);
#2119 = FACE_BOUND('',#2120,.T.);
#2120 = EDGE_LOOP('',(#2121,#2129,#2135,#2136));
#2121 = ORIENTED_EDGE('',*,*,#2122,.T.);
#2122 = EDGE_CURVE('',#1901,#2123,#2125,.T.);
#2123 = VERTEX_POINT('',#2124);
#2124 = CARTESIAN_POINT('',(-2.91109304E-02,2.4731819538,7.08));
#2125 = LINE('',#2126,#2127);
#2126 = CARTESIAN_POINT('',(-2.91109304E-02,2.4731819538,2.36));
#2127 = VECTOR('',#2128,1.);
#2128 = DIRECTION('',(0.,0.,1.));
#2129 = ORIENTED_EDGE('',*,*,#2130,.T.);
#2130 = EDGE_CURVE('',#2123,#2068,#2131,.T.);
#2131 = LINE('',#2132,#2133);
#2132 = CARTESIAN_POINT('',(-2.91109304E-02,2.4731819538,7.08));
#2133 = VECTOR('',#2134,1.);
#2134 = DIRECTION('',(0.,-1.,0.));
#2135 = ORIENTED_EDGE('',*,*,#2067,.F.);
#2136 = ORIENTED_EDGE('',*,*,#1900,.F.);
#2137 = PLANE('',#2138);
#2138 = AXIS2_PLACEMENT_3D('',#2139,#2140,#2141);
#2139 = CARTESIAN_POINT('',(-2.91109304E-02,2.4731819538,2.36));
#2140 = DIRECTION('',(1.,0.,0.));
#2141 = DIRECTION('',(0.,-1.,0.));
#2142 = ADVANCED_FACE('',(#2143),#2161,.T.);
#2143 = FACE_BOUND('',#2144,.T.);
#2144 = EDGE_LOOP('',(#2145,#2146,#2147,#2155));
#2145 = ORIENTED_EDGE('',*,*,#2043,.F.);
#2146 = ORIENTED_EDGE('',*,*,#2098,.T.);
#2147 = ORIENTED_EDGE('',*,*,#2148,.T.);
#2148 = EDGE_CURVE('',#2099,#2149,#2151,.T.);
#2149 = VERTEX_POINT('',#2150);
#2150 = CARTESIAN_POINT('',(-2.0941109304,1.0925819538,7.08));
#2151 = LINE('',#2152,#2153);
#2152 = CARTESIAN_POINT('',(-2.0941109304,1.5645819538,7.08));
#2153 = VECTOR('',#2154,1.);
#2154 = DIRECTION('',(0.,-1.,0.));
#2155 = ORIENTED_EDGE('',*,*,#2156,.F.);
#2156 = EDGE_CURVE('',#2035,#2149,#2157,.T.);
#2157 = LINE('',#2158,#2159);
#2158 = CARTESIAN_POINT('',(-2.0941109304,1.0925819538,2.36));
#2159 = VECTOR('',#2160,1.);
#2160 = DIRECTION('',(0.,0.,1.));
#2161 = PLANE('',#2162);
#2162 = AXIS2_PLACEMENT_3D('',#2163,#2164,#2165);
#2163 = CARTESIAN_POINT('',(-2.0941109304,1.5645819538,2.36));
#2164 = DIRECTION('',(1.,0.,0.));
#2165 = DIRECTION('',(0.,-1.,0.));
#2166 = ADVANCED_FACE('',(#2167),#2185,.T.);
#2167 = FACE_BOUND('',#2168,.T.);
#2168 = EDGE_LOOP('',(#2169,#2170,#2178,#2184));
#2169 = ORIENTED_EDGE('',*,*,#1908,.F.);
#2170 = ORIENTED_EDGE('',*,*,#2171,.T.);
#2171 = EDGE_CURVE('',#1909,#2172,#2174,.T.);
#2172 = VERTEX_POINT('',#2173);
#2173 = CARTESIAN_POINT('',(-2.3183109304,2.4731819538,7.08));
#2174 = LINE('',#2175,#2176);
#2175 = CARTESIAN_POINT('',(-2.3183109304,2.4731819538,2.36));
#2176 = VECTOR('',#2177,1.);
#2177 = DIRECTION('',(0.,0.,1.));
#2178 = ORIENTED_EDGE('',*,*,#2179,.T.);
#2179 = EDGE_CURVE('',#2172,#2123,#2180,.T.);
#2180 = LINE('',#2181,#2182);
#2181 = CARTESIAN_POINT('',(-3.0263109304,2.4731819538,7.08));
#2182 = VECTOR('',#2183,1.);
#2183 = DIRECTION('',(1.,0.,0.));
#2184 = ORIENTED_EDGE('',*,*,#2122,.F.);
#2185 = PLANE('',#2186);
#2186 = AXIS2_PLACEMENT_3D('',#2187,#2188,#2189);
#2187 = CARTESIAN_POINT('',(-3.0263109304,2.4731819538,2.36));
#2188 = DIRECTION('',(0.,1.,0.));
#2189 = DIRECTION('',(1.,0.,0.));
#2190 = ADVANCED_FACE('',(#2191),#2210,.F.);
#2191 = FACE_BOUND('',#2192,.F.);
#2192 = EDGE_LOOP('',(#2193,#2194,#2202,#2209));
#2193 = ORIENTED_EDGE('',*,*,#2034,.T.);
#2194 = ORIENTED_EDGE('',*,*,#2195,.T.);
#2195 = EDGE_CURVE('',#2027,#2196,#2198,.T.);
#2196 = VERTEX_POINT('',#2197);
#2197 = CARTESIAN_POINT('',(-1.7401109304,0.7385819538,7.08));
#2198 = LINE('',#2199,#2200);
#2199 = CARTESIAN_POINT('',(-1.7401109304,0.7385819538,2.36));
#2200 = VECTOR('',#2201,1.);
#2201 = DIRECTION('',(0.,0.,1.));
#2202 = ORIENTED_EDGE('',*,*,#2203,.F.);
#2203 = EDGE_CURVE('',#2149,#2196,#2204,.T.);
#2204 = CIRCLE('',#2205,0.354);
#2205 = AXIS2_PLACEMENT_3D('',#2206,#2207,#2208);
#2206 = CARTESIAN_POINT('',(-1.7401109304,1.0925819538,7.08));
#2207 = DIRECTION('',(-0.,0.,1.));
#2208 = DIRECTION('',(0.,-1.,0.));
#2209 = ORIENTED_EDGE('',*,*,#2156,.F.);
#2210 = CYLINDRICAL_SURFACE('',#2211,0.354);
#2211 = AXIS2_PLACEMENT_3D('',#2212,#2213,#2214);
#2212 = CARTESIAN_POINT('',(-1.7401109304,1.0925819538,2.36));
#2213 = DIRECTION('',(0.,0.,1.));
#2214 = DIRECTION('',(-1.,0.,0.));
#2215 = ADVANCED_FACE('',(#2216),#2235,.T.);
#2216 = FACE_BOUND('',#2217,.T.);
#2217 = EDGE_LOOP('',(#2218,#2219,#2227,#2234));
#2218 = ORIENTED_EDGE('',*,*,#1916,.T.);
#2219 = ORIENTED_EDGE('',*,*,#2220,.T.);
#2220 = EDGE_CURVE('',#1917,#2221,#2223,.T.);
#2221 = VERTEX_POINT('',#2222);
#2222 = CARTESIAN_POINT('',(-3.0263109304,1.7651819538,7.08));
#2223 = LINE('',#2224,#2225);
#2224 = CARTESIAN_POINT('',(-3.0263109304,1.7651819538,2.36));
#2225 = VECTOR('',#2226,1.);
#2226 = DIRECTION('',(0.,0.,1.));
#2227 = ORIENTED_EDGE('',*,*,#2228,.F.);
#2228 = EDGE_CURVE('',#2172,#2221,#2229,.T.);
#2229 = CIRCLE('',#2230,0.708);
#2230 = AXIS2_PLACEMENT_3D('',#2231,#2232,#2233);
#2231 = CARTESIAN_POINT('',(-2.3183109304,1.7651819538,7.08));
#2232 = DIRECTION('',(-0.,0.,1.));
#2233 = DIRECTION('',(0.,-1.,0.));
#2234 = ORIENTED_EDGE('',*,*,#2171,.F.);
#2235 = CYLINDRICAL_SURFACE('',#2236,0.708);
#2236 = AXIS2_PLACEMENT_3D('',#2237,#2238,#2239);
#2237 = CARTESIAN_POINT('',(-2.3183109304,1.7651819538,2.36));
#2238 = DIRECTION('',(0.,0.,1.));
#2239 = DIRECTION('',(0.,1.,0.));
#2240 = ADVANCED_FACE('',(#2241),#2259,.T.);
#2241 = FACE_BOUND('',#2242,.T.);
#2242 = EDGE_LOOP('',(#2243,#2244,#2245,#2253));
#2243 = ORIENTED_EDGE('',*,*,#2026,.F.);
#2244 = ORIENTED_EDGE('',*,*,#2195,.T.);
#2245 = ORIENTED_EDGE('',*,*,#2246,.T.);
#2246 = EDGE_CURVE('',#2196,#2247,#2249,.T.);
#2247 = VERTEX_POINT('',#2248);
#2248 = CARTESIAN_POINT('',(-0.7371109304,0.7385819538,7.08));
#2249 = LINE('',#2250,#2251);
#2250 = CARTESIAN_POINT('',(-2.0941109304,0.7385819538,7.08));
#2251 = VECTOR('',#2252,1.);
#2252 = DIRECTION('',(1.,0.,0.));
#2253 = ORIENTED_EDGE('',*,*,#2254,.F.);
#2254 = EDGE_CURVE('',#2018,#2247,#2255,.T.);
#2255 = LINE('',#2256,#2257);
#2256 = CARTESIAN_POINT('',(-0.7371109304,0.7385819538,2.36));
#2257 = VECTOR('',#2258,1.);
#2258 = DIRECTION('',(0.,0.,1.));
#2259 = PLANE('',#2260);
#2260 = AXIS2_PLACEMENT_3D('',#2261,#2262,#2263);
#2261 = CARTESIAN_POINT('',(-2.0941109304,0.7385819538,2.36));
#2262 = DIRECTION('',(0.,1.,0.));
#2263 = DIRECTION('',(1.,0.,0.));
#2264 = ADVANCED_FACE('',(#2265),#2283,.T.);
#2265 = FACE_BOUND('',#2266,.T.);
#2266 = EDGE_LOOP('',(#2267,#2268,#2276,#2282));
#2267 = ORIENTED_EDGE('',*,*,#1925,.F.);
#2268 = ORIENTED_EDGE('',*,*,#2269,.T.);
#2269 = EDGE_CURVE('',#1926,#2270,#2272,.T.);
#2270 = VERTEX_POINT('',#2271);
#2271 = CARTESIAN_POINT('',(-3.0263109304,0.4671819538,7.08));
#2272 = LINE('',#2273,#2274);
#2273 = CARTESIAN_POINT('',(-3.0263109304,0.4671819538,2.36));
#2274 = VECTOR('',#2275,1.);
#2275 = DIRECTION('',(0.,0.,1.));
#2276 = ORIENTED_EDGE('',*,*,#2277,.T.);
#2277 = EDGE_CURVE('',#2270,#2221,#2278,.T.);
#2278 = LINE('',#2279,#2280);
#2279 = CARTESIAN_POINT('',(-3.0263109304,-0.2408180462,7.08));
#2280 = VECTOR('',#2281,1.);
#2281 = DIRECTION('',(0.,1.,0.));
#2282 = ORIENTED_EDGE('',*,*,#2220,.F.);
#2283 = PLANE('',#2284);
#2284 = AXIS2_PLACEMENT_3D('',#2285,#2286,#2287);
#2285 = CARTESIAN_POINT('',(-3.0263109304,-0.2408180462,2.36));
#2286 = DIRECTION('',(-1.,0.,0.));
#2287 = DIRECTION('',(0.,1.,0.));
#2288 = ADVANCED_FACE('',(#2289),#2308,.T.);
#2289 = FACE_BOUND('',#2290,.F.);
#2290 = EDGE_LOOP('',(#2291,#2292,#2300,#2307));
#2291 = ORIENTED_EDGE('',*,*,#2017,.T.);
#2292 = ORIENTED_EDGE('',*,*,#2293,.T.);
#2293 = EDGE_CURVE('',#2010,#2294,#2296,.T.);
#2294 = VERTEX_POINT('',#2295);
#2295 = CARTESIAN_POINT('',(-2.91109304E-02,3.05819538E-02,7.08));
#2296 = LINE('',#2297,#2298);
#2297 = CARTESIAN_POINT('',(-2.91109304E-02,3.05819538E-02,2.36));
#2298 = VECTOR('',#2299,1.);
#2299 = DIRECTION('',(0.,0.,1.));
#2300 = ORIENTED_EDGE('',*,*,#2301,.F.);
#2301 = EDGE_CURVE('',#2247,#2294,#2302,.T.);
#2302 = CIRCLE('',#2303,0.708);
#2303 = AXIS2_PLACEMENT_3D('',#2304,#2305,#2306);
#2304 = CARTESIAN_POINT('',(-0.7371109304,3.05819538E-02,7.08));
#2305 = DIRECTION('',(-0.,-0.,-1.));
#2306 = DIRECTION('',(0.,-1.,0.));
#2307 = ORIENTED_EDGE('',*,*,#2254,.F.);
#2308 = CYLINDRICAL_SURFACE('',#2309,0.708);
#2309 = AXIS2_PLACEMENT_3D('',#2310,#2311,#2312);
#2310 = CARTESIAN_POINT('',(-0.7371109304,3.05819538E-02,2.36));
#2311 = DIRECTION('',(0.,0.,1.));
#2312 = DIRECTION('',(0.,1.,0.));
#2313 = ADVANCED_FACE('',(#2314),#2333,.T.);
#2314 = FACE_BOUND('',#2315,.F.);
#2315 = EDGE_LOOP('',(#2316,#2317,#2318,#2327));
#2316 = ORIENTED_EDGE('',*,*,#1933,.T.);
#2317 = ORIENTED_EDGE('',*,*,#2269,.T.);
#2318 = ORIENTED_EDGE('',*,*,#2319,.F.);
#2319 = EDGE_CURVE('',#2320,#2270,#2322,.T.);
#2320 = VERTEX_POINT('',#2321);
#2321 = CARTESIAN_POINT('',(-2.3183109304,-0.2408180462,7.08));
#2322 = CIRCLE('',#2323,0.708);
#2323 = AXIS2_PLACEMENT_3D('',#2324,#2325,#2326);
#2324 = CARTESIAN_POINT('',(-2.3183109304,0.4671819538,7.08));
#2325 = DIRECTION('',(-0.,-0.,-1.));
#2326 = DIRECTION('',(0.,-1.,0.));
#2327 = ORIENTED_EDGE('',*,*,#2328,.F.);
#2328 = EDGE_CURVE('',#1934,#2320,#2329,.T.);
#2329 = LINE('',#2330,#2331);
#2330 = CARTESIAN_POINT('',(-2.3183109304,-0.2408180462,2.36));
#2331 = VECTOR('',#2332,1.);
#2332 = DIRECTION('',(0.,0.,1.));
#2333 = CYLINDRICAL_SURFACE('',#2334,0.708);
#2334 = AXIS2_PLACEMENT_3D('',#2335,#2336,#2337);
#2335 = CARTESIAN_POINT('',(-2.3183109304,0.4671819538,2.36));
#2336 = DIRECTION('',(0.,0.,1.));
#2337 = DIRECTION('',(0.,-1.,0.));
#2338 = ADVANCED_FACE('',(#2339),#2357,.T.);
#2339 = FACE_BOUND('',#2340,.T.);
#2340 = EDGE_LOOP('',(#2341,#2342,#2343,#2351));
#2341 = ORIENTED_EDGE('',*,*,#2009,.F.);
#2342 = ORIENTED_EDGE('',*,*,#2293,.T.);
#2343 = ORIENTED_EDGE('',*,*,#2344,.T.);
#2344 = EDGE_CURVE('',#2294,#2345,#2347,.T.);
#2345 = VERTEX_POINT('',#2346);
#2346 = CARTESIAN_POINT('',(-2.91109304E-02,-1.3028180462,7.08));
#2347 = LINE('',#2348,#2349);
#2348 = CARTESIAN_POINT('',(-2.91109304E-02,0.7385819538,7.08));
#2349 = VECTOR('',#2350,1.);
#2350 = DIRECTION('',(0.,-1.,0.));
#2351 = ORIENTED_EDGE('',*,*,#2352,.F.);
#2352 = EDGE_CURVE('',#2001,#2345,#2353,.T.);
#2353 = LINE('',#2354,#2355);
#2354 = CARTESIAN_POINT('',(-2.91109304E-02,-1.3028180462,2.36));
#2355 = VECTOR('',#2356,1.);
#2356 = DIRECTION('',(0.,0.,1.));
#2357 = PLANE('',#2358);
#2358 = AXIS2_PLACEMENT_3D('',#2359,#2360,#2361);
#2359 = CARTESIAN_POINT('',(-2.91109304E-02,0.7385819538,2.36));
#2360 = DIRECTION('',(1.,0.,0.));
#2361 = DIRECTION('',(0.,-1.,0.));
#2362 = ADVANCED_FACE('',(#2363),#2381,.T.);
#2363 = FACE_BOUND('',#2364,.T.);
#2364 = EDGE_LOOP('',(#2365,#2366,#2374,#2380));
#2365 = ORIENTED_EDGE('',*,*,#1942,.F.);
#2366 = ORIENTED_EDGE('',*,*,#2367,.T.);
#2367 = EDGE_CURVE('',#1943,#2368,#2370,.T.);
#2368 = VERTEX_POINT('',#2369);
#2369 = CARTESIAN_POINT('',(-1.3153109304,-0.2408180462,7.08));
#2370 = LINE('',#2371,#2372);
#2371 = CARTESIAN_POINT('',(-1.3153109304,-0.2408180462,2.36));
#2372 = VECTOR('',#2373,1.);
#2373 = DIRECTION('',(0.,0.,1.));
#2374 = ORIENTED_EDGE('',*,*,#2375,.T.);
#2375 = EDGE_CURVE('',#2368,#2320,#2376,.T.);
#2376 = LINE('',#2377,#2378);
#2377 = CARTESIAN_POINT('',(-0.9613109304,-0.2408180462,7.08));
#2378 = VECTOR('',#2379,1.);
#2379 = DIRECTION('',(-1.,0.,0.));
#2380 = ORIENTED_EDGE('',*,*,#2328,.F.);
#2381 = PLANE('',#2382);
#2382 = AXIS2_PLACEMENT_3D('',#2383,#2384,#2385);
#2383 = CARTESIAN_POINT('',(-0.9613109304,-0.2408180462,2.36));
#2384 = DIRECTION('',(0.,-1.,0.));
#2385 = DIRECTION('',(-1.,0.,0.));
#2386 = ADVANCED_FACE('',(#2387),#2406,.T.);
#2387 = FACE_BOUND('',#2388,.F.);
#2388 = EDGE_LOOP('',(#2389,#2390,#2398,#2405));
#2389 = ORIENTED_EDGE('',*,*,#2000,.T.);
#2390 = ORIENTED_EDGE('',*,*,#2391,.T.);
#2391 = EDGE_CURVE('',#1993,#2392,#2394,.T.);
#2392 = VERTEX_POINT('',#2393);
#2393 = CARTESIAN_POINT('',(-0.7371109304,-2.0108180462,7.08));
#2394 = LINE('',#2395,#2396);
#2395 = CARTESIAN_POINT('',(-0.7371109304,-2.0108180462,2.36));
#2396 = VECTOR('',#2397,1.);
#2397 = DIRECTION('',(0.,0.,1.));
#2398 = ORIENTED_EDGE('',*,*,#2399,.F.);
#2399 = EDGE_CURVE('',#2345,#2392,#2400,.T.);
#2400 = CIRCLE('',#2401,0.708);
#2401 = AXIS2_PLACEMENT_3D('',#2402,#2403,#2404);
#2402 = CARTESIAN_POINT('',(-0.7371109304,-1.3028180462,7.08));
#2403 = DIRECTION('',(-0.,-0.,-1.));
#2404 = DIRECTION('',(0.,-1.,0.));
#2405 = ORIENTED_EDGE('',*,*,#2352,.F.);
#2406 = CYLINDRICAL_SURFACE('',#2407,0.708);
#2407 = AXIS2_PLACEMENT_3D('',#2408,#2409,#2410);
#2408 = CARTESIAN_POINT('',(-0.7371109304,-1.3028180462,2.36));
#2409 = DIRECTION('',(0.,0.,1.));
#2410 = DIRECTION('',(1.,0.,0.));
#2411 = ADVANCED_FACE('',(#2412),#2431,.F.);
#2412 = FACE_BOUND('',#2413,.T.);
#2413 = EDGE_LOOP('',(#2414,#2415,#2423,#2430));
#2414 = ORIENTED_EDGE('',*,*,#1950,.T.);
#2415 = ORIENTED_EDGE('',*,*,#2416,.T.);
#2416 = EDGE_CURVE('',#1951,#2417,#2419,.T.);
#2417 = VERTEX_POINT('',#2418);
#2418 = CARTESIAN_POINT('',(-0.9613109304,-0.5948180462,7.08));
#2419 = LINE('',#2420,#2421);
#2420 = CARTESIAN_POINT('',(-0.9613109304,-0.5948180462,2.36));
#2421 = VECTOR('',#2422,1.);
#2422 = DIRECTION('',(0.,0.,1.));
#2423 = ORIENTED_EDGE('',*,*,#2424,.F.);
#2424 = EDGE_CURVE('',#2368,#2417,#2425,.T.);
#2425 = CIRCLE('',#2426,0.354);
#2426 = AXIS2_PLACEMENT_3D('',#2427,#2428,#2429);
#2427 = CARTESIAN_POINT('',(-1.3153109304,-0.5948180462,7.08));
#2428 = DIRECTION('',(-0.,-0.,-1.));
#2429 = DIRECTION('',(0.,-1.,0.));
#2430 = ORIENTED_EDGE('',*,*,#2367,.F.);
#2431 = CYLINDRICAL_SURFACE('',#2432,0.354);
#2432 = AXIS2_PLACEMENT_3D('',#2433,#2434,#2435);
#2433 = CARTESIAN_POINT('',(-1.3153109304,-0.5948180462,2.36));
#2434 = DIRECTION('',(0.,0.,1.));
#2435 = DIRECTION('',(0.,1.,0.));
#2436 = ADVANCED_FACE('',(#2437),#2455,.T.);
#2437 = FACE_BOUND('',#2438,.T.);
#2438 = EDGE_LOOP('',(#2439,#2440,#2441,#2449));
#2439 = ORIENTED_EDGE('',*,*,#1992,.F.);
#2440 = ORIENTED_EDGE('',*,*,#2391,.T.);
#2441 = ORIENTED_EDGE('',*,*,#2442,.T.);
#2442 = EDGE_CURVE('',#2392,#2443,#2445,.T.);
#2443 = VERTEX_POINT('',#2444);
#2444 = CARTESIAN_POINT('',(-3.0263109304,-2.0108180462,7.08));
#2445 = LINE('',#2446,#2447);
#2446 = CARTESIAN_POINT('',(-2.91109304E-02,-2.0108180462,7.08));
#2447 = VECTOR('',#2448,1.);
#2448 = DIRECTION('',(-1.,0.,0.));
#2449 = ORIENTED_EDGE('',*,*,#2450,.F.);
#2450 = EDGE_CURVE('',#1985,#2443,#2451,.T.);
#2451 = LINE('',#2452,#2453);
#2452 = CARTESIAN_POINT('',(-3.0263109304,-2.0108180462,2.36));
#2453 = VECTOR('',#2454,1.);
#2454 = DIRECTION('',(0.,0.,1.));
#2455 = PLANE('',#2456);
#2456 = AXIS2_PLACEMENT_3D('',#2457,#2458,#2459);
#2457 = CARTESIAN_POINT('',(-2.91109304E-02,-2.0108180462,2.36));
#2458 = DIRECTION('',(0.,-1.,0.));
#2459 = DIRECTION('',(-1.,0.,0.));
#2460 = ADVANCED_FACE('',(#2461),#2479,.T.);
#2461 = FACE_BOUND('',#2462,.T.);
#2462 = EDGE_LOOP('',(#2463,#2464,#2472,#2478));
#2463 = ORIENTED_EDGE('',*,*,#1959,.F.);
#2464 = ORIENTED_EDGE('',*,*,#2465,.T.);
#2465 = EDGE_CURVE('',#1960,#2466,#2468,.T.);
#2466 = VERTEX_POINT('',#2467);
#2467 = CARTESIAN_POINT('',(-0.9613109304,-0.7128180462,7.08));
#2468 = LINE('',#2469,#2470);
#2469 = CARTESIAN_POINT('',(-0.9613109304,-0.7128180462,2.36));
#2470 = VECTOR('',#2471,1.);
#2471 = DIRECTION('',(0.,0.,1.));
#2472 = ORIENTED_EDGE('',*,*,#2473,.T.);
#2473 = EDGE_CURVE('',#2466,#2417,#2474,.T.);
#2474 = LINE('',#2475,#2476);
#2475 = CARTESIAN_POINT('',(-0.9613109304,-1.0668180462,7.08));
#2476 = VECTOR('',#2477,1.);
#2477 = DIRECTION('',(0.,1.,0.));
#2478 = ORIENTED_EDGE('',*,*,#2416,.F.);
#2479 = PLANE('',#2480);
#2480 = AXIS2_PLACEMENT_3D('',#2481,#2482,#2483);
#2481 = CARTESIAN_POINT('',(-0.9613109304,-1.0668180462,2.36));
#2482 = DIRECTION('',(-1.,0.,0.));
#2483 = DIRECTION('',(0.,1.,0.));
#2484 = ADVANCED_FACE('',(#2485),#2503,.T.);
#2485 = FACE_BOUND('',#2486,.T.);
#2486 = EDGE_LOOP('',(#2487,#2488,#2496,#2502));
#2487 = ORIENTED_EDGE('',*,*,#2450,.T.);
#2488 = ORIENTED_EDGE('',*,*,#2489,.T.);
#2489 = EDGE_CURVE('',#2443,#2490,#2492,.T.);
#2490 = VERTEX_POINT('',#2491);
#2491 = CARTESIAN_POINT('',(-3.0263109304,-1.0668180462,7.08));
#2492 = LINE('',#2493,#2494);
#2493 = CARTESIAN_POINT('',(-3.0263109304,-2.0108180462,7.08));
#2494 = VECTOR('',#2495,1.);
#2495 = DIRECTION('',(0.,1.,0.));
#2496 = ORIENTED_EDGE('',*,*,#2497,.F.);
#2497 = EDGE_CURVE('',#1977,#2490,#2498,.T.);
#2498 = LINE('',#2499,#2500);
#2499 = CARTESIAN_POINT('',(-3.0263109304,-1.0668180462,2.36));
#2500 = VECTOR('',#2501,1.);
#2501 = DIRECTION('',(0.,0.,1.));
#2502 = ORIENTED_EDGE('',*,*,#1984,.F.);
#2503 = PLANE('',#2504);
#2504 = AXIS2_PLACEMENT_3D('',#2505,#2506,#2507);
#2505 = CARTESIAN_POINT('',(-3.0263109304,-2.0108180462,2.36));
#2506 = DIRECTION('',(-1.,0.,0.));
#2507 = DIRECTION('',(0.,1.,0.));
#2508 = ADVANCED_FACE('',(#2509),#2528,.F.);
#2509 = FACE_BOUND('',#2510,.T.);
#2510 = EDGE_LOOP('',(#2511,#2512,#2520,#2527));
#2511 = ORIENTED_EDGE('',*,*,#1967,.T.);
#2512 = ORIENTED_EDGE('',*,*,#2513,.T.);
#2513 = EDGE_CURVE('',#1968,#2514,#2516,.T.);
#2514 = VERTEX_POINT('',#2515);
#2515 = CARTESIAN_POINT('',(-1.3153109304,-1.0668180462,7.08));
#2516 = LINE('',#2517,#2518);
#2517 = CARTESIAN_POINT('',(-1.3153109304,-1.0668180462,2.36));
#2518 = VECTOR('',#2519,1.);
#2519 = DIRECTION('',(0.,0.,1.));
#2520 = ORIENTED_EDGE('',*,*,#2521,.F.);
#2521 = EDGE_CURVE('',#2466,#2514,#2522,.T.);
#2522 = CIRCLE('',#2523,0.354);
#2523 = AXIS2_PLACEMENT_3D('',#2524,#2525,#2526);
#2524 = CARTESIAN_POINT('',(-1.3153109304,-0.7128180462,7.08));
#2525 = DIRECTION('',(-0.,-0.,-1.));
#2526 = DIRECTION('',(0.,-1.,0.));
#2527 = ORIENTED_EDGE('',*,*,#2465,.F.);
#2528 = CYLINDRICAL_SURFACE('',#2529,0.354);
#2529 = AXIS2_PLACEMENT_3D('',#2530,#2531,#2532);
#2530 = CARTESIAN_POINT('',(-1.3153109304,-0.7128180462,2.36));
#2531 = DIRECTION('',(0.,0.,1.));
#2532 = DIRECTION('',(1.,0.,0.));
#2533 = ADVANCED_FACE('',(#2534),#2545,.T.);
#2534 = FACE_BOUND('',#2535,.T.);
#2535 = EDGE_LOOP('',(#2536,#2537,#2538,#2544));
#2536 = ORIENTED_EDGE('',*,*,#1976,.F.);
#2537 = ORIENTED_EDGE('',*,*,#2497,.T.);
#2538 = ORIENTED_EDGE('',*,*,#2539,.T.);
#2539 = EDGE_CURVE('',#2490,#2514,#2540,.T.);
#2540 = LINE('',#2541,#2542);
#2541 = CARTESIAN_POINT('',(-3.0263109304,-1.0668180462,7.08));
#2542 = VECTOR('',#2543,1.);
#2543 = DIRECTION('',(1.,0.,0.));
#2544 = ORIENTED_EDGE('',*,*,#2513,.F.);
#2545 = PLANE('',#2546);
#2546 = AXIS2_PLACEMENT_3D('',#2547,#2548,#2549);
#2547 = CARTESIAN_POINT('',(-3.0263109304,-1.0668180462,2.36));
#2548 = DIRECTION('',(0.,1.,0.));
#2549 = DIRECTION('',(1.,0.,0.));
#2550 = ADVANCED_FACE('',(#2551),#2573,.T.);
#2551 = FACE_BOUND('',#2552,.T.);
#2552 = EDGE_LOOP('',(#2553,#2554,#2555,#2556,#2557,#2558,#2559,#2560,
    #2561,#2562,#2563,#2564,#2565,#2566,#2567,#2568,#2569,#2570,#2571,
    #2572));
#2553 = ORIENTED_EDGE('',*,*,#2075,.F.);
#2554 = ORIENTED_EDGE('',*,*,#2130,.F.);
#2555 = ORIENTED_EDGE('',*,*,#2179,.F.);
#2556 = ORIENTED_EDGE('',*,*,#2228,.T.);
#2557 = ORIENTED_EDGE('',*,*,#2277,.F.);
#2558 = ORIENTED_EDGE('',*,*,#2319,.F.);
#2559 = ORIENTED_EDGE('',*,*,#2375,.F.);
#2560 = ORIENTED_EDGE('',*,*,#2424,.T.);
#2561 = ORIENTED_EDGE('',*,*,#2473,.F.);
#2562 = ORIENTED_EDGE('',*,*,#2521,.T.);
#2563 = ORIENTED_EDGE('',*,*,#2539,.F.);
#2564 = ORIENTED_EDGE('',*,*,#2489,.F.);
#2565 = ORIENTED_EDGE('',*,*,#2442,.F.);
#2566 = ORIENTED_EDGE('',*,*,#2399,.F.);
#2567 = ORIENTED_EDGE('',*,*,#2344,.F.);
#2568 = ORIENTED_EDGE('',*,*,#2301,.F.);
#2569 = ORIENTED_EDGE('',*,*,#2246,.F.);
#2570 = ORIENTED_EDGE('',*,*,#2203,.F.);
#2571 = ORIENTED_EDGE('',*,*,#2148,.F.);
#2572 = ORIENTED_EDGE('',*,*,#2106,.F.);
#2573 = PLANE('',#2574);
#2574 = AXIS2_PLACEMENT_3D('',#2575,#2576,#2577);
#2575 = CARTESIAN_POINT('',(-3.526772598173,0.467820267999,7.08));
#2576 = DIRECTION('',(0.,0.,1.));
#2577 = DIRECTION('',(1.,0.,0.));
#2578 = MANIFOLD_SOLID_BREP('',#2579);
#2579 = CLOSED_SHELL('',(#2580,#2756,#2787,#2812,#2836,#2860,#2884,#2909
    ,#2934,#2958,#2982,#3007,#3032,#3056,#3080,#3105,#3130,#3154,#3178,
    #3202,#3227,#3244));
#2580 = ADVANCED_FACE('',(#2581),#2751,.F.);
#2581 = FACE_BOUND('',#2582,.F.);
#2582 = EDGE_LOOP('',(#2583,#2593,#2601,#2609,#2618,#2626,#2635,#2643,
    #2652,#2660,#2669,#2677,#2685,#2693,#2702,#2710,#2719,#2727,#2736,
    #2744));
#2583 = ORIENTED_EDGE('',*,*,#2584,.F.);
#2584 = EDGE_CURVE('',#2585,#2587,#2589,.T.);
#2585 = VERTEX_POINT('',#2586);
#2586 = CARTESIAN_POINT('',(6.6024890696,1.5645819538,2.36));
#2587 = VERTEX_POINT('',#2588);
#2588 = CARTESIAN_POINT('',(4.8914890696,1.5645819538,2.36));
#2589 = LINE('',#2590,#2591);
#2590 = CARTESIAN_POINT('',(6.6024890696,1.5645819538,2.36));
#2591 = VECTOR('',#2592,1.);
#2592 = DIRECTION('',(-1.,0.,0.));
#2593 = ORIENTED_EDGE('',*,*,#2594,.F.);
#2594 = EDGE_CURVE('',#2595,#2585,#2597,.T.);
#2595 = VERTEX_POINT('',#2596);
#2596 = CARTESIAN_POINT('',(6.6024890696,2.4731819538,2.36));
#2597 = LINE('',#2598,#2599);
#2598 = CARTESIAN_POINT('',(6.6024890696,2.4731819538,2.36));
#2599 = VECTOR('',#2600,1.);
#2600 = DIRECTION('',(0.,-1.,0.));
#2601 = ORIENTED_EDGE('',*,*,#2602,.F.);
#2602 = EDGE_CURVE('',#2603,#2595,#2605,.T.);
#2603 = VERTEX_POINT('',#2604);
#2604 = CARTESIAN_POINT('',(4.3132890696,2.4731819538,2.36));
#2605 = LINE('',#2606,#2607);
#2606 = CARTESIAN_POINT('',(3.6052890696,2.4731819538,2.36));
#2607 = VECTOR('',#2608,1.);
#2608 = DIRECTION('',(1.,0.,0.));
#2609 = ORIENTED_EDGE('',*,*,#2610,.T.);
#2610 = EDGE_CURVE('',#2603,#2611,#2613,.T.);
#2611 = VERTEX_POINT('',#2612);
#2612 = CARTESIAN_POINT('',(3.6052890696,1.7651819538,2.36));
#2613 = CIRCLE('',#2614,0.708);
#2614 = AXIS2_PLACEMENT_3D('',#2615,#2616,#2617);
#2615 = CARTESIAN_POINT('',(4.3132890696,1.7651819538,2.36));
#2616 = DIRECTION('',(-0.,0.,1.));
#2617 = DIRECTION('',(0.,-1.,0.));
#2618 = ORIENTED_EDGE('',*,*,#2619,.F.);
#2619 = EDGE_CURVE('',#2620,#2611,#2622,.T.);
#2620 = VERTEX_POINT('',#2621);
#2621 = CARTESIAN_POINT('',(3.6052890696,0.467181953795,2.36));
#2622 = LINE('',#2623,#2624);
#2623 = CARTESIAN_POINT('',(3.6052890696,-0.240818046205,2.36));
#2624 = VECTOR('',#2625,1.);
#2625 = DIRECTION('',(0.,1.,0.));
#2626 = ORIENTED_EDGE('',*,*,#2627,.F.);
#2627 = EDGE_CURVE('',#2628,#2620,#2630,.T.);
#2628 = VERTEX_POINT('',#2629);
#2629 = CARTESIAN_POINT('',(4.3132890696,-0.240818046205,2.36));
#2630 = CIRCLE('',#2631,0.708);
#2631 = AXIS2_PLACEMENT_3D('',#2632,#2633,#2634);
#2632 = CARTESIAN_POINT('',(4.3132890696,0.467181953795,2.36));
#2633 = DIRECTION('',(-0.,-0.,-1.));
#2634 = DIRECTION('',(0.,-1.,0.));
#2635 = ORIENTED_EDGE('',*,*,#2636,.F.);
#2636 = EDGE_CURVE('',#2637,#2628,#2639,.T.);
#2637 = VERTEX_POINT('',#2638);
#2638 = CARTESIAN_POINT('',(5.3162890696,-0.240818046205,2.36));
#2639 = LINE('',#2640,#2641);
#2640 = CARTESIAN_POINT('',(5.6702890696,-0.240818046205,2.36));
#2641 = VECTOR('',#2642,1.);
#2642 = DIRECTION('',(-1.,0.,0.));
#2643 = ORIENTED_EDGE('',*,*,#2644,.T.);
#2644 = EDGE_CURVE('',#2637,#2645,#2647,.T.);
#2645 = VERTEX_POINT('',#2646);
#2646 = CARTESIAN_POINT('',(5.6702890696,-0.594818046205,2.36));
#2647 = CIRCLE('',#2648,0.354);
#2648 = AXIS2_PLACEMENT_3D('',#2649,#2650,#2651);
#2649 = CARTESIAN_POINT('',(5.3162890696,-0.594818046205,2.36));
#2650 = DIRECTION('',(-0.,-0.,-1.));
#2651 = DIRECTION('',(0.,-1.,0.));
#2652 = ORIENTED_EDGE('',*,*,#2653,.F.);
#2653 = EDGE_CURVE('',#2654,#2645,#2656,.T.);
#2654 = VERTEX_POINT('',#2655);
#2655 = CARTESIAN_POINT('',(5.6702890696,-0.712818046205,2.36));
#2656 = LINE('',#2657,#2658);
#2657 = CARTESIAN_POINT('',(5.6702890696,-1.066818046205,2.36));
#2658 = VECTOR('',#2659,1.);
#2659 = DIRECTION('',(0.,1.,0.));
#2660 = ORIENTED_EDGE('',*,*,#2661,.T.);
#2661 = EDGE_CURVE('',#2654,#2662,#2664,.T.);
#2662 = VERTEX_POINT('',#2663);
#2663 = CARTESIAN_POINT('',(5.3162890696,-1.066818046205,2.36));
#2664 = CIRCLE('',#2665,0.354);
#2665 = AXIS2_PLACEMENT_3D('',#2666,#2667,#2668);
#2666 = CARTESIAN_POINT('',(5.3162890696,-0.712818046205,2.36));
#2667 = DIRECTION('',(-0.,-0.,-1.));
#2668 = DIRECTION('',(0.,-1.,0.));
#2669 = ORIENTED_EDGE('',*,*,#2670,.F.);
#2670 = EDGE_CURVE('',#2671,#2662,#2673,.T.);
#2671 = VERTEX_POINT('',#2672);
#2672 = CARTESIAN_POINT('',(3.6052890696,-1.066818046205,2.36));
#2673 = LINE('',#2674,#2675);
#2674 = CARTESIAN_POINT('',(3.6052890696,-1.066818046205,2.36));
#2675 = VECTOR('',#2676,1.);
#2676 = DIRECTION('',(1.,0.,0.));
#2677 = ORIENTED_EDGE('',*,*,#2678,.F.);
#2678 = EDGE_CURVE('',#2679,#2671,#2681,.T.);
#2679 = VERTEX_POINT('',#2680);
#2680 = CARTESIAN_POINT('',(3.6052890696,-2.0108180462,2.36));
#2681 = LINE('',#2682,#2683);
#2682 = CARTESIAN_POINT('',(3.6052890696,-2.0108180462,2.36));
#2683 = VECTOR('',#2684,1.);
#2684 = DIRECTION('',(0.,1.,0.));
#2685 = ORIENTED_EDGE('',*,*,#2686,.F.);
#2686 = EDGE_CURVE('',#2687,#2679,#2689,.T.);
#2687 = VERTEX_POINT('',#2688);
#2688 = CARTESIAN_POINT('',(5.8944890696,-2.0108180462,2.36));
#2689 = LINE('',#2690,#2691);
#2690 = CARTESIAN_POINT('',(6.6024890696,-2.0108180462,2.36));
#2691 = VECTOR('',#2692,1.);
#2692 = DIRECTION('',(-1.,0.,0.));
#2693 = ORIENTED_EDGE('',*,*,#2694,.F.);
#2694 = EDGE_CURVE('',#2695,#2687,#2697,.T.);
#2695 = VERTEX_POINT('',#2696);
#2696 = CARTESIAN_POINT('',(6.6024890696,-1.3028180462,2.36));
#2697 = CIRCLE('',#2698,0.708);
#2698 = AXIS2_PLACEMENT_3D('',#2699,#2700,#2701);
#2699 = CARTESIAN_POINT('',(5.8944890696,-1.3028180462,2.36));
#2700 = DIRECTION('',(-0.,-0.,-1.));
#2701 = DIRECTION('',(0.,-1.,0.));
#2702 = ORIENTED_EDGE('',*,*,#2703,.F.);
#2703 = EDGE_CURVE('',#2704,#2695,#2706,.T.);
#2704 = VERTEX_POINT('',#2705);
#2705 = CARTESIAN_POINT('',(6.6024890696,3.05819538E-02,2.36));
#2706 = LINE('',#2707,#2708);
#2707 = CARTESIAN_POINT('',(6.6024890696,0.7385819538,2.36));
#2708 = VECTOR('',#2709,1.);
#2709 = DIRECTION('',(0.,-1.,0.));
#2710 = ORIENTED_EDGE('',*,*,#2711,.F.);
#2711 = EDGE_CURVE('',#2712,#2704,#2714,.T.);
#2712 = VERTEX_POINT('',#2713);
#2713 = CARTESIAN_POINT('',(5.8944890696,0.7385819538,2.36));
#2714 = CIRCLE('',#2715,0.708);
#2715 = AXIS2_PLACEMENT_3D('',#2716,#2717,#2718);
#2716 = CARTESIAN_POINT('',(5.8944890696,3.05819538E-02,2.36));
#2717 = DIRECTION('',(-0.,-0.,-1.));
#2718 = DIRECTION('',(0.,-1.,0.));
#2719 = ORIENTED_EDGE('',*,*,#2720,.F.);
#2720 = EDGE_CURVE('',#2721,#2712,#2723,.T.);
#2721 = VERTEX_POINT('',#2722);
#2722 = CARTESIAN_POINT('',(4.8914890696,0.7385819538,2.36));
#2723 = LINE('',#2724,#2725);
#2724 = CARTESIAN_POINT('',(4.5374890696,0.7385819538,2.36));
#2725 = VECTOR('',#2726,1.);
#2726 = DIRECTION('',(1.,0.,0.));
#2727 = ORIENTED_EDGE('',*,*,#2728,.F.);
#2728 = EDGE_CURVE('',#2729,#2721,#2731,.T.);
#2729 = VERTEX_POINT('',#2730);
#2730 = CARTESIAN_POINT('',(4.5374890696,1.0925819538,2.36));
#2731 = CIRCLE('',#2732,0.354);
#2732 = AXIS2_PLACEMENT_3D('',#2733,#2734,#2735);
#2733 = CARTESIAN_POINT('',(4.8914890696,1.0925819538,2.36));
#2734 = DIRECTION('',(-0.,0.,1.));
#2735 = DIRECTION('',(0.,-1.,0.));
#2736 = ORIENTED_EDGE('',*,*,#2737,.F.);
#2737 = EDGE_CURVE('',#2738,#2729,#2740,.T.);
#2738 = VERTEX_POINT('',#2739);
#2739 = CARTESIAN_POINT('',(4.5374890696,1.2105819538,2.36));
#2740 = LINE('',#2741,#2742);
#2741 = CARTESIAN_POINT('',(4.5374890696,1.5645819538,2.36));
#2742 = VECTOR('',#2743,1.);
#2743 = DIRECTION('',(0.,-1.,0.));
#2744 = ORIENTED_EDGE('',*,*,#2745,.F.);
#2745 = EDGE_CURVE('',#2587,#2738,#2746,.T.);
#2746 = CIRCLE('',#2747,0.354);
#2747 = AXIS2_PLACEMENT_3D('',#2748,#2749,#2750);
#2748 = CARTESIAN_POINT('',(4.8914890696,1.2105819538,2.36));
#2749 = DIRECTION('',(-0.,0.,1.));
#2750 = DIRECTION('',(0.,-1.,0.));
#2751 = PLANE('',#2752);
#2752 = AXIS2_PLACEMENT_3D('',#2753,#2754,#2755);
#2753 = CARTESIAN_POINT('',(-3.526772598173,0.467820267999,2.36));
#2754 = DIRECTION('',(0.,0.,1.));
#2755 = DIRECTION('',(1.,0.,0.));
#2756 = ADVANCED_FACE('',(#2757),#2782,.T.);
#2757 = FACE_BOUND('',#2758,.T.);
#2758 = EDGE_LOOP('',(#2759,#2760,#2768,#2776));
#2759 = ORIENTED_EDGE('',*,*,#2584,.F.);
#2760 = ORIENTED_EDGE('',*,*,#2761,.T.);
#2761 = EDGE_CURVE('',#2585,#2762,#2764,.T.);
#2762 = VERTEX_POINT('',#2763);
#2763 = CARTESIAN_POINT('',(6.6024890696,1.5645819538,7.08));
#2764 = LINE('',#2765,#2766);
#2765 = CARTESIAN_POINT('',(6.6024890696,1.5645819538,2.36));
#2766 = VECTOR('',#2767,1.);
#2767 = DIRECTION('',(0.,0.,1.));
#2768 = ORIENTED_EDGE('',*,*,#2769,.T.);
#2769 = EDGE_CURVE('',#2762,#2770,#2772,.T.);
#2770 = VERTEX_POINT('',#2771);
#2771 = CARTESIAN_POINT('',(4.8914890696,1.5645819538,7.08));
#2772 = LINE('',#2773,#2774);
#2773 = CARTESIAN_POINT('',(6.6024890696,1.5645819538,7.08));
#2774 = VECTOR('',#2775,1.);
#2775 = DIRECTION('',(-1.,0.,0.));
#2776 = ORIENTED_EDGE('',*,*,#2777,.F.);
#2777 = EDGE_CURVE('',#2587,#2770,#2778,.T.);
#2778 = LINE('',#2779,#2780);
#2779 = CARTESIAN_POINT('',(4.8914890696,1.5645819538,2.36));
#2780 = VECTOR('',#2781,1.);
#2781 = DIRECTION('',(0.,0.,1.));
#2782 = PLANE('',#2783);
#2783 = AXIS2_PLACEMENT_3D('',#2784,#2785,#2786);
#2784 = CARTESIAN_POINT('',(6.6024890696,1.5645819538,2.36));
#2785 = DIRECTION('',(0.,-1.,0.));
#2786 = DIRECTION('',(-1.,0.,0.));
#2787 = ADVANCED_FACE('',(#2788),#2807,.F.);
#2788 = FACE_BOUND('',#2789,.F.);
#2789 = EDGE_LOOP('',(#2790,#2791,#2799,#2806));
#2790 = ORIENTED_EDGE('',*,*,#2745,.T.);
#2791 = ORIENTED_EDGE('',*,*,#2792,.T.);
#2792 = EDGE_CURVE('',#2738,#2793,#2795,.T.);
#2793 = VERTEX_POINT('',#2794);
#2794 = CARTESIAN_POINT('',(4.5374890696,1.2105819538,7.08));
#2795 = LINE('',#2796,#2797);
#2796 = CARTESIAN_POINT('',(4.5374890696,1.2105819538,2.36));
#2797 = VECTOR('',#2798,1.);
#2798 = DIRECTION('',(0.,0.,1.));
#2799 = ORIENTED_EDGE('',*,*,#2800,.F.);
#2800 = EDGE_CURVE('',#2770,#2793,#2801,.T.);
#2801 = CIRCLE('',#2802,0.354);
#2802 = AXIS2_PLACEMENT_3D('',#2803,#2804,#2805);
#2803 = CARTESIAN_POINT('',(4.8914890696,1.2105819538,7.08));
#2804 = DIRECTION('',(-0.,0.,1.));
#2805 = DIRECTION('',(0.,-1.,0.));
#2806 = ORIENTED_EDGE('',*,*,#2777,.F.);
#2807 = CYLINDRICAL_SURFACE('',#2808,0.354);
#2808 = AXIS2_PLACEMENT_3D('',#2809,#2810,#2811);
#2809 = CARTESIAN_POINT('',(4.8914890696,1.2105819538,2.36));
#2810 = DIRECTION('',(0.,0.,1.));
#2811 = DIRECTION('',(0.,1.,0.));
#2812 = ADVANCED_FACE('',(#2813),#2831,.T.);
#2813 = FACE_BOUND('',#2814,.T.);
#2814 = EDGE_LOOP('',(#2815,#2823,#2829,#2830));
#2815 = ORIENTED_EDGE('',*,*,#2816,.T.);
#2816 = EDGE_CURVE('',#2595,#2817,#2819,.T.);
#2817 = VERTEX_POINT('',#2818);
#2818 = CARTESIAN_POINT('',(6.6024890696,2.4731819538,7.08));
#2819 = LINE('',#2820,#2821);
#2820 = CARTESIAN_POINT('',(6.6024890696,2.4731819538,2.36));
#2821 = VECTOR('',#2822,1.);
#2822 = DIRECTION('',(0.,0.,1.));
#2823 = ORIENTED_EDGE('',*,*,#2824,.T.);
#2824 = EDGE_CURVE('',#2817,#2762,#2825,.T.);
#2825 = LINE('',#2826,#2827);
#2826 = CARTESIAN_POINT('',(6.6024890696,2.4731819538,7.08));
#2827 = VECTOR('',#2828,1.);
#2828 = DIRECTION('',(0.,-1.,0.));
#2829 = ORIENTED_EDGE('',*,*,#2761,.F.);
#2830 = ORIENTED_EDGE('',*,*,#2594,.F.);
#2831 = PLANE('',#2832);
#2832 = AXIS2_PLACEMENT_3D('',#2833,#2834,#2835);
#2833 = CARTESIAN_POINT('',(6.6024890696,2.4731819538,2.36));
#2834 = DIRECTION('',(1.,0.,0.));
#2835 = DIRECTION('',(0.,-1.,0.));
#2836 = ADVANCED_FACE('',(#2837),#2855,.T.);
#2837 = FACE_BOUND('',#2838,.T.);
#2838 = EDGE_LOOP('',(#2839,#2840,#2841,#2849));
#2839 = ORIENTED_EDGE('',*,*,#2737,.F.);
#2840 = ORIENTED_EDGE('',*,*,#2792,.T.);
#2841 = ORIENTED_EDGE('',*,*,#2842,.T.);
#2842 = EDGE_CURVE('',#2793,#2843,#2845,.T.);
#2843 = VERTEX_POINT('',#2844);
#2844 = CARTESIAN_POINT('',(4.5374890696,1.0925819538,7.08));
#2845 = LINE('',#2846,#2847);
#2846 = CARTESIAN_POINT('',(4.5374890696,1.5645819538,7.08));
#2847 = VECTOR('',#2848,1.);
#2848 = DIRECTION('',(0.,-1.,0.));
#2849 = ORIENTED_EDGE('',*,*,#2850,.F.);
#2850 = EDGE_CURVE('',#2729,#2843,#2851,.T.);
#2851 = LINE('',#2852,#2853);
#2852 = CARTESIAN_POINT('',(4.5374890696,1.0925819538,2.36));
#2853 = VECTOR('',#2854,1.);
#2854 = DIRECTION('',(0.,0.,1.));
#2855 = PLANE('',#2856);
#2856 = AXIS2_PLACEMENT_3D('',#2857,#2858,#2859);
#2857 = CARTESIAN_POINT('',(4.5374890696,1.5645819538,2.36));
#2858 = DIRECTION('',(1.,0.,0.));
#2859 = DIRECTION('',(0.,-1.,0.));
#2860 = ADVANCED_FACE('',(#2861),#2879,.T.);
#2861 = FACE_BOUND('',#2862,.T.);
#2862 = EDGE_LOOP('',(#2863,#2864,#2872,#2878));
#2863 = ORIENTED_EDGE('',*,*,#2602,.F.);
#2864 = ORIENTED_EDGE('',*,*,#2865,.T.);
#2865 = EDGE_CURVE('',#2603,#2866,#2868,.T.);
#2866 = VERTEX_POINT('',#2867);
#2867 = CARTESIAN_POINT('',(4.3132890696,2.4731819538,7.08));
#2868 = LINE('',#2869,#2870);
#2869 = CARTESIAN_POINT('',(4.3132890696,2.4731819538,2.36));
#2870 = VECTOR('',#2871,1.);
#2871 = DIRECTION('',(0.,0.,1.));
#2872 = ORIENTED_EDGE('',*,*,#2873,.T.);
#2873 = EDGE_CURVE('',#2866,#2817,#2874,.T.);
#2874 = LINE('',#2875,#2876);
#2875 = CARTESIAN_POINT('',(3.6052890696,2.4731819538,7.08));
#2876 = VECTOR('',#2877,1.);
#2877 = DIRECTION('',(1.,0.,0.));
#2878 = ORIENTED_EDGE('',*,*,#2816,.F.);
#2879 = PLANE('',#2880);
#2880 = AXIS2_PLACEMENT_3D('',#2881,#2882,#2883);
#2881 = CARTESIAN_POINT('',(3.6052890696,2.4731819538,2.36));
#2882 = DIRECTION('',(0.,1.,0.));
#2883 = DIRECTION('',(1.,0.,0.));
#2884 = ADVANCED_FACE('',(#2885),#2904,.F.);
#2885 = FACE_BOUND('',#2886,.F.);
#2886 = EDGE_LOOP('',(#2887,#2888,#2896,#2903));
#2887 = ORIENTED_EDGE('',*,*,#2728,.T.);
#2888 = ORIENTED_EDGE('',*,*,#2889,.T.);
#2889 = EDGE_CURVE('',#2721,#2890,#2892,.T.);
#2890 = VERTEX_POINT('',#2891);
#2891 = CARTESIAN_POINT('',(4.8914890696,0.7385819538,7.08));
#2892 = LINE('',#2893,#2894);
#2893 = CARTESIAN_POINT('',(4.8914890696,0.7385819538,2.36));
#2894 = VECTOR('',#2895,1.);
#2895 = DIRECTION('',(0.,0.,1.));
#2896 = ORIENTED_EDGE('',*,*,#2897,.F.);
#2897 = EDGE_CURVE('',#2843,#2890,#2898,.T.);
#2898 = CIRCLE('',#2899,0.354);
#2899 = AXIS2_PLACEMENT_3D('',#2900,#2901,#2902);
#2900 = CARTESIAN_POINT('',(4.8914890696,1.0925819538,7.08));
#2901 = DIRECTION('',(-0.,0.,1.));
#2902 = DIRECTION('',(0.,-1.,0.));
#2903 = ORIENTED_EDGE('',*,*,#2850,.F.);
#2904 = CYLINDRICAL_SURFACE('',#2905,0.354);
#2905 = AXIS2_PLACEMENT_3D('',#2906,#2907,#2908);
#2906 = CARTESIAN_POINT('',(4.8914890696,1.0925819538,2.36));
#2907 = DIRECTION('',(0.,0.,1.));
#2908 = DIRECTION('',(-1.,0.,0.));
#2909 = ADVANCED_FACE('',(#2910),#2929,.T.);
#2910 = FACE_BOUND('',#2911,.T.);
#2911 = EDGE_LOOP('',(#2912,#2913,#2921,#2928));
#2912 = ORIENTED_EDGE('',*,*,#2610,.T.);
#2913 = ORIENTED_EDGE('',*,*,#2914,.T.);
#2914 = EDGE_CURVE('',#2611,#2915,#2917,.T.);
#2915 = VERTEX_POINT('',#2916);
#2916 = CARTESIAN_POINT('',(3.6052890696,1.7651819538,7.08));
#2917 = LINE('',#2918,#2919);
#2918 = CARTESIAN_POINT('',(3.6052890696,1.7651819538,2.36));
#2919 = VECTOR('',#2920,1.);
#2920 = DIRECTION('',(0.,0.,1.));
#2921 = ORIENTED_EDGE('',*,*,#2922,.F.);
#2922 = EDGE_CURVE('',#2866,#2915,#2923,.T.);
#2923 = CIRCLE('',#2924,0.708);
#2924 = AXIS2_PLACEMENT_3D('',#2925,#2926,#2927);
#2925 = CARTESIAN_POINT('',(4.3132890696,1.7651819538,7.08));
#2926 = DIRECTION('',(-0.,0.,1.));
#2927 = DIRECTION('',(0.,-1.,0.));
#2928 = ORIENTED_EDGE('',*,*,#2865,.F.);
#2929 = CYLINDRICAL_SURFACE('',#2930,0.708);
#2930 = AXIS2_PLACEMENT_3D('',#2931,#2932,#2933);
#2931 = CARTESIAN_POINT('',(4.3132890696,1.7651819538,2.36));
#2932 = DIRECTION('',(0.,0.,1.));
#2933 = DIRECTION('',(0.,1.,0.));
#2934 = ADVANCED_FACE('',(#2935),#2953,.T.);
#2935 = FACE_BOUND('',#2936,.T.);
#2936 = EDGE_LOOP('',(#2937,#2938,#2939,#2947));
#2937 = ORIENTED_EDGE('',*,*,#2720,.F.);
#2938 = ORIENTED_EDGE('',*,*,#2889,.T.);
#2939 = ORIENTED_EDGE('',*,*,#2940,.T.);
#2940 = EDGE_CURVE('',#2890,#2941,#2943,.T.);
#2941 = VERTEX_POINT('',#2942);
#2942 = CARTESIAN_POINT('',(5.8944890696,0.7385819538,7.08));
#2943 = LINE('',#2944,#2945);
#2944 = CARTESIAN_POINT('',(4.5374890696,0.7385819538,7.08));
#2945 = VECTOR('',#2946,1.);
#2946 = DIRECTION('',(1.,0.,0.));
#2947 = ORIENTED_EDGE('',*,*,#2948,.F.);
#2948 = EDGE_CURVE('',#2712,#2941,#2949,.T.);
#2949 = LINE('',#2950,#2951);
#2950 = CARTESIAN_POINT('',(5.8944890696,0.7385819538,2.36));
#2951 = VECTOR('',#2952,1.);
#2952 = DIRECTION('',(0.,0.,1.));
#2953 = PLANE('',#2954);
#2954 = AXIS2_PLACEMENT_3D('',#2955,#2956,#2957);
#2955 = CARTESIAN_POINT('',(4.5374890696,0.7385819538,2.36));
#2956 = DIRECTION('',(0.,1.,0.));
#2957 = DIRECTION('',(1.,0.,0.));
#2958 = ADVANCED_FACE('',(#2959),#2977,.T.);
#2959 = FACE_BOUND('',#2960,.T.);
#2960 = EDGE_LOOP('',(#2961,#2962,#2970,#2976));
#2961 = ORIENTED_EDGE('',*,*,#2619,.F.);
#2962 = ORIENTED_EDGE('',*,*,#2963,.T.);
#2963 = EDGE_CURVE('',#2620,#2964,#2966,.T.);
#2964 = VERTEX_POINT('',#2965);
#2965 = CARTESIAN_POINT('',(3.6052890696,0.467181953795,7.08));
#2966 = LINE('',#2967,#2968);
#2967 = CARTESIAN_POINT('',(3.6052890696,0.467181953795,2.36));
#2968 = VECTOR('',#2969,1.);
#2969 = DIRECTION('',(0.,0.,1.));
#2970 = ORIENTED_EDGE('',*,*,#2971,.T.);
#2971 = EDGE_CURVE('',#2964,#2915,#2972,.T.);
#2972 = LINE('',#2973,#2974);
#2973 = CARTESIAN_POINT('',(3.6052890696,-0.240818046205,7.08));
#2974 = VECTOR('',#2975,1.);
#2975 = DIRECTION('',(0.,1.,0.));
#2976 = ORIENTED_EDGE('',*,*,#2914,.F.);
#2977 = PLANE('',#2978);
#2978 = AXIS2_PLACEMENT_3D('',#2979,#2980,#2981);
#2979 = CARTESIAN_POINT('',(3.6052890696,-0.240818046205,2.36));
#2980 = DIRECTION('',(-1.,0.,0.));
#2981 = DIRECTION('',(0.,1.,0.));
#2982 = ADVANCED_FACE('',(#2983),#3002,.T.);
#2983 = FACE_BOUND('',#2984,.F.);
#2984 = EDGE_LOOP('',(#2985,#2986,#2994,#3001));
#2985 = ORIENTED_EDGE('',*,*,#2711,.T.);
#2986 = ORIENTED_EDGE('',*,*,#2987,.T.);
#2987 = EDGE_CURVE('',#2704,#2988,#2990,.T.);
#2988 = VERTEX_POINT('',#2989);
#2989 = CARTESIAN_POINT('',(6.6024890696,3.05819538E-02,7.08));
#2990 = LINE('',#2991,#2992);
#2991 = CARTESIAN_POINT('',(6.6024890696,3.05819538E-02,2.36));
#2992 = VECTOR('',#2993,1.);
#2993 = DIRECTION('',(0.,0.,1.));
#2994 = ORIENTED_EDGE('',*,*,#2995,.F.);
#2995 = EDGE_CURVE('',#2941,#2988,#2996,.T.);
#2996 = CIRCLE('',#2997,0.708);
#2997 = AXIS2_PLACEMENT_3D('',#2998,#2999,#3000);
#2998 = CARTESIAN_POINT('',(5.8944890696,3.05819538E-02,7.08));
#2999 = DIRECTION('',(-0.,-0.,-1.));
#3000 = DIRECTION('',(0.,-1.,0.));
#3001 = ORIENTED_EDGE('',*,*,#2948,.F.);
#3002 = CYLINDRICAL_SURFACE('',#3003,0.708);
#3003 = AXIS2_PLACEMENT_3D('',#3004,#3005,#3006);
#3004 = CARTESIAN_POINT('',(5.8944890696,3.05819538E-02,2.36));
#3005 = DIRECTION('',(0.,0.,1.));
#3006 = DIRECTION('',(0.,1.,0.));
#3007 = ADVANCED_FACE('',(#3008),#3027,.T.);
#3008 = FACE_BOUND('',#3009,.F.);
#3009 = EDGE_LOOP('',(#3010,#3011,#3012,#3021));
#3010 = ORIENTED_EDGE('',*,*,#2627,.T.);
#3011 = ORIENTED_EDGE('',*,*,#2963,.T.);
#3012 = ORIENTED_EDGE('',*,*,#3013,.F.);
#3013 = EDGE_CURVE('',#3014,#2964,#3016,.T.);
#3014 = VERTEX_POINT('',#3015);
#3015 = CARTESIAN_POINT('',(4.3132890696,-0.240818046205,7.08));
#3016 = CIRCLE('',#3017,0.708);
#3017 = AXIS2_PLACEMENT_3D('',#3018,#3019,#3020);
#3018 = CARTESIAN_POINT('',(4.3132890696,0.467181953795,7.08));
#3019 = DIRECTION('',(-0.,-0.,-1.));
#3020 = DIRECTION('',(0.,-1.,0.));
#3021 = ORIENTED_EDGE('',*,*,#3022,.F.);
#3022 = EDGE_CURVE('',#2628,#3014,#3023,.T.);
#3023 = LINE('',#3024,#3025);
#3024 = CARTESIAN_POINT('',(4.3132890696,-0.240818046205,2.36));
#3025 = VECTOR('',#3026,1.);
#3026 = DIRECTION('',(0.,0.,1.));
#3027 = CYLINDRICAL_SURFACE('',#3028,0.708);
#3028 = AXIS2_PLACEMENT_3D('',#3029,#3030,#3031);
#3029 = CARTESIAN_POINT('',(4.3132890696,0.467181953795,2.36));
#3030 = DIRECTION('',(0.,0.,1.));
#3031 = DIRECTION('',(0.,-1.,0.));
#3032 = ADVANCED_FACE('',(#3033),#3051,.T.);
#3033 = FACE_BOUND('',#3034,.T.);
#3034 = EDGE_LOOP('',(#3035,#3036,#3037,#3045));
#3035 = ORIENTED_EDGE('',*,*,#2703,.F.);
#3036 = ORIENTED_EDGE('',*,*,#2987,.T.);
#3037 = ORIENTED_EDGE('',*,*,#3038,.T.);
#3038 = EDGE_CURVE('',#2988,#3039,#3041,.T.);
#3039 = VERTEX_POINT('',#3040);
#3040 = CARTESIAN_POINT('',(6.6024890696,-1.3028180462,7.08));
#3041 = LINE('',#3042,#3043);
#3042 = CARTESIAN_POINT('',(6.6024890696,0.7385819538,7.08));
#3043 = VECTOR('',#3044,1.);
#3044 = DIRECTION('',(0.,-1.,0.));
#3045 = ORIENTED_EDGE('',*,*,#3046,.F.);
#3046 = EDGE_CURVE('',#2695,#3039,#3047,.T.);
#3047 = LINE('',#3048,#3049);
#3048 = CARTESIAN_POINT('',(6.6024890696,-1.3028180462,2.36));
#3049 = VECTOR('',#3050,1.);
#3050 = DIRECTION('',(0.,0.,1.));
#3051 = PLANE('',#3052);
#3052 = AXIS2_PLACEMENT_3D('',#3053,#3054,#3055);
#3053 = CARTESIAN_POINT('',(6.6024890696,0.7385819538,2.36));
#3054 = DIRECTION('',(1.,0.,0.));
#3055 = DIRECTION('',(0.,-1.,0.));
#3056 = ADVANCED_FACE('',(#3057),#3075,.T.);
#3057 = FACE_BOUND('',#3058,.T.);
#3058 = EDGE_LOOP('',(#3059,#3060,#3068,#3074));
#3059 = ORIENTED_EDGE('',*,*,#2636,.F.);
#3060 = ORIENTED_EDGE('',*,*,#3061,.T.);
#3061 = EDGE_CURVE('',#2637,#3062,#3064,.T.);
#3062 = VERTEX_POINT('',#3063);
#3063 = CARTESIAN_POINT('',(5.3162890696,-0.240818046205,7.08));
#3064 = LINE('',#3065,#3066);
#3065 = CARTESIAN_POINT('',(5.3162890696,-0.240818046205,2.36));
#3066 = VECTOR('',#3067,1.);
#3067 = DIRECTION('',(0.,0.,1.));
#3068 = ORIENTED_EDGE('',*,*,#3069,.T.);
#3069 = EDGE_CURVE('',#3062,#3014,#3070,.T.);
#3070 = LINE('',#3071,#3072);
#3071 = CARTESIAN_POINT('',(5.6702890696,-0.240818046205,7.08));
#3072 = VECTOR('',#3073,1.);
#3073 = DIRECTION('',(-1.,0.,0.));
#3074 = ORIENTED_EDGE('',*,*,#3022,.F.);
#3075 = PLANE('',#3076);
#3076 = AXIS2_PLACEMENT_3D('',#3077,#3078,#3079);
#3077 = CARTESIAN_POINT('',(5.6702890696,-0.240818046205,2.36));
#3078 = DIRECTION('',(0.,-1.,0.));
#3079 = DIRECTION('',(-1.,0.,0.));
#3080 = ADVANCED_FACE('',(#3081),#3100,.T.);
#3081 = FACE_BOUND('',#3082,.F.);
#3082 = EDGE_LOOP('',(#3083,#3084,#3092,#3099));
#3083 = ORIENTED_EDGE('',*,*,#2694,.T.);
#3084 = ORIENTED_EDGE('',*,*,#3085,.T.);
#3085 = EDGE_CURVE('',#2687,#3086,#3088,.T.);
#3086 = VERTEX_POINT('',#3087);
#3087 = CARTESIAN_POINT('',(5.8944890696,-2.0108180462,7.08));
#3088 = LINE('',#3089,#3090);
#3089 = CARTESIAN_POINT('',(5.8944890696,-2.0108180462,2.36));
#3090 = VECTOR('',#3091,1.);
#3091 = DIRECTION('',(0.,0.,1.));
#3092 = ORIENTED_EDGE('',*,*,#3093,.F.);
#3093 = EDGE_CURVE('',#3039,#3086,#3094,.T.);
#3094 = CIRCLE('',#3095,0.708);
#3095 = AXIS2_PLACEMENT_3D('',#3096,#3097,#3098);
#3096 = CARTESIAN_POINT('',(5.8944890696,-1.3028180462,7.08));
#3097 = DIRECTION('',(-0.,-0.,-1.));
#3098 = DIRECTION('',(0.,-1.,0.));
#3099 = ORIENTED_EDGE('',*,*,#3046,.F.);
#3100 = CYLINDRICAL_SURFACE('',#3101,0.708);
#3101 = AXIS2_PLACEMENT_3D('',#3102,#3103,#3104);
#3102 = CARTESIAN_POINT('',(5.8944890696,-1.3028180462,2.36));
#3103 = DIRECTION('',(0.,0.,1.));
#3104 = DIRECTION('',(1.,0.,0.));
#3105 = ADVANCED_FACE('',(#3106),#3125,.F.);
#3106 = FACE_BOUND('',#3107,.T.);
#3107 = EDGE_LOOP('',(#3108,#3109,#3117,#3124));
#3108 = ORIENTED_EDGE('',*,*,#2644,.T.);
#3109 = ORIENTED_EDGE('',*,*,#3110,.T.);
#3110 = EDGE_CURVE('',#2645,#3111,#3113,.T.);
#3111 = VERTEX_POINT('',#3112);
#3112 = CARTESIAN_POINT('',(5.6702890696,-0.594818046205,7.08));
#3113 = LINE('',#3114,#3115);
#3114 = CARTESIAN_POINT('',(5.6702890696,-0.594818046205,2.36));
#3115 = VECTOR('',#3116,1.);
#3116 = DIRECTION('',(0.,0.,1.));
#3117 = ORIENTED_EDGE('',*,*,#3118,.F.);
#3118 = EDGE_CURVE('',#3062,#3111,#3119,.T.);
#3119 = CIRCLE('',#3120,0.354);
#3120 = AXIS2_PLACEMENT_3D('',#3121,#3122,#3123);
#3121 = CARTESIAN_POINT('',(5.3162890696,-0.594818046205,7.08));
#3122 = DIRECTION('',(-0.,-0.,-1.));
#3123 = DIRECTION('',(0.,-1.,0.));
#3124 = ORIENTED_EDGE('',*,*,#3061,.F.);
#3125 = CYLINDRICAL_SURFACE('',#3126,0.354);
#3126 = AXIS2_PLACEMENT_3D('',#3127,#3128,#3129);
#3127 = CARTESIAN_POINT('',(5.3162890696,-0.594818046205,2.36));
#3128 = DIRECTION('',(0.,0.,1.));
#3129 = DIRECTION('',(0.,1.,0.));
#3130 = ADVANCED_FACE('',(#3131),#3149,.T.);
#3131 = FACE_BOUND('',#3132,.T.);
#3132 = EDGE_LOOP('',(#3133,#3134,#3135,#3143));
#3133 = ORIENTED_EDGE('',*,*,#2686,.F.);
#3134 = ORIENTED_EDGE('',*,*,#3085,.T.);
#3135 = ORIENTED_EDGE('',*,*,#3136,.T.);
#3136 = EDGE_CURVE('',#3086,#3137,#3139,.T.);
#3137 = VERTEX_POINT('',#3138);
#3138 = CARTESIAN_POINT('',(3.6052890696,-2.0108180462,7.08));
#3139 = LINE('',#3140,#3141);
#3140 = CARTESIAN_POINT('',(6.6024890696,-2.0108180462,7.08));
#3141 = VECTOR('',#3142,1.);
#3142 = DIRECTION('',(-1.,0.,0.));
#3143 = ORIENTED_EDGE('',*,*,#3144,.F.);
#3144 = EDGE_CURVE('',#2679,#3137,#3145,.T.);
#3145 = LINE('',#3146,#3147);
#3146 = CARTESIAN_POINT('',(3.6052890696,-2.0108180462,2.36));
#3147 = VECTOR('',#3148,1.);
#3148 = DIRECTION('',(0.,0.,1.));
#3149 = PLANE('',#3150);
#3150 = AXIS2_PLACEMENT_3D('',#3151,#3152,#3153);
#3151 = CARTESIAN_POINT('',(6.6024890696,-2.0108180462,2.36));
#3152 = DIRECTION('',(0.,-1.,0.));
#3153 = DIRECTION('',(-1.,0.,0.));
#3154 = ADVANCED_FACE('',(#3155),#3173,.T.);
#3155 = FACE_BOUND('',#3156,.T.);
#3156 = EDGE_LOOP('',(#3157,#3158,#3166,#3172));
#3157 = ORIENTED_EDGE('',*,*,#2653,.F.);
#3158 = ORIENTED_EDGE('',*,*,#3159,.T.);
#3159 = EDGE_CURVE('',#2654,#3160,#3162,.T.);
#3160 = VERTEX_POINT('',#3161);
#3161 = CARTESIAN_POINT('',(5.6702890696,-0.712818046205,7.08));
#3162 = LINE('',#3163,#3164);
#3163 = CARTESIAN_POINT('',(5.6702890696,-0.712818046205,2.36));
#3164 = VECTOR('',#3165,1.);
#3165 = DIRECTION('',(0.,0.,1.));
#3166 = ORIENTED_EDGE('',*,*,#3167,.T.);
#3167 = EDGE_CURVE('',#3160,#3111,#3168,.T.);
#3168 = LINE('',#3169,#3170);
#3169 = CARTESIAN_POINT('',(5.6702890696,-1.066818046205,7.08));
#3170 = VECTOR('',#3171,1.);
#3171 = DIRECTION('',(0.,1.,0.));
#3172 = ORIENTED_EDGE('',*,*,#3110,.F.);
#3173 = PLANE('',#3174);
#3174 = AXIS2_PLACEMENT_3D('',#3175,#3176,#3177);
#3175 = CARTESIAN_POINT('',(5.6702890696,-1.066818046205,2.36));
#3176 = DIRECTION('',(-1.,0.,0.));
#3177 = DIRECTION('',(0.,1.,0.));
#3178 = ADVANCED_FACE('',(#3179),#3197,.T.);
#3179 = FACE_BOUND('',#3180,.T.);
#3180 = EDGE_LOOP('',(#3181,#3182,#3190,#3196));
#3181 = ORIENTED_EDGE('',*,*,#3144,.T.);
#3182 = ORIENTED_EDGE('',*,*,#3183,.T.);
#3183 = EDGE_CURVE('',#3137,#3184,#3186,.T.);
#3184 = VERTEX_POINT('',#3185);
#3185 = CARTESIAN_POINT('',(3.6052890696,-1.066818046205,7.08));
#3186 = LINE('',#3187,#3188);
#3187 = CARTESIAN_POINT('',(3.6052890696,-2.0108180462,7.08));
#3188 = VECTOR('',#3189,1.);
#3189 = DIRECTION('',(0.,1.,0.));
#3190 = ORIENTED_EDGE('',*,*,#3191,.F.);
#3191 = EDGE_CURVE('',#2671,#3184,#3192,.T.);
#3192 = LINE('',#3193,#3194);
#3193 = CARTESIAN_POINT('',(3.6052890696,-1.066818046205,2.36));
#3194 = VECTOR('',#3195,1.);
#3195 = DIRECTION('',(0.,0.,1.));
#3196 = ORIENTED_EDGE('',*,*,#2678,.F.);
#3197 = PLANE('',#3198);
#3198 = AXIS2_PLACEMENT_3D('',#3199,#3200,#3201);
#3199 = CARTESIAN_POINT('',(3.6052890696,-2.0108180462,2.36));
#3200 = DIRECTION('',(-1.,0.,0.));
#3201 = DIRECTION('',(0.,1.,0.));
#3202 = ADVANCED_FACE('',(#3203),#3222,.F.);
#3203 = FACE_BOUND('',#3204,.T.);
#3204 = EDGE_LOOP('',(#3205,#3206,#3214,#3221));
#3205 = ORIENTED_EDGE('',*,*,#2661,.T.);
#3206 = ORIENTED_EDGE('',*,*,#3207,.T.);
#3207 = EDGE_CURVE('',#2662,#3208,#3210,.T.);
#3208 = VERTEX_POINT('',#3209);
#3209 = CARTESIAN_POINT('',(5.3162890696,-1.066818046205,7.08));
#3210 = LINE('',#3211,#3212);
#3211 = CARTESIAN_POINT('',(5.3162890696,-1.066818046205,2.36));
#3212 = VECTOR('',#3213,1.);
#3213 = DIRECTION('',(0.,0.,1.));
#3214 = ORIENTED_EDGE('',*,*,#3215,.F.);
#3215 = EDGE_CURVE('',#3160,#3208,#3216,.T.);
#3216 = CIRCLE('',#3217,0.354);
#3217 = AXIS2_PLACEMENT_3D('',#3218,#3219,#3220);
#3218 = CARTESIAN_POINT('',(5.3162890696,-0.712818046205,7.08));
#3219 = DIRECTION('',(-0.,-0.,-1.));
#3220 = DIRECTION('',(0.,-1.,0.));
#3221 = ORIENTED_EDGE('',*,*,#3159,.F.);
#3222 = CYLINDRICAL_SURFACE('',#3223,0.354);
#3223 = AXIS2_PLACEMENT_3D('',#3224,#3225,#3226);
#3224 = CARTESIAN_POINT('',(5.3162890696,-0.712818046205,2.36));
#3225 = DIRECTION('',(0.,0.,1.));
#3226 = DIRECTION('',(1.,0.,0.));
#3227 = ADVANCED_FACE('',(#3228),#3239,.T.);
#3228 = FACE_BOUND('',#3229,.T.);
#3229 = EDGE_LOOP('',(#3230,#3231,#3232,#3238));
#3230 = ORIENTED_EDGE('',*,*,#2670,.F.);
#3231 = ORIENTED_EDGE('',*,*,#3191,.T.);
#3232 = ORIENTED_EDGE('',*,*,#3233,.T.);
#3233 = EDGE_CURVE('',#3184,#3208,#3234,.T.);
#3234 = LINE('',#3235,#3236);
#3235 = CARTESIAN_POINT('',(3.6052890696,-1.066818046205,7.08));
#3236 = VECTOR('',#3237,1.);
#3237 = DIRECTION('',(1.,0.,0.));
#3238 = ORIENTED_EDGE('',*,*,#3207,.F.);
#3239 = PLANE('',#3240);
#3240 = AXIS2_PLACEMENT_3D('',#3241,#3242,#3243);
#3241 = CARTESIAN_POINT('',(3.6052890696,-1.066818046205,2.36));
#3242 = DIRECTION('',(0.,1.,0.));
#3243 = DIRECTION('',(1.,0.,0.));
#3244 = ADVANCED_FACE('',(#3245),#3267,.T.);
#3245 = FACE_BOUND('',#3246,.T.);
#3246 = EDGE_LOOP('',(#3247,#3248,#3249,#3250,#3251,#3252,#3253,#3254,
    #3255,#3256,#3257,#3258,#3259,#3260,#3261,#3262,#3263,#3264,#3265,
    #3266));
#3247 = ORIENTED_EDGE('',*,*,#2769,.F.);
#3248 = ORIENTED_EDGE('',*,*,#2824,.F.);
#3249 = ORIENTED_EDGE('',*,*,#2873,.F.);
#3250 = ORIENTED_EDGE('',*,*,#2922,.T.);
#3251 = ORIENTED_EDGE('',*,*,#2971,.F.);
#3252 = ORIENTED_EDGE('',*,*,#3013,.F.);
#3253 = ORIENTED_EDGE('',*,*,#3069,.F.);
#3254 = ORIENTED_EDGE('',*,*,#3118,.T.);
#3255 = ORIENTED_EDGE('',*,*,#3167,.F.);
#3256 = ORIENTED_EDGE('',*,*,#3215,.T.);
#3257 = ORIENTED_EDGE('',*,*,#3233,.F.);
#3258 = ORIENTED_EDGE('',*,*,#3183,.F.);
#3259 = ORIENTED_EDGE('',*,*,#3136,.F.);
#3260 = ORIENTED_EDGE('',*,*,#3093,.F.);
#3261 = ORIENTED_EDGE('',*,*,#3038,.F.);
#3262 = ORIENTED_EDGE('',*,*,#2995,.F.);
#3263 = ORIENTED_EDGE('',*,*,#2940,.F.);
#3264 = ORIENTED_EDGE('',*,*,#2897,.F.);
#3265 = ORIENTED_EDGE('',*,*,#2842,.F.);
#3266 = ORIENTED_EDGE('',*,*,#2800,.F.);
#3267 = PLANE('',#3268);
#3268 = AXIS2_PLACEMENT_3D('',#3269,#3270,#3271);
#3269 = CARTESIAN_POINT('',(-3.526772598173,0.467820267999,7.08));
#3270 = DIRECTION('',(0.,0.,1.));
#3271 = DIRECTION('',(1.,0.,0.));
#3272 = MANIFOLD_SOLID_BREP('',#3273);
#3273 = CLOSED_SHELL('',(#3274,#3414,#3445,#3470,#3494,#3518,#3542,#3566
    ,#3591,#3615,#3639,#3663,#3688,#3712,#3736,#3761,#3785,#3802));
#3274 = ADVANCED_FACE('',(#3275),#3409,.F.);
#3275 = FACE_BOUND('',#3276,.F.);
#3276 = EDGE_LOOP('',(#3277,#3287,#3295,#3303,#3312,#3320,#3329,#3337,
    #3345,#3353,#3362,#3370,#3378,#3386,#3394,#3402));
#3277 = ORIENTED_EDGE('',*,*,#3278,.T.);
#3278 = EDGE_CURVE('',#3279,#3281,#3283,.T.);
#3279 = VERTEX_POINT('',#3280);
#3280 = CARTESIAN_POINT('',(11.593889069599,1.564581953798,2.36));
#3281 = VERTEX_POINT('',#3282);
#3282 = CARTESIAN_POINT('',(13.3048890696,1.564581953798,2.36));
#3283 = LINE('',#3284,#3285);
#3284 = CARTESIAN_POINT('',(11.239889069599,1.564581953798,2.36));
#3285 = VECTOR('',#3286,1.);
#3286 = DIRECTION('',(1.,0.,0.));
#3287 = ORIENTED_EDGE('',*,*,#3288,.T.);
#3288 = EDGE_CURVE('',#3281,#3289,#3291,.T.);
#3289 = VERTEX_POINT('',#3290);
#3290 = CARTESIAN_POINT('',(13.3048890696,2.4731819538,2.36));
#3291 = LINE('',#3292,#3293);
#3292 = CARTESIAN_POINT('',(13.3048890696,1.564581953798,2.36));
#3293 = VECTOR('',#3294,1.);
#3294 = DIRECTION('',(0.,1.,0.));
#3295 = ORIENTED_EDGE('',*,*,#3296,.T.);
#3296 = EDGE_CURVE('',#3289,#3297,#3299,.T.);
#3297 = VERTEX_POINT('',#3298);
#3298 = CARTESIAN_POINT('',(11.0156890696,2.4731819538,2.36));
#3299 = LINE('',#3300,#3301);
#3300 = CARTESIAN_POINT('',(13.3048890696,2.4731819538,2.36));
#3301 = VECTOR('',#3302,1.);
#3302 = DIRECTION('',(-1.,1.748382715945E-16,0.));
#3303 = ORIENTED_EDGE('',*,*,#3304,.F.);
#3304 = EDGE_CURVE('',#3305,#3297,#3307,.T.);
#3305 = VERTEX_POINT('',#3306);
#3306 = CARTESIAN_POINT('',(10.3076890696,1.7651819538,2.36));
#3307 = CIRCLE('',#3308,0.708);
#3308 = AXIS2_PLACEMENT_3D('',#3309,#3310,#3311);
#3309 = CARTESIAN_POINT('',(11.0156890696,1.7651819538,2.36));
#3310 = DIRECTION('',(-0.,-0.,-1.));
#3311 = DIRECTION('',(0.,-1.,0.));
#3312 = ORIENTED_EDGE('',*,*,#3313,.T.);
#3313 = EDGE_CURVE('',#3305,#3314,#3316,.T.);
#3314 = VERTEX_POINT('',#3315);
#3315 = CARTESIAN_POINT('',(10.3076890696,-1.3028180462,2.36));
#3316 = LINE('',#3317,#3318);
#3317 = CARTESIAN_POINT('',(10.3076890696,2.4731819538,2.36));
#3318 = VECTOR('',#3319,1.);
#3319 = DIRECTION('',(0.,-1.,0.));
#3320 = ORIENTED_EDGE('',*,*,#3321,.T.);
#3321 = EDGE_CURVE('',#3314,#3322,#3324,.T.);
#3322 = VERTEX_POINT('',#3323);
#3323 = CARTESIAN_POINT('',(11.0156890696,-2.0108180462,2.36));
#3324 = CIRCLE('',#3325,0.708);
#3325 = AXIS2_PLACEMENT_3D('',#3326,#3327,#3328);
#3326 = CARTESIAN_POINT('',(11.0156890696,-1.3028180462,2.36));
#3327 = DIRECTION('',(-0.,0.,1.));
#3328 = DIRECTION('',(0.,-1.,0.));
#3329 = ORIENTED_EDGE('',*,*,#3330,.T.);
#3330 = EDGE_CURVE('',#3322,#3331,#3333,.T.);
#3331 = VERTEX_POINT('',#3332);
#3332 = CARTESIAN_POINT('',(13.304889069599,-2.0108180462,2.36));
#3333 = LINE('',#3334,#3335);
#3334 = CARTESIAN_POINT('',(10.3076890696,-2.0108180462,2.36));
#3335 = VECTOR('',#3336,1.);
#3336 = DIRECTION('',(1.,0.,0.));
#3337 = ORIENTED_EDGE('',*,*,#3338,.T.);
#3338 = EDGE_CURVE('',#3331,#3339,#3341,.T.);
#3339 = VERTEX_POINT('',#3340);
#3340 = CARTESIAN_POINT('',(13.304889069599,-1.102218046198,2.36));
#3341 = LINE('',#3342,#3343);
#3342 = CARTESIAN_POINT('',(13.304889069599,-2.0108180462,2.36));
#3343 = VECTOR('',#3344,1.);
#3344 = DIRECTION('',(0.,1.,0.));
#3345 = ORIENTED_EDGE('',*,*,#3346,.T.);
#3346 = EDGE_CURVE('',#3339,#3347,#3349,.T.);
#3347 = VERTEX_POINT('',#3348);
#3348 = CARTESIAN_POINT('',(11.593889069599,-1.102218046198,2.36));
#3349 = LINE('',#3350,#3351);
#3350 = CARTESIAN_POINT('',(13.304889069599,-1.102218046198,2.36));
#3351 = VECTOR('',#3352,1.);
#3352 = DIRECTION('',(-1.,0.,0.));
#3353 = ORIENTED_EDGE('',*,*,#3354,.T.);
#3354 = EDGE_CURVE('',#3347,#3355,#3357,.T.);
#3355 = VERTEX_POINT('',#3356);
#3356 = CARTESIAN_POINT('',(11.239889069599,-0.748218046198,2.36));
#3357 = CIRCLE('',#3358,0.354);
#3358 = AXIS2_PLACEMENT_3D('',#3359,#3360,#3361);
#3359 = CARTESIAN_POINT('',(11.593889069599,-0.748218046198,2.36));
#3360 = DIRECTION('',(-0.,-0.,-1.));
#3361 = DIRECTION('',(0.,-1.,0.));
#3362 = ORIENTED_EDGE('',*,*,#3363,.T.);
#3363 = EDGE_CURVE('',#3355,#3364,#3366,.T.);
#3364 = VERTEX_POINT('',#3365);
#3365 = CARTESIAN_POINT('',(11.239889069599,-0.193618046197,2.36));
#3366 = LINE('',#3367,#3368);
#3367 = CARTESIAN_POINT('',(11.239889069599,-1.102218046198,2.36));
#3368 = VECTOR('',#3369,1.);
#3369 = DIRECTION('',(0.,1.,0.));
#3370 = ORIENTED_EDGE('',*,*,#3371,.T.);
#3371 = EDGE_CURVE('',#3364,#3372,#3374,.T.);
#3372 = VERTEX_POINT('',#3373);
#3373 = CARTESIAN_POINT('',(12.797489069599,-0.193618046197,2.36));
#3374 = LINE('',#3375,#3376);
#3375 = CARTESIAN_POINT('',(11.239889069599,-0.193618046197,2.36));
#3376 = VECTOR('',#3377,1.);
#3377 = DIRECTION('',(1.,0.,0.));
#3378 = ORIENTED_EDGE('',*,*,#3379,.T.);
#3379 = EDGE_CURVE('',#3372,#3380,#3382,.T.);
#3380 = VERTEX_POINT('',#3381);
#3381 = CARTESIAN_POINT('',(12.797489069599,0.714981953805,2.36));
#3382 = LINE('',#3383,#3384);
#3383 = CARTESIAN_POINT('',(12.797489069599,-0.193618046197,2.36));
#3384 = VECTOR('',#3385,1.);
#3385 = DIRECTION('',(0.,1.,0.));
#3386 = ORIENTED_EDGE('',*,*,#3387,.T.);
#3387 = EDGE_CURVE('',#3380,#3388,#3390,.T.);
#3388 = VERTEX_POINT('',#3389);
#3389 = CARTESIAN_POINT('',(11.239889069599,0.714981953805,2.36));
#3390 = LINE('',#3391,#3392);
#3391 = CARTESIAN_POINT('',(12.797489069599,0.714981953805,2.36));
#3392 = VECTOR('',#3393,1.);
#3393 = DIRECTION('',(-1.,0.,0.));
#3394 = ORIENTED_EDGE('',*,*,#3395,.T.);
#3395 = EDGE_CURVE('',#3388,#3396,#3398,.T.);
#3396 = VERTEX_POINT('',#3397);
#3397 = CARTESIAN_POINT('',(11.239889069599,1.210581953798,2.36));
#3398 = LINE('',#3399,#3400);
#3399 = CARTESIAN_POINT('',(11.239889069599,0.714981953805,2.36));
#3400 = VECTOR('',#3401,1.);
#3401 = DIRECTION('',(0.,1.,0.));
#3402 = ORIENTED_EDGE('',*,*,#3403,.F.);
#3403 = EDGE_CURVE('',#3279,#3396,#3404,.T.);
#3404 = CIRCLE('',#3405,0.354);
#3405 = AXIS2_PLACEMENT_3D('',#3406,#3407,#3408);
#3406 = CARTESIAN_POINT('',(11.593889069599,1.210581953798,2.36));
#3407 = DIRECTION('',(-0.,0.,1.));
#3408 = DIRECTION('',(0.,-1.,0.));
#3409 = PLANE('',#3410);
#3410 = AXIS2_PLACEMENT_3D('',#3411,#3412,#3413);
#3411 = CARTESIAN_POINT('',(-3.526772598173,0.467820267999,2.36));
#3412 = DIRECTION('',(0.,0.,1.));
#3413 = DIRECTION('',(1.,0.,0.));
#3414 = ADVANCED_FACE('',(#3415),#3440,.F.);
#3415 = FACE_BOUND('',#3416,.F.);
#3416 = EDGE_LOOP('',(#3417,#3418,#3426,#3434));
#3417 = ORIENTED_EDGE('',*,*,#3278,.F.);
#3418 = ORIENTED_EDGE('',*,*,#3419,.T.);
#3419 = EDGE_CURVE('',#3279,#3420,#3422,.T.);
#3420 = VERTEX_POINT('',#3421);
#3421 = CARTESIAN_POINT('',(11.593889069599,1.564581953798,7.08));
#3422 = LINE('',#3423,#3424);
#3423 = CARTESIAN_POINT('',(11.593889069599,1.564581953798,2.36));
#3424 = VECTOR('',#3425,1.);
#3425 = DIRECTION('',(0.,0.,1.));
#3426 = ORIENTED_EDGE('',*,*,#3427,.T.);
#3427 = EDGE_CURVE('',#3420,#3428,#3430,.T.);
#3428 = VERTEX_POINT('',#3429);
#3429 = CARTESIAN_POINT('',(13.3048890696,1.564581953798,7.08));
#3430 = LINE('',#3431,#3432);
#3431 = CARTESIAN_POINT('',(11.239889069599,1.564581953798,7.08));
#3432 = VECTOR('',#3433,1.);
#3433 = DIRECTION('',(1.,0.,0.));
#3434 = ORIENTED_EDGE('',*,*,#3435,.F.);
#3435 = EDGE_CURVE('',#3281,#3428,#3436,.T.);
#3436 = LINE('',#3437,#3438);
#3437 = CARTESIAN_POINT('',(13.3048890696,1.564581953798,2.36));
#3438 = VECTOR('',#3439,1.);
#3439 = DIRECTION('',(0.,0.,1.));
#3440 = PLANE('',#3441);
#3441 = AXIS2_PLACEMENT_3D('',#3442,#3443,#3444);
#3442 = CARTESIAN_POINT('',(11.239889069599,1.564581953798,2.36));
#3443 = DIRECTION('',(0.,1.,0.));
#3444 = DIRECTION('',(1.,0.,0.));
#3445 = ADVANCED_FACE('',(#3446),#3465,.F.);
#3446 = FACE_BOUND('',#3447,.F.);
#3447 = EDGE_LOOP('',(#3448,#3449,#3457,#3464));
#3448 = ORIENTED_EDGE('',*,*,#3403,.T.);
#3449 = ORIENTED_EDGE('',*,*,#3450,.T.);
#3450 = EDGE_CURVE('',#3396,#3451,#3453,.T.);
#3451 = VERTEX_POINT('',#3452);
#3452 = CARTESIAN_POINT('',(11.239889069599,1.210581953798,7.08));
#3453 = LINE('',#3454,#3455);
#3454 = CARTESIAN_POINT('',(11.239889069599,1.210581953798,2.36));
#3455 = VECTOR('',#3456,1.);
#3456 = DIRECTION('',(0.,0.,1.));
#3457 = ORIENTED_EDGE('',*,*,#3458,.F.);
#3458 = EDGE_CURVE('',#3420,#3451,#3459,.T.);
#3459 = CIRCLE('',#3460,0.354);
#3460 = AXIS2_PLACEMENT_3D('',#3461,#3462,#3463);
#3461 = CARTESIAN_POINT('',(11.593889069599,1.210581953798,7.08));
#3462 = DIRECTION('',(-0.,0.,1.));
#3463 = DIRECTION('',(0.,-1.,0.));
#3464 = ORIENTED_EDGE('',*,*,#3419,.F.);
#3465 = CYLINDRICAL_SURFACE('',#3466,0.354);
#3466 = AXIS2_PLACEMENT_3D('',#3467,#3468,#3469);
#3467 = CARTESIAN_POINT('',(11.593889069599,1.210581953798,2.36));
#3468 = DIRECTION('',(0.,0.,1.));
#3469 = DIRECTION('',(0.,1.,0.));
#3470 = ADVANCED_FACE('',(#3471),#3489,.F.);
#3471 = FACE_BOUND('',#3472,.F.);
#3472 = EDGE_LOOP('',(#3473,#3474,#3482,#3488));
#3473 = ORIENTED_EDGE('',*,*,#3435,.T.);
#3474 = ORIENTED_EDGE('',*,*,#3475,.T.);
#3475 = EDGE_CURVE('',#3428,#3476,#3478,.T.);
#3476 = VERTEX_POINT('',#3477);
#3477 = CARTESIAN_POINT('',(13.3048890696,2.4731819538,7.08));
#3478 = LINE('',#3479,#3480);
#3479 = CARTESIAN_POINT('',(13.3048890696,1.564581953798,7.08));
#3480 = VECTOR('',#3481,1.);
#3481 = DIRECTION('',(0.,1.,0.));
#3482 = ORIENTED_EDGE('',*,*,#3483,.F.);
#3483 = EDGE_CURVE('',#3289,#3476,#3484,.T.);
#3484 = LINE('',#3485,#3486);
#3485 = CARTESIAN_POINT('',(13.3048890696,2.4731819538,2.36));
#3486 = VECTOR('',#3487,1.);
#3487 = DIRECTION('',(0.,0.,1.));
#3488 = ORIENTED_EDGE('',*,*,#3288,.F.);
#3489 = PLANE('',#3490);
#3490 = AXIS2_PLACEMENT_3D('',#3491,#3492,#3493);
#3491 = CARTESIAN_POINT('',(13.3048890696,1.564581953798,2.36));
#3492 = DIRECTION('',(-1.,0.,0.));
#3493 = DIRECTION('',(0.,1.,0.));
#3494 = ADVANCED_FACE('',(#3495),#3513,.F.);
#3495 = FACE_BOUND('',#3496,.F.);
#3496 = EDGE_LOOP('',(#3497,#3498,#3506,#3512));
#3497 = ORIENTED_EDGE('',*,*,#3395,.F.);
#3498 = ORIENTED_EDGE('',*,*,#3499,.T.);
#3499 = EDGE_CURVE('',#3388,#3500,#3502,.T.);
#3500 = VERTEX_POINT('',#3501);
#3501 = CARTESIAN_POINT('',(11.239889069599,0.714981953805,7.08));
#3502 = LINE('',#3503,#3504);
#3503 = CARTESIAN_POINT('',(11.239889069599,0.714981953805,2.36));
#3504 = VECTOR('',#3505,1.);
#3505 = DIRECTION('',(0.,0.,1.));
#3506 = ORIENTED_EDGE('',*,*,#3507,.T.);
#3507 = EDGE_CURVE('',#3500,#3451,#3508,.T.);
#3508 = LINE('',#3509,#3510);
#3509 = CARTESIAN_POINT('',(11.239889069599,0.714981953805,7.08));
#3510 = VECTOR('',#3511,1.);
#3511 = DIRECTION('',(0.,1.,0.));
#3512 = ORIENTED_EDGE('',*,*,#3450,.F.);
#3513 = PLANE('',#3514);
#3514 = AXIS2_PLACEMENT_3D('',#3515,#3516,#3517);
#3515 = CARTESIAN_POINT('',(11.239889069599,0.714981953805,2.36));
#3516 = DIRECTION('',(-1.,0.,0.));
#3517 = DIRECTION('',(0.,1.,0.));
#3518 = ADVANCED_FACE('',(#3519),#3537,.F.);
#3519 = FACE_BOUND('',#3520,.F.);
#3520 = EDGE_LOOP('',(#3521,#3522,#3523,#3531));
#3521 = ORIENTED_EDGE('',*,*,#3296,.F.);
#3522 = ORIENTED_EDGE('',*,*,#3483,.T.);
#3523 = ORIENTED_EDGE('',*,*,#3524,.T.);
#3524 = EDGE_CURVE('',#3476,#3525,#3527,.T.);
#3525 = VERTEX_POINT('',#3526);
#3526 = CARTESIAN_POINT('',(11.0156890696,2.4731819538,7.08));
#3527 = LINE('',#3528,#3529);
#3528 = CARTESIAN_POINT('',(13.3048890696,2.4731819538,7.08));
#3529 = VECTOR('',#3530,1.);
#3530 = DIRECTION('',(-1.,1.748382715945E-16,0.));
#3531 = ORIENTED_EDGE('',*,*,#3532,.F.);
#3532 = EDGE_CURVE('',#3297,#3525,#3533,.T.);
#3533 = LINE('',#3534,#3535);
#3534 = CARTESIAN_POINT('',(11.0156890696,2.4731819538,2.36));
#3535 = VECTOR('',#3536,1.);
#3536 = DIRECTION('',(0.,0.,1.));
#3537 = PLANE('',#3538);
#3538 = AXIS2_PLACEMENT_3D('',#3539,#3540,#3541);
#3539 = CARTESIAN_POINT('',(13.3048890696,2.4731819538,2.36));
#3540 = DIRECTION('',(-1.748382715945E-16,-1.,0.));
#3541 = DIRECTION('',(-1.,1.748382715945E-16,0.));
#3542 = ADVANCED_FACE('',(#3543),#3561,.F.);
#3543 = FACE_BOUND('',#3544,.F.);
#3544 = EDGE_LOOP('',(#3545,#3553,#3559,#3560));
#3545 = ORIENTED_EDGE('',*,*,#3546,.T.);
#3546 = EDGE_CURVE('',#3380,#3547,#3549,.T.);
#3547 = VERTEX_POINT('',#3548);
#3548 = CARTESIAN_POINT('',(12.797489069599,0.714981953805,7.08));
#3549 = LINE('',#3550,#3551);
#3550 = CARTESIAN_POINT('',(12.797489069599,0.714981953805,2.36));
#3551 = VECTOR('',#3552,1.);
#3552 = DIRECTION('',(0.,0.,1.));
#3553 = ORIENTED_EDGE('',*,*,#3554,.T.);
#3554 = EDGE_CURVE('',#3547,#3500,#3555,.T.);
#3555 = LINE('',#3556,#3557);
#3556 = CARTESIAN_POINT('',(12.797489069599,0.714981953805,7.08));
#3557 = VECTOR('',#3558,1.);
#3558 = DIRECTION('',(-1.,0.,0.));
#3559 = ORIENTED_EDGE('',*,*,#3499,.F.);
#3560 = ORIENTED_EDGE('',*,*,#3387,.F.);
#3561 = PLANE('',#3562);
#3562 = AXIS2_PLACEMENT_3D('',#3563,#3564,#3565);
#3563 = CARTESIAN_POINT('',(12.797489069599,0.714981953805,2.36));
#3564 = DIRECTION('',(0.,-1.,0.));
#3565 = DIRECTION('',(-1.,0.,0.));
#3566 = ADVANCED_FACE('',(#3567),#3586,.T.);
#3567 = FACE_BOUND('',#3568,.F.);
#3568 = EDGE_LOOP('',(#3569,#3570,#3571,#3580));
#3569 = ORIENTED_EDGE('',*,*,#3304,.T.);
#3570 = ORIENTED_EDGE('',*,*,#3532,.T.);
#3571 = ORIENTED_EDGE('',*,*,#3572,.F.);
#3572 = EDGE_CURVE('',#3573,#3525,#3575,.T.);
#3573 = VERTEX_POINT('',#3574);
#3574 = CARTESIAN_POINT('',(10.3076890696,1.7651819538,7.08));
#3575 = CIRCLE('',#3576,0.708);
#3576 = AXIS2_PLACEMENT_3D('',#3577,#3578,#3579);
#3577 = CARTESIAN_POINT('',(11.0156890696,1.7651819538,7.08));
#3578 = DIRECTION('',(-0.,-0.,-1.));
#3579 = DIRECTION('',(0.,-1.,0.));
#3580 = ORIENTED_EDGE('',*,*,#3581,.F.);
#3581 = EDGE_CURVE('',#3305,#3573,#3582,.T.);
#3582 = LINE('',#3583,#3584);
#3583 = CARTESIAN_POINT('',(10.3076890696,1.7651819538,2.36));
#3584 = VECTOR('',#3585,1.);
#3585 = DIRECTION('',(0.,0.,1.));
#3586 = CYLINDRICAL_SURFACE('',#3587,0.708);
#3587 = AXIS2_PLACEMENT_3D('',#3588,#3589,#3590);
#3588 = CARTESIAN_POINT('',(11.0156890696,1.7651819538,2.36));
#3589 = DIRECTION('',(0.,0.,1.));
#3590 = DIRECTION('',(-1.,0.,0.));
#3591 = ADVANCED_FACE('',(#3592),#3610,.F.);
#3592 = FACE_BOUND('',#3593,.F.);
#3593 = EDGE_LOOP('',(#3594,#3602,#3608,#3609));
#3594 = ORIENTED_EDGE('',*,*,#3595,.T.);
#3595 = EDGE_CURVE('',#3372,#3596,#3598,.T.);
#3596 = VERTEX_POINT('',#3597);
#3597 = CARTESIAN_POINT('',(12.797489069599,-0.193618046197,7.08));
#3598 = LINE('',#3599,#3600);
#3599 = CARTESIAN_POINT('',(12.797489069599,-0.193618046197,2.36));
#3600 = VECTOR('',#3601,1.);
#3601 = DIRECTION('',(0.,0.,1.));
#3602 = ORIENTED_EDGE('',*,*,#3603,.T.);
#3603 = EDGE_CURVE('',#3596,#3547,#3604,.T.);
#3604 = LINE('',#3605,#3606);
#3605 = CARTESIAN_POINT('',(12.797489069599,-0.193618046197,7.08));
#3606 = VECTOR('',#3607,1.);
#3607 = DIRECTION('',(0.,1.,0.));
#3608 = ORIENTED_EDGE('',*,*,#3546,.F.);
#3609 = ORIENTED_EDGE('',*,*,#3379,.F.);
#3610 = PLANE('',#3611);
#3611 = AXIS2_PLACEMENT_3D('',#3612,#3613,#3614);
#3612 = CARTESIAN_POINT('',(12.797489069599,-0.193618046197,2.36));
#3613 = DIRECTION('',(-1.,0.,0.));
#3614 = DIRECTION('',(0.,1.,0.));
#3615 = ADVANCED_FACE('',(#3616),#3634,.F.);
#3616 = FACE_BOUND('',#3617,.F.);
#3617 = EDGE_LOOP('',(#3618,#3619,#3620,#3628));
#3618 = ORIENTED_EDGE('',*,*,#3313,.F.);
#3619 = ORIENTED_EDGE('',*,*,#3581,.T.);
#3620 = ORIENTED_EDGE('',*,*,#3621,.T.);
#3621 = EDGE_CURVE('',#3573,#3622,#3624,.T.);
#3622 = VERTEX_POINT('',#3623);
#3623 = CARTESIAN_POINT('',(10.3076890696,-1.3028180462,7.08));
#3624 = LINE('',#3625,#3626);
#3625 = CARTESIAN_POINT('',(10.3076890696,2.4731819538,7.08));
#3626 = VECTOR('',#3627,1.);
#3627 = DIRECTION('',(0.,-1.,0.));
#3628 = ORIENTED_EDGE('',*,*,#3629,.F.);
#3629 = EDGE_CURVE('',#3314,#3622,#3630,.T.);
#3630 = LINE('',#3631,#3632);
#3631 = CARTESIAN_POINT('',(10.3076890696,-1.3028180462,2.36));
#3632 = VECTOR('',#3633,1.);
#3633 = DIRECTION('',(0.,0.,1.));
#3634 = PLANE('',#3635);
#3635 = AXIS2_PLACEMENT_3D('',#3636,#3637,#3638);
#3636 = CARTESIAN_POINT('',(10.3076890696,2.4731819538,2.36));
#3637 = DIRECTION('',(1.,0.,0.));
#3638 = DIRECTION('',(0.,-1.,0.));
#3639 = ADVANCED_FACE('',(#3640),#3658,.F.);
#3640 = FACE_BOUND('',#3641,.F.);
#3641 = EDGE_LOOP('',(#3642,#3650,#3656,#3657));
#3642 = ORIENTED_EDGE('',*,*,#3643,.T.);
#3643 = EDGE_CURVE('',#3364,#3644,#3646,.T.);
#3644 = VERTEX_POINT('',#3645);
#3645 = CARTESIAN_POINT('',(11.239889069599,-0.193618046197,7.08));
#3646 = LINE('',#3647,#3648);
#3647 = CARTESIAN_POINT('',(11.239889069599,-0.193618046197,2.36));
#3648 = VECTOR('',#3649,1.);
#3649 = DIRECTION('',(0.,0.,1.));
#3650 = ORIENTED_EDGE('',*,*,#3651,.T.);
#3651 = EDGE_CURVE('',#3644,#3596,#3652,.T.);
#3652 = LINE('',#3653,#3654);
#3653 = CARTESIAN_POINT('',(11.239889069599,-0.193618046197,7.08));
#3654 = VECTOR('',#3655,1.);
#3655 = DIRECTION('',(1.,0.,0.));
#3656 = ORIENTED_EDGE('',*,*,#3595,.F.);
#3657 = ORIENTED_EDGE('',*,*,#3371,.F.);
#3658 = PLANE('',#3659);
#3659 = AXIS2_PLACEMENT_3D('',#3660,#3661,#3662);
#3660 = CARTESIAN_POINT('',(11.239889069599,-0.193618046197,2.36));
#3661 = DIRECTION('',(0.,1.,0.));
#3662 = DIRECTION('',(1.,0.,0.));
#3663 = ADVANCED_FACE('',(#3664),#3683,.T.);
#3664 = FACE_BOUND('',#3665,.T.);
#3665 = EDGE_LOOP('',(#3666,#3667,#3675,#3682));
#3666 = ORIENTED_EDGE('',*,*,#3321,.T.);
#3667 = ORIENTED_EDGE('',*,*,#3668,.T.);
#3668 = EDGE_CURVE('',#3322,#3669,#3671,.T.);
#3669 = VERTEX_POINT('',#3670);
#3670 = CARTESIAN_POINT('',(11.0156890696,-2.0108180462,7.08));
#3671 = LINE('',#3672,#3673);
#3672 = CARTESIAN_POINT('',(11.0156890696,-2.0108180462,2.36));
#3673 = VECTOR('',#3674,1.);
#3674 = DIRECTION('',(0.,0.,1.));
#3675 = ORIENTED_EDGE('',*,*,#3676,.F.);
#3676 = EDGE_CURVE('',#3622,#3669,#3677,.T.);
#3677 = CIRCLE('',#3678,0.708);
#3678 = AXIS2_PLACEMENT_3D('',#3679,#3680,#3681);
#3679 = CARTESIAN_POINT('',(11.0156890696,-1.3028180462,7.08));
#3680 = DIRECTION('',(-0.,0.,1.));
#3681 = DIRECTION('',(0.,-1.,0.));
#3682 = ORIENTED_EDGE('',*,*,#3629,.F.);
#3683 = CYLINDRICAL_SURFACE('',#3684,0.708);
#3684 = AXIS2_PLACEMENT_3D('',#3685,#3686,#3687);
#3685 = CARTESIAN_POINT('',(11.0156890696,-1.3028180462,2.36));
#3686 = DIRECTION('',(0.,0.,1.));
#3687 = DIRECTION('',(-1.,0.,0.));
#3688 = ADVANCED_FACE('',(#3689),#3707,.F.);
#3689 = FACE_BOUND('',#3690,.F.);
#3690 = EDGE_LOOP('',(#3691,#3692,#3700,#3706));
#3691 = ORIENTED_EDGE('',*,*,#3363,.F.);
#3692 = ORIENTED_EDGE('',*,*,#3693,.T.);
#3693 = EDGE_CURVE('',#3355,#3694,#3696,.T.);
#3694 = VERTEX_POINT('',#3695);
#3695 = CARTESIAN_POINT('',(11.239889069599,-0.748218046198,7.08));
#3696 = LINE('',#3697,#3698);
#3697 = CARTESIAN_POINT('',(11.239889069599,-0.748218046198,2.36));
#3698 = VECTOR('',#3699,1.);
#3699 = DIRECTION('',(0.,0.,1.));
#3700 = ORIENTED_EDGE('',*,*,#3701,.T.);
#3701 = EDGE_CURVE('',#3694,#3644,#3702,.T.);
#3702 = LINE('',#3703,#3704);
#3703 = CARTESIAN_POINT('',(11.239889069599,-1.102218046198,7.08));
#3704 = VECTOR('',#3705,1.);
#3705 = DIRECTION('',(0.,1.,0.));
#3706 = ORIENTED_EDGE('',*,*,#3643,.F.);
#3707 = PLANE('',#3708);
#3708 = AXIS2_PLACEMENT_3D('',#3709,#3710,#3711);
#3709 = CARTESIAN_POINT('',(11.239889069599,-1.102218046198,2.36));
#3710 = DIRECTION('',(-1.,0.,0.));
#3711 = DIRECTION('',(0.,1.,0.));
#3712 = ADVANCED_FACE('',(#3713),#3731,.F.);
#3713 = FACE_BOUND('',#3714,.F.);
#3714 = EDGE_LOOP('',(#3715,#3716,#3717,#3725));
#3715 = ORIENTED_EDGE('',*,*,#3330,.F.);
#3716 = ORIENTED_EDGE('',*,*,#3668,.T.);
#3717 = ORIENTED_EDGE('',*,*,#3718,.T.);
#3718 = EDGE_CURVE('',#3669,#3719,#3721,.T.);
#3719 = VERTEX_POINT('',#3720);
#3720 = CARTESIAN_POINT('',(13.304889069599,-2.0108180462,7.08));
#3721 = LINE('',#3722,#3723);
#3722 = CARTESIAN_POINT('',(10.3076890696,-2.0108180462,7.08));
#3723 = VECTOR('',#3724,1.);
#3724 = DIRECTION('',(1.,0.,0.));
#3725 = ORIENTED_EDGE('',*,*,#3726,.F.);
#3726 = EDGE_CURVE('',#3331,#3719,#3727,.T.);
#3727 = LINE('',#3728,#3729);
#3728 = CARTESIAN_POINT('',(13.304889069599,-2.0108180462,2.36));
#3729 = VECTOR('',#3730,1.);
#3730 = DIRECTION('',(0.,0.,1.));
#3731 = PLANE('',#3732);
#3732 = AXIS2_PLACEMENT_3D('',#3733,#3734,#3735);
#3733 = CARTESIAN_POINT('',(10.3076890696,-2.0108180462,2.36));
#3734 = DIRECTION('',(0.,1.,0.));
#3735 = DIRECTION('',(1.,0.,0.));
#3736 = ADVANCED_FACE('',(#3737),#3756,.F.);
#3737 = FACE_BOUND('',#3738,.T.);
#3738 = EDGE_LOOP('',(#3739,#3740,#3741,#3750));
#3739 = ORIENTED_EDGE('',*,*,#3354,.T.);
#3740 = ORIENTED_EDGE('',*,*,#3693,.T.);
#3741 = ORIENTED_EDGE('',*,*,#3742,.F.);
#3742 = EDGE_CURVE('',#3743,#3694,#3745,.T.);
#3743 = VERTEX_POINT('',#3744);
#3744 = CARTESIAN_POINT('',(11.593889069599,-1.102218046198,7.08));
#3745 = CIRCLE('',#3746,0.354);
#3746 = AXIS2_PLACEMENT_3D('',#3747,#3748,#3749);
#3747 = CARTESIAN_POINT('',(11.593889069599,-0.748218046198,7.08));
#3748 = DIRECTION('',(-0.,-0.,-1.));
#3749 = DIRECTION('',(0.,-1.,0.));
#3750 = ORIENTED_EDGE('',*,*,#3751,.F.);
#3751 = EDGE_CURVE('',#3347,#3743,#3752,.T.);
#3752 = LINE('',#3753,#3754);
#3753 = CARTESIAN_POINT('',(11.593889069599,-1.102218046198,2.36));
#3754 = VECTOR('',#3755,1.);
#3755 = DIRECTION('',(0.,0.,1.));
#3756 = CYLINDRICAL_SURFACE('',#3757,0.354);
#3757 = AXIS2_PLACEMENT_3D('',#3758,#3759,#3760);
#3758 = CARTESIAN_POINT('',(11.593889069599,-0.748218046198,2.36));
#3759 = DIRECTION('',(0.,0.,1.));
#3760 = DIRECTION('',(0.,-1.,0.));
#3761 = ADVANCED_FACE('',(#3762),#3780,.F.);
#3762 = FACE_BOUND('',#3763,.F.);
#3763 = EDGE_LOOP('',(#3764,#3765,#3773,#3779));
#3764 = ORIENTED_EDGE('',*,*,#3726,.T.);
#3765 = ORIENTED_EDGE('',*,*,#3766,.T.);
#3766 = EDGE_CURVE('',#3719,#3767,#3769,.T.);
#3767 = VERTEX_POINT('',#3768);
#3768 = CARTESIAN_POINT('',(13.304889069599,-1.102218046198,7.08));
#3769 = LINE('',#3770,#3771);
#3770 = CARTESIAN_POINT('',(13.304889069599,-2.0108180462,7.08));
#3771 = VECTOR('',#3772,1.);
#3772 = DIRECTION('',(0.,1.,0.));
#3773 = ORIENTED_EDGE('',*,*,#3774,.F.);
#3774 = EDGE_CURVE('',#3339,#3767,#3775,.T.);
#3775 = LINE('',#3776,#3777);
#3776 = CARTESIAN_POINT('',(13.304889069599,-1.102218046198,2.36));
#3777 = VECTOR('',#3778,1.);
#3778 = DIRECTION('',(0.,0.,1.));
#3779 = ORIENTED_EDGE('',*,*,#3338,.F.);
#3780 = PLANE('',#3781);
#3781 = AXIS2_PLACEMENT_3D('',#3782,#3783,#3784);
#3782 = CARTESIAN_POINT('',(13.304889069599,-2.0108180462,2.36));
#3783 = DIRECTION('',(-1.,0.,0.));
#3784 = DIRECTION('',(0.,1.,0.));
#3785 = ADVANCED_FACE('',(#3786),#3797,.F.);
#3786 = FACE_BOUND('',#3787,.F.);
#3787 = EDGE_LOOP('',(#3788,#3789,#3790,#3796));
#3788 = ORIENTED_EDGE('',*,*,#3346,.F.);
#3789 = ORIENTED_EDGE('',*,*,#3774,.T.);
#3790 = ORIENTED_EDGE('',*,*,#3791,.T.);
#3791 = EDGE_CURVE('',#3767,#3743,#3792,.T.);
#3792 = LINE('',#3793,#3794);
#3793 = CARTESIAN_POINT('',(13.304889069599,-1.102218046198,7.08));
#3794 = VECTOR('',#3795,1.);
#3795 = DIRECTION('',(-1.,0.,0.));
#3796 = ORIENTED_EDGE('',*,*,#3751,.F.);
#3797 = PLANE('',#3798);
#3798 = AXIS2_PLACEMENT_3D('',#3799,#3800,#3801);
#3799 = CARTESIAN_POINT('',(13.304889069599,-1.102218046198,2.36));
#3800 = DIRECTION('',(0.,-1.,0.));
#3801 = DIRECTION('',(-1.,0.,0.));
#3802 = ADVANCED_FACE('',(#3803),#3821,.T.);
#3803 = FACE_BOUND('',#3804,.T.);
#3804 = EDGE_LOOP('',(#3805,#3806,#3807,#3808,#3809,#3810,#3811,#3812,
    #3813,#3814,#3815,#3816,#3817,#3818,#3819,#3820));
#3805 = ORIENTED_EDGE('',*,*,#3427,.T.);
#3806 = ORIENTED_EDGE('',*,*,#3475,.T.);
#3807 = ORIENTED_EDGE('',*,*,#3524,.T.);
#3808 = ORIENTED_EDGE('',*,*,#3572,.F.);
#3809 = ORIENTED_EDGE('',*,*,#3621,.T.);
#3810 = ORIENTED_EDGE('',*,*,#3676,.T.);
#3811 = ORIENTED_EDGE('',*,*,#3718,.T.);
#3812 = ORIENTED_EDGE('',*,*,#3766,.T.);
#3813 = ORIENTED_EDGE('',*,*,#3791,.T.);
#3814 = ORIENTED_EDGE('',*,*,#3742,.T.);
#3815 = ORIENTED_EDGE('',*,*,#3701,.T.);
#3816 = ORIENTED_EDGE('',*,*,#3651,.T.);
#3817 = ORIENTED_EDGE('',*,*,#3603,.T.);
#3818 = ORIENTED_EDGE('',*,*,#3554,.T.);
#3819 = ORIENTED_EDGE('',*,*,#3507,.T.);
#3820 = ORIENTED_EDGE('',*,*,#3458,.F.);
#3821 = PLANE('',#3822);
#3822 = AXIS2_PLACEMENT_3D('',#3823,#3824,#3825);
#3823 = CARTESIAN_POINT('',(-3.526772598173,0.467820267999,7.08));
#3824 = DIRECTION('',(0.,0.,1.));
#3825 = DIRECTION('',(1.,0.,0.));
#3826 = MANIFOLD_SOLID_BREP('',#3827);
#3827 = CLOSED_SHELL('',(#3828,#3868,#3989,#4014,#4038,#4144,#4161,#4178
    ,#4195,#4212,#4229,#4246,#4263,#4280,#4297,#4314,#4331));
#3828 = ADVANCED_FACE('',(#3829),#3863,.F.);
#3829 = FACE_BOUND('',#3830,.F.);
#3830 = EDGE_LOOP('',(#3831,#3841,#3849,#3857));
#3831 = ORIENTED_EDGE('',*,*,#3832,.F.);
#3832 = EDGE_CURVE('',#3833,#3835,#3837,.T.);
#3833 = VERTEX_POINT('',#3834);
#3834 = CARTESIAN_POINT('',(14.6736890696,0.5261819538,2.36));
#3835 = VERTEX_POINT('',#3836);
#3836 = CARTESIAN_POINT('',(15.286126469783,-0.427312501441,2.36));
#3837 = LINE('',#3838,#3839);
#3838 = CARTESIAN_POINT('',(14.6736890696,0.5261819538,2.36));
#3839 = VECTOR('',#3840,1.);
#3840 = DIRECTION('',(0.540430795031,-0.841388469009,0.));
#3841 = ORIENTED_EDGE('',*,*,#3842,.T.);
#3842 = EDGE_CURVE('',#3833,#3843,#3845,.T.);
#3843 = VERTEX_POINT('',#3844);
#3844 = CARTESIAN_POINT('',(14.6736890696,0.5261819538,7.08));
#3845 = LINE('',#3846,#3847);
#3846 = CARTESIAN_POINT('',(14.6736890696,0.5261819538,2.36));
#3847 = VECTOR('',#3848,1.);
#3848 = DIRECTION('',(0.,0.,1.));
#3849 = ORIENTED_EDGE('',*,*,#3850,.T.);
#3850 = EDGE_CURVE('',#3843,#3851,#3853,.T.);
#3851 = VERTEX_POINT('',#3852);
#3852 = CARTESIAN_POINT('',(15.286126469783,-0.427312501441,7.08));
#3853 = LINE('',#3854,#3855);
#3854 = CARTESIAN_POINT('',(14.6736890696,0.5261819538,7.08));
#3855 = VECTOR('',#3856,1.);
#3856 = DIRECTION('',(0.540430795031,-0.841388469009,0.));
#3857 = ORIENTED_EDGE('',*,*,#3858,.F.);
#3858 = EDGE_CURVE('',#3835,#3851,#3859,.T.);
#3859 = LINE('',#3860,#3861);
#3860 = CARTESIAN_POINT('',(15.286126469783,-0.427312501441,2.36));
#3861 = VECTOR('',#3862,1.);
#3862 = DIRECTION('',(0.,0.,1.));
#3863 = PLANE('',#3864);
#3864 = AXIS2_PLACEMENT_3D('',#3865,#3866,#3867);
#3865 = CARTESIAN_POINT('',(14.6736890696,0.5261819538,2.36));
#3866 = DIRECTION('',(0.841388469009,0.540430795031,0.));
#3867 = DIRECTION('',(0.540430795031,-0.841388469009,0.));
#3868 = ADVANCED_FACE('',(#3869),#3984,.F.);
#3869 = FACE_BOUND('',#3870,.F.);
#3870 = EDGE_LOOP('',(#3871,#3872,#3881,#3889,#3898,#3906,#3914,#3922,
    #3930,#3938,#3946,#3954,#3962,#3970,#3978));
#3871 = ORIENTED_EDGE('',*,*,#3832,.T.);
#3872 = ORIENTED_EDGE('',*,*,#3873,.T.);
#3873 = EDGE_CURVE('',#3835,#3874,#3876,.T.);
#3874 = VERTEX_POINT('',#3875);
#3875 = CARTESIAN_POINT('',(15.583977987812,-0.59,2.36));
#3876 = CIRCLE('',#3877,0.354);
#3877 = AXIS2_PLACEMENT_3D('',#3878,#3879,#3880);
#3878 = CARTESIAN_POINT('',(15.583977987812,-0.236,2.36));
#3879 = DIRECTION('',(-0.,0.,1.));
#3880 = DIRECTION('',(0.,-1.,0.));
#3881 = ORIENTED_EDGE('',*,*,#3882,.T.);
#3882 = EDGE_CURVE('',#3874,#3883,#3885,.T.);
#3883 = VERTEX_POINT('',#3884);
#3884 = CARTESIAN_POINT('',(15.805428640139,-0.59,2.36));
#3885 = LINE('',#3886,#3887);
#3886 = CARTESIAN_POINT('',(15.390622,-0.59,2.36));
#3887 = VECTOR('',#3888,1.);
#3888 = DIRECTION('',(1.,0.,0.));
#3889 = ORIENTED_EDGE('',*,*,#3890,.T.);
#3890 = EDGE_CURVE('',#3883,#3891,#3893,.T.);
#3891 = VERTEX_POINT('',#3892);
#3892 = CARTESIAN_POINT('',(16.098346786468,-0.434783700416,2.36));
#3893 = CIRCLE('',#3894,0.354);
#3894 = AXIS2_PLACEMENT_3D('',#3895,#3896,#3897);
#3895 = CARTESIAN_POINT('',(15.805428640139,-0.236,2.36));
#3896 = DIRECTION('',(-0.,0.,1.));
#3897 = DIRECTION('',(0.,-1.,0.));
#3898 = ORIENTED_EDGE('',*,*,#3899,.T.);
#3899 = EDGE_CURVE('',#3891,#3900,#3902,.T.);
#3900 = VERTEX_POINT('',#3901);
#3901 = CARTESIAN_POINT('',(16.7504890696,0.5261819538,2.36));
#3902 = LINE('',#3903,#3904);
#3903 = CARTESIAN_POINT('',(15.993012,-0.59,2.36));
#3904 = VECTOR('',#3905,1.);
#3905 = DIRECTION('',(0.561535876882,0.82745239076,0.));
#3906 = ORIENTED_EDGE('',*,*,#3907,.T.);
#3907 = EDGE_CURVE('',#3900,#3908,#3910,.T.);
#3908 = VERTEX_POINT('',#3909);
#3909 = CARTESIAN_POINT('',(16.7504890696,-2.0108180462,2.36));
#3910 = LINE('',#3911,#3912);
#3911 = CARTESIAN_POINT('',(16.7504890696,0.5261819538,2.36));
#3912 = VECTOR('',#3913,1.);
#3913 = DIRECTION('',(0.,-1.,0.));
#3914 = ORIENTED_EDGE('',*,*,#3915,.T.);
#3915 = EDGE_CURVE('',#3908,#3916,#3918,.T.);
#3916 = VERTEX_POINT('',#3917);
#3917 = CARTESIAN_POINT('',(17.7534890696,-2.0108180462,2.36));
#3918 = LINE('',#3919,#3920);
#3919 = CARTESIAN_POINT('',(16.7504890696,-2.0108180462,2.36));
#3920 = VECTOR('',#3921,1.);
#3921 = DIRECTION('',(1.,0.,0.));
#3922 = ORIENTED_EDGE('',*,*,#3923,.T.);
#3923 = EDGE_CURVE('',#3916,#3924,#3926,.T.);
#3924 = VERTEX_POINT('',#3925);
#3925 = CARTESIAN_POINT('',(17.7534890696,2.4731819538,2.36));
#3926 = LINE('',#3927,#3928);
#3927 = CARTESIAN_POINT('',(17.7534890696,-2.0108180462,2.36));
#3928 = VECTOR('',#3929,1.);
#3929 = DIRECTION('',(0.,1.,0.));
#3930 = ORIENTED_EDGE('',*,*,#3931,.T.);
#3931 = EDGE_CURVE('',#3924,#3932,#3934,.T.);
#3932 = VERTEX_POINT('',#3933);
#3933 = CARTESIAN_POINT('',(16.7504890696,2.4731819538,2.36));
#3934 = LINE('',#3935,#3936);
#3935 = CARTESIAN_POINT('',(17.7534890696,2.4731819538,2.36));
#3936 = VECTOR('',#3937,1.);
#3937 = DIRECTION('',(-1.,0.,0.));
#3938 = ORIENTED_EDGE('',*,*,#3939,.T.);
#3939 = EDGE_CURVE('',#3932,#3940,#3942,.T.);
#3940 = VERTEX_POINT('',#3941);
#3941 = CARTESIAN_POINT('',(15.739916574195,0.621252634272,2.36));
#3942 = LINE('',#3943,#3944);
#3943 = CARTESIAN_POINT('',(16.7504890696,2.4731819538,2.36));
#3944 = VECTOR('',#3945,1.);
#3945 = DIRECTION('',(-0.479008925234,-0.877810030443,0.));
#3946 = ORIENTED_EDGE('',*,*,#3947,.T.);
#3947 = EDGE_CURVE('',#3940,#3948,#3950,.T.);
#3948 = VERTEX_POINT('',#3949);
#3949 = CARTESIAN_POINT('',(14.6972890696,2.4731819538,2.36));
#3950 = LINE('',#3951,#3952);
#3951 = CARTESIAN_POINT('',(15.739916574195,0.621252634272,2.36));
#3952 = VECTOR('',#3953,1.);
#3953 = DIRECTION('',(-0.490589067883,0.871391052556,0.));
#3954 = ORIENTED_EDGE('',*,*,#3955,.T.);
#3955 = EDGE_CURVE('',#3948,#3956,#3958,.T.);
#3956 = VERTEX_POINT('',#3957);
#3957 = CARTESIAN_POINT('',(13.6942890696,2.4731819538,2.36));
#3958 = LINE('',#3959,#3960);
#3959 = CARTESIAN_POINT('',(14.6972890696,2.4731819538,2.36));
#3960 = VECTOR('',#3961,1.);
#3961 = DIRECTION('',(-1.,5.224578939413E-16,0.));
#3962 = ORIENTED_EDGE('',*,*,#3963,.T.);
#3963 = EDGE_CURVE('',#3956,#3964,#3966,.T.);
#3964 = VERTEX_POINT('',#3965);
#3965 = CARTESIAN_POINT('',(13.6942890696,-2.0108180462,2.36));
#3966 = LINE('',#3967,#3968);
#3967 = CARTESIAN_POINT('',(13.6942890696,2.4731819538,2.36));
#3968 = VECTOR('',#3969,1.);
#3969 = DIRECTION('',(0.,-1.,0.));
#3970 = ORIENTED_EDGE('',*,*,#3971,.T.);
#3971 = EDGE_CURVE('',#3964,#3972,#3974,.T.);
#3972 = VERTEX_POINT('',#3973);
#3973 = CARTESIAN_POINT('',(14.6736890696,-2.0108180462,2.36));
#3974 = LINE('',#3975,#3976);
#3975 = CARTESIAN_POINT('',(13.6942890696,-2.0108180462,2.36));
#3976 = VECTOR('',#3977,1.);
#3977 = DIRECTION('',(1.,0.,0.));
#3978 = ORIENTED_EDGE('',*,*,#3979,.T.);
#3979 = EDGE_CURVE('',#3972,#3833,#3980,.T.);
#3980 = LINE('',#3981,#3982);
#3981 = CARTESIAN_POINT('',(14.6736890696,-2.0108180462,2.36));
#3982 = VECTOR('',#3983,1.);
#3983 = DIRECTION('',(0.,1.,0.));
#3984 = PLANE('',#3985);
#3985 = AXIS2_PLACEMENT_3D('',#3986,#3987,#3988);
#3986 = CARTESIAN_POINT('',(-3.526772598173,0.467820267999,2.36));
#3987 = DIRECTION('',(0.,0.,1.));
#3988 = DIRECTION('',(1.,0.,0.));
#3989 = ADVANCED_FACE('',(#3990),#4009,.T.);
#3990 = FACE_BOUND('',#3991,.T.);
#3991 = EDGE_LOOP('',(#3992,#3993,#4001,#4008));
#3992 = ORIENTED_EDGE('',*,*,#3873,.T.);
#3993 = ORIENTED_EDGE('',*,*,#3994,.T.);
#3994 = EDGE_CURVE('',#3874,#3995,#3997,.T.);
#3995 = VERTEX_POINT('',#3996);
#3996 = CARTESIAN_POINT('',(15.583977987812,-0.59,7.08));
#3997 = LINE('',#3998,#3999);
#3998 = CARTESIAN_POINT('',(15.583977987812,-0.59,2.36));
#3999 = VECTOR('',#4000,1.);
#4000 = DIRECTION('',(0.,0.,1.));
#4001 = ORIENTED_EDGE('',*,*,#4002,.F.);
#4002 = EDGE_CURVE('',#3851,#3995,#4003,.T.);
#4003 = CIRCLE('',#4004,0.354);
#4004 = AXIS2_PLACEMENT_3D('',#4005,#4006,#4007);
#4005 = CARTESIAN_POINT('',(15.583977987812,-0.236,7.08));
#4006 = DIRECTION('',(-0.,0.,1.));
#4007 = DIRECTION('',(0.,-1.,0.));
#4008 = ORIENTED_EDGE('',*,*,#3858,.F.);
#4009 = CYLINDRICAL_SURFACE('',#4010,0.354);
#4010 = AXIS2_PLACEMENT_3D('',#4011,#4012,#4013);
#4011 = CARTESIAN_POINT('',(15.583977987812,-0.236,2.36));
#4012 = DIRECTION('',(0.,0.,1.));
#4013 = DIRECTION('',(-0.841388469009,-0.540430795031,0.));
#4014 = ADVANCED_FACE('',(#4015),#4033,.F.);
#4015 = FACE_BOUND('',#4016,.F.);
#4016 = EDGE_LOOP('',(#4017,#4025,#4031,#4032));
#4017 = ORIENTED_EDGE('',*,*,#4018,.T.);
#4018 = EDGE_CURVE('',#3972,#4019,#4021,.T.);
#4019 = VERTEX_POINT('',#4020);
#4020 = CARTESIAN_POINT('',(14.6736890696,-2.0108180462,7.08));
#4021 = LINE('',#4022,#4023);
#4022 = CARTESIAN_POINT('',(14.6736890696,-2.0108180462,2.36));
#4023 = VECTOR('',#4024,1.);
#4024 = DIRECTION('',(0.,0.,1.));
#4025 = ORIENTED_EDGE('',*,*,#4026,.T.);
#4026 = EDGE_CURVE('',#4019,#3843,#4027,.T.);
#4027 = LINE('',#4028,#4029);
#4028 = CARTESIAN_POINT('',(14.6736890696,-2.0108180462,7.08));
#4029 = VECTOR('',#4030,1.);
#4030 = DIRECTION('',(0.,1.,0.));
#4031 = ORIENTED_EDGE('',*,*,#3842,.F.);
#4032 = ORIENTED_EDGE('',*,*,#3979,.F.);
#4033 = PLANE('',#4034);
#4034 = AXIS2_PLACEMENT_3D('',#4035,#4036,#4037);
#4035 = CARTESIAN_POINT('',(14.6736890696,-2.0108180462,2.36));
#4036 = DIRECTION('',(-1.,0.,0.));
#4037 = DIRECTION('',(0.,1.,0.));
#4038 = ADVANCED_FACE('',(#4039),#4139,.T.);
#4039 = FACE_BOUND('',#4040,.T.);
#4040 = EDGE_LOOP('',(#4041,#4042,#4043,#4051,#4060,#4068,#4076,#4084,
    #4092,#4100,#4108,#4116,#4124,#4132,#4138));
#4041 = ORIENTED_EDGE('',*,*,#3850,.T.);
#4042 = ORIENTED_EDGE('',*,*,#4002,.T.);
#4043 = ORIENTED_EDGE('',*,*,#4044,.T.);
#4044 = EDGE_CURVE('',#3995,#4045,#4047,.T.);
#4045 = VERTEX_POINT('',#4046);
#4046 = CARTESIAN_POINT('',(15.805428640139,-0.59,7.08));
#4047 = LINE('',#4048,#4049);
#4048 = CARTESIAN_POINT('',(15.390622,-0.59,7.08));
#4049 = VECTOR('',#4050,1.);
#4050 = DIRECTION('',(1.,0.,0.));
#4051 = ORIENTED_EDGE('',*,*,#4052,.T.);
#4052 = EDGE_CURVE('',#4045,#4053,#4055,.T.);
#4053 = VERTEX_POINT('',#4054);
#4054 = CARTESIAN_POINT('',(16.098346786468,-0.434783700416,7.08));
#4055 = CIRCLE('',#4056,0.354);
#4056 = AXIS2_PLACEMENT_3D('',#4057,#4058,#4059);
#4057 = CARTESIAN_POINT('',(15.805428640139,-0.236,7.08));
#4058 = DIRECTION('',(-0.,0.,1.));
#4059 = DIRECTION('',(0.,-1.,0.));
#4060 = ORIENTED_EDGE('',*,*,#4061,.T.);
#4061 = EDGE_CURVE('',#4053,#4062,#4064,.T.);
#4062 = VERTEX_POINT('',#4063);
#4063 = CARTESIAN_POINT('',(16.7504890696,0.5261819538,7.08));
#4064 = LINE('',#4065,#4066);
#4065 = CARTESIAN_POINT('',(15.993012,-0.59,7.08));
#4066 = VECTOR('',#4067,1.);
#4067 = DIRECTION('',(0.561535876882,0.82745239076,0.));
#4068 = ORIENTED_EDGE('',*,*,#4069,.T.);
#4069 = EDGE_CURVE('',#4062,#4070,#4072,.T.);
#4070 = VERTEX_POINT('',#4071);
#4071 = CARTESIAN_POINT('',(16.7504890696,-2.0108180462,7.08));
#4072 = LINE('',#4073,#4074);
#4073 = CARTESIAN_POINT('',(16.7504890696,0.5261819538,7.08));
#4074 = VECTOR('',#4075,1.);
#4075 = DIRECTION('',(0.,-1.,0.));
#4076 = ORIENTED_EDGE('',*,*,#4077,.T.);
#4077 = EDGE_CURVE('',#4070,#4078,#4080,.T.);
#4078 = VERTEX_POINT('',#4079);
#4079 = CARTESIAN_POINT('',(17.7534890696,-2.0108180462,7.08));
#4080 = LINE('',#4081,#4082);
#4081 = CARTESIAN_POINT('',(16.7504890696,-2.0108180462,7.08));
#4082 = VECTOR('',#4083,1.);
#4083 = DIRECTION('',(1.,0.,0.));
#4084 = ORIENTED_EDGE('',*,*,#4085,.T.);
#4085 = EDGE_CURVE('',#4078,#4086,#4088,.T.);
#4086 = VERTEX_POINT('',#4087);
#4087 = CARTESIAN_POINT('',(17.7534890696,2.4731819538,7.08));
#4088 = LINE('',#4089,#4090);
#4089 = CARTESIAN_POINT('',(17.7534890696,-2.0108180462,7.08));
#4090 = VECTOR('',#4091,1.);
#4091 = DIRECTION('',(0.,1.,0.));
#4092 = ORIENTED_EDGE('',*,*,#4093,.T.);
#4093 = EDGE_CURVE('',#4086,#4094,#4096,.T.);
#4094 = VERTEX_POINT('',#4095);
#4095 = CARTESIAN_POINT('',(16.7504890696,2.4731819538,7.08));
#4096 = LINE('',#4097,#4098);
#4097 = CARTESIAN_POINT('',(17.7534890696,2.4731819538,7.08));
#4098 = VECTOR('',#4099,1.);
#4099 = DIRECTION('',(-1.,0.,0.));
#4100 = ORIENTED_EDGE('',*,*,#4101,.T.);
#4101 = EDGE_CURVE('',#4094,#4102,#4104,.T.);
#4102 = VERTEX_POINT('',#4103);
#4103 = CARTESIAN_POINT('',(15.739916574195,0.621252634272,7.08));
#4104 = LINE('',#4105,#4106);
#4105 = CARTESIAN_POINT('',(16.7504890696,2.4731819538,7.08));
#4106 = VECTOR('',#4107,1.);
#4107 = DIRECTION('',(-0.479008925234,-0.877810030443,0.));
#4108 = ORIENTED_EDGE('',*,*,#4109,.T.);
#4109 = EDGE_CURVE('',#4102,#4110,#4112,.T.);
#4110 = VERTEX_POINT('',#4111);
#4111 = CARTESIAN_POINT('',(14.6972890696,2.4731819538,7.08));
#4112 = LINE('',#4113,#4114);
#4113 = CARTESIAN_POINT('',(15.739916574195,0.621252634272,7.08));
#4114 = VECTOR('',#4115,1.);
#4115 = DIRECTION('',(-0.490589067883,0.871391052556,0.));
#4116 = ORIENTED_EDGE('',*,*,#4117,.T.);
#4117 = EDGE_CURVE('',#4110,#4118,#4120,.T.);
#4118 = VERTEX_POINT('',#4119);
#4119 = CARTESIAN_POINT('',(13.6942890696,2.4731819538,7.08));
#4120 = LINE('',#4121,#4122);
#4121 = CARTESIAN_POINT('',(14.6972890696,2.4731819538,7.08));
#4122 = VECTOR('',#4123,1.);
#4123 = DIRECTION('',(-1.,5.224578939413E-16,0.));
#4124 = ORIENTED_EDGE('',*,*,#4125,.T.);
#4125 = EDGE_CURVE('',#4118,#4126,#4128,.T.);
#4126 = VERTEX_POINT('',#4127);
#4127 = CARTESIAN_POINT('',(13.6942890696,-2.0108180462,7.08));
#4128 = LINE('',#4129,#4130);
#4129 = CARTESIAN_POINT('',(13.6942890696,2.4731819538,7.08));
#4130 = VECTOR('',#4131,1.);
#4131 = DIRECTION('',(0.,-1.,0.));
#4132 = ORIENTED_EDGE('',*,*,#4133,.T.);
#4133 = EDGE_CURVE('',#4126,#4019,#4134,.T.);
#4134 = LINE('',#4135,#4136);
#4135 = CARTESIAN_POINT('',(13.6942890696,-2.0108180462,7.08));
#4136 = VECTOR('',#4137,1.);
#4137 = DIRECTION('',(1.,0.,0.));
#4138 = ORIENTED_EDGE('',*,*,#4026,.T.);
#4139 = PLANE('',#4140);
#4140 = AXIS2_PLACEMENT_3D('',#4141,#4142,#4143);
#4141 = CARTESIAN_POINT('',(-3.526772598173,0.467820267999,7.08));
#4142 = DIRECTION('',(0.,0.,1.));
#4143 = DIRECTION('',(1.,0.,0.));
#4144 = ADVANCED_FACE('',(#4145),#4156,.F.);
#4145 = FACE_BOUND('',#4146,.F.);
#4146 = EDGE_LOOP('',(#4147,#4148,#4149,#4150));
#4147 = ORIENTED_EDGE('',*,*,#3882,.F.);
#4148 = ORIENTED_EDGE('',*,*,#3994,.T.);
#4149 = ORIENTED_EDGE('',*,*,#4044,.T.);
#4150 = ORIENTED_EDGE('',*,*,#4151,.F.);
#4151 = EDGE_CURVE('',#3883,#4045,#4152,.T.);
#4152 = LINE('',#4153,#4154);
#4153 = CARTESIAN_POINT('',(15.805428640139,-0.59,2.36));
#4154 = VECTOR('',#4155,1.);
#4155 = DIRECTION('',(0.,0.,1.));
#4156 = PLANE('',#4157);
#4157 = AXIS2_PLACEMENT_3D('',#4158,#4159,#4160);
#4158 = CARTESIAN_POINT('',(15.390622,-0.59,2.36));
#4159 = DIRECTION('',(0.,1.,0.));
#4160 = DIRECTION('',(1.,0.,0.));
#4161 = ADVANCED_FACE('',(#4162),#4173,.F.);
#4162 = FACE_BOUND('',#4163,.F.);
#4163 = EDGE_LOOP('',(#4164,#4170,#4171,#4172));
#4164 = ORIENTED_EDGE('',*,*,#4165,.T.);
#4165 = EDGE_CURVE('',#3964,#4126,#4166,.T.);
#4166 = LINE('',#4167,#4168);
#4167 = CARTESIAN_POINT('',(13.6942890696,-2.0108180462,2.36));
#4168 = VECTOR('',#4169,1.);
#4169 = DIRECTION('',(0.,0.,1.));
#4170 = ORIENTED_EDGE('',*,*,#4133,.T.);
#4171 = ORIENTED_EDGE('',*,*,#4018,.F.);
#4172 = ORIENTED_EDGE('',*,*,#3971,.F.);
#4173 = PLANE('',#4174);
#4174 = AXIS2_PLACEMENT_3D('',#4175,#4176,#4177);
#4175 = CARTESIAN_POINT('',(13.6942890696,-2.0108180462,2.36));
#4176 = DIRECTION('',(0.,1.,0.));
#4177 = DIRECTION('',(1.,0.,0.));
#4178 = ADVANCED_FACE('',(#4179),#4190,.T.);
#4179 = FACE_BOUND('',#4180,.T.);
#4180 = EDGE_LOOP('',(#4181,#4182,#4188,#4189));
#4181 = ORIENTED_EDGE('',*,*,#3890,.T.);
#4182 = ORIENTED_EDGE('',*,*,#4183,.T.);
#4183 = EDGE_CURVE('',#3891,#4053,#4184,.T.);
#4184 = LINE('',#4185,#4186);
#4185 = CARTESIAN_POINT('',(16.098346786468,-0.434783700416,2.36));
#4186 = VECTOR('',#4187,1.);
#4187 = DIRECTION('',(0.,0.,1.));
#4188 = ORIENTED_EDGE('',*,*,#4052,.F.);
#4189 = ORIENTED_EDGE('',*,*,#4151,.F.);
#4190 = CYLINDRICAL_SURFACE('',#4191,0.354);
#4191 = AXIS2_PLACEMENT_3D('',#4192,#4193,#4194);
#4192 = CARTESIAN_POINT('',(15.805428640139,-0.236,2.36));
#4193 = DIRECTION('',(0.,0.,1.));
#4194 = DIRECTION('',(0.,-1.,0.));
#4195 = ADVANCED_FACE('',(#4196),#4207,.F.);
#4196 = FACE_BOUND('',#4197,.F.);
#4197 = EDGE_LOOP('',(#4198,#4204,#4205,#4206));
#4198 = ORIENTED_EDGE('',*,*,#4199,.T.);
#4199 = EDGE_CURVE('',#3956,#4118,#4200,.T.);
#4200 = LINE('',#4201,#4202);
#4201 = CARTESIAN_POINT('',(13.6942890696,2.4731819538,2.36));
#4202 = VECTOR('',#4203,1.);
#4203 = DIRECTION('',(0.,0.,1.));
#4204 = ORIENTED_EDGE('',*,*,#4125,.T.);
#4205 = ORIENTED_EDGE('',*,*,#4165,.F.);
#4206 = ORIENTED_EDGE('',*,*,#3963,.F.);
#4207 = PLANE('',#4208);
#4208 = AXIS2_PLACEMENT_3D('',#4209,#4210,#4211);
#4209 = CARTESIAN_POINT('',(13.6942890696,2.4731819538,2.36));
#4210 = DIRECTION('',(1.,0.,0.));
#4211 = DIRECTION('',(0.,-1.,0.));
#4212 = ADVANCED_FACE('',(#4213),#4224,.F.);
#4213 = FACE_BOUND('',#4214,.F.);
#4214 = EDGE_LOOP('',(#4215,#4216,#4217,#4218));
#4215 = ORIENTED_EDGE('',*,*,#3899,.F.);
#4216 = ORIENTED_EDGE('',*,*,#4183,.T.);
#4217 = ORIENTED_EDGE('',*,*,#4061,.T.);
#4218 = ORIENTED_EDGE('',*,*,#4219,.F.);
#4219 = EDGE_CURVE('',#3900,#4062,#4220,.T.);
#4220 = LINE('',#4221,#4222);
#4221 = CARTESIAN_POINT('',(16.7504890696,0.5261819538,2.36));
#4222 = VECTOR('',#4223,1.);
#4223 = DIRECTION('',(0.,0.,1.));
#4224 = PLANE('',#4225);
#4225 = AXIS2_PLACEMENT_3D('',#4226,#4227,#4228);
#4226 = CARTESIAN_POINT('',(15.993012,-0.59,2.36));
#4227 = DIRECTION('',(-0.82745239076,0.561535876882,0.));
#4228 = DIRECTION('',(0.561535876882,0.82745239076,0.));
#4229 = ADVANCED_FACE('',(#4230),#4241,.F.);
#4230 = FACE_BOUND('',#4231,.F.);
#4231 = EDGE_LOOP('',(#4232,#4238,#4239,#4240));
#4232 = ORIENTED_EDGE('',*,*,#4233,.T.);
#4233 = EDGE_CURVE('',#3948,#4110,#4234,.T.);
#4234 = LINE('',#4235,#4236);
#4235 = CARTESIAN_POINT('',(14.6972890696,2.4731819538,2.36));
#4236 = VECTOR('',#4237,1.);
#4237 = DIRECTION('',(0.,0.,1.));
#4238 = ORIENTED_EDGE('',*,*,#4117,.T.);
#4239 = ORIENTED_EDGE('',*,*,#4199,.F.);
#4240 = ORIENTED_EDGE('',*,*,#3955,.F.);
#4241 = PLANE('',#4242);
#4242 = AXIS2_PLACEMENT_3D('',#4243,#4244,#4245);
#4243 = CARTESIAN_POINT('',(14.6972890696,2.4731819538,2.36));
#4244 = DIRECTION('',(-5.224578939413E-16,-1.,0.));
#4245 = DIRECTION('',(-1.,5.224578939413E-16,0.));
#4246 = ADVANCED_FACE('',(#4247),#4258,.F.);
#4247 = FACE_BOUND('',#4248,.F.);
#4248 = EDGE_LOOP('',(#4249,#4250,#4251,#4257));
#4249 = ORIENTED_EDGE('',*,*,#4219,.T.);
#4250 = ORIENTED_EDGE('',*,*,#4069,.T.);
#4251 = ORIENTED_EDGE('',*,*,#4252,.F.);
#4252 = EDGE_CURVE('',#3908,#4070,#4253,.T.);
#4253 = LINE('',#4254,#4255);
#4254 = CARTESIAN_POINT('',(16.7504890696,-2.0108180462,2.36));
#4255 = VECTOR('',#4256,1.);
#4256 = DIRECTION('',(0.,0.,1.));
#4257 = ORIENTED_EDGE('',*,*,#3907,.F.);
#4258 = PLANE('',#4259);
#4259 = AXIS2_PLACEMENT_3D('',#4260,#4261,#4262);
#4260 = CARTESIAN_POINT('',(16.7504890696,0.5261819538,2.36));
#4261 = DIRECTION('',(1.,0.,0.));
#4262 = DIRECTION('',(0.,-1.,0.));
#4263 = ADVANCED_FACE('',(#4264),#4275,.F.);
#4264 = FACE_BOUND('',#4265,.F.);
#4265 = EDGE_LOOP('',(#4266,#4272,#4273,#4274));
#4266 = ORIENTED_EDGE('',*,*,#4267,.T.);
#4267 = EDGE_CURVE('',#3940,#4102,#4268,.T.);
#4268 = LINE('',#4269,#4270);
#4269 = CARTESIAN_POINT('',(15.739916574195,0.621252634272,2.36));
#4270 = VECTOR('',#4271,1.);
#4271 = DIRECTION('',(0.,0.,1.));
#4272 = ORIENTED_EDGE('',*,*,#4109,.T.);
#4273 = ORIENTED_EDGE('',*,*,#4233,.F.);
#4274 = ORIENTED_EDGE('',*,*,#3947,.F.);
#4275 = PLANE('',#4276);
#4276 = AXIS2_PLACEMENT_3D('',#4277,#4278,#4279);
#4277 = CARTESIAN_POINT('',(15.739916574195,0.621252634272,2.36));
#4278 = DIRECTION('',(-0.871391052556,-0.490589067883,0.));
#4279 = DIRECTION('',(-0.490589067883,0.871391052556,0.));
#4280 = ADVANCED_FACE('',(#4281),#4292,.F.);
#4281 = FACE_BOUND('',#4282,.F.);
#4282 = EDGE_LOOP('',(#4283,#4284,#4285,#4291));
#4283 = ORIENTED_EDGE('',*,*,#4252,.T.);
#4284 = ORIENTED_EDGE('',*,*,#4077,.T.);
#4285 = ORIENTED_EDGE('',*,*,#4286,.F.);
#4286 = EDGE_CURVE('',#3916,#4078,#4287,.T.);
#4287 = LINE('',#4288,#4289);
#4288 = CARTESIAN_POINT('',(17.7534890696,-2.0108180462,2.36));
#4289 = VECTOR('',#4290,1.);
#4290 = DIRECTION('',(0.,0.,1.));
#4291 = ORIENTED_EDGE('',*,*,#3915,.F.);
#4292 = PLANE('',#4293);
#4293 = AXIS2_PLACEMENT_3D('',#4294,#4295,#4296);
#4294 = CARTESIAN_POINT('',(16.7504890696,-2.0108180462,2.36));
#4295 = DIRECTION('',(0.,1.,0.));
#4296 = DIRECTION('',(1.,0.,0.));
#4297 = ADVANCED_FACE('',(#4298),#4309,.F.);
#4298 = FACE_BOUND('',#4299,.F.);
#4299 = EDGE_LOOP('',(#4300,#4306,#4307,#4308));
#4300 = ORIENTED_EDGE('',*,*,#4301,.T.);
#4301 = EDGE_CURVE('',#3932,#4094,#4302,.T.);
#4302 = LINE('',#4303,#4304);
#4303 = CARTESIAN_POINT('',(16.7504890696,2.4731819538,2.36));
#4304 = VECTOR('',#4305,1.);
#4305 = DIRECTION('',(0.,0.,1.));
#4306 = ORIENTED_EDGE('',*,*,#4101,.T.);
#4307 = ORIENTED_EDGE('',*,*,#4267,.F.);
#4308 = ORIENTED_EDGE('',*,*,#3939,.F.);
#4309 = PLANE('',#4310);
#4310 = AXIS2_PLACEMENT_3D('',#4311,#4312,#4313);
#4311 = CARTESIAN_POINT('',(16.7504890696,2.4731819538,2.36));
#4312 = DIRECTION('',(0.877810030443,-0.479008925234,0.));
#4313 = DIRECTION('',(-0.479008925234,-0.877810030443,0.));
#4314 = ADVANCED_FACE('',(#4315),#4326,.F.);
#4315 = FACE_BOUND('',#4316,.F.);
#4316 = EDGE_LOOP('',(#4317,#4318,#4319,#4325));
#4317 = ORIENTED_EDGE('',*,*,#4286,.T.);
#4318 = ORIENTED_EDGE('',*,*,#4085,.T.);
#4319 = ORIENTED_EDGE('',*,*,#4320,.F.);
#4320 = EDGE_CURVE('',#3924,#4086,#4321,.T.);
#4321 = LINE('',#4322,#4323);
#4322 = CARTESIAN_POINT('',(17.7534890696,2.4731819538,2.36));
#4323 = VECTOR('',#4324,1.);
#4324 = DIRECTION('',(0.,0.,1.));
#4325 = ORIENTED_EDGE('',*,*,#3923,.F.);
#4326 = PLANE('',#4327);
#4327 = AXIS2_PLACEMENT_3D('',#4328,#4329,#4330);
#4328 = CARTESIAN_POINT('',(17.7534890696,-2.0108180462,2.36));
#4329 = DIRECTION('',(-1.,0.,0.));
#4330 = DIRECTION('',(0.,1.,0.));
#4331 = ADVANCED_FACE('',(#4332),#4338,.F.);
#4332 = FACE_BOUND('',#4333,.F.);
#4333 = EDGE_LOOP('',(#4334,#4335,#4336,#4337));
#4334 = ORIENTED_EDGE('',*,*,#4320,.T.);
#4335 = ORIENTED_EDGE('',*,*,#4093,.T.);
#4336 = ORIENTED_EDGE('',*,*,#4301,.F.);
#4337 = ORIENTED_EDGE('',*,*,#3931,.F.);
#4338 = PLANE('',#4339);
#4339 = AXIS2_PLACEMENT_3D('',#4340,#4341,#4342);
#4340 = CARTESIAN_POINT('',(17.7534890696,2.4731819538,2.36));
#4341 = DIRECTION('',(0.,-1.,0.));
#4342 = DIRECTION('',(-1.,0.,0.));
#4343 = MANIFOLD_SOLID_BREP('',#4344);
#4344 = CLOSED_SHELL('',(#4345,#4521,#4552,#4577,#4601,#4625,#4649,#4674
    ,#4699,#4723,#4747,#4772,#4797,#4821,#4845,#4870,#4895,#4919,#4943,
    #4967,#4992,#5009));
#4345 = ADVANCED_FACE('',(#4346),#4516,.F.);
#4346 = FACE_BOUND('',#4347,.F.);
#4347 = EDGE_LOOP('',(#4348,#4358,#4366,#4374,#4383,#4391,#4400,#4408,
    #4417,#4425,#4434,#4442,#4450,#4458,#4467,#4475,#4484,#4492,#4501,
    #4509));
#4348 = ORIENTED_EDGE('',*,*,#4349,.F.);
#4349 = EDGE_CURVE('',#4350,#4352,#4354,.T.);
#4350 = VERTEX_POINT('',#4351);
#4351 = CARTESIAN_POINT('',(21.1636890696,1.5645819538,2.36));
#4352 = VERTEX_POINT('',#4353);
#4353 = CARTESIAN_POINT('',(19.4526890696,1.5645819538,2.36));
#4354 = LINE('',#4355,#4356);
#4355 = CARTESIAN_POINT('',(21.1636890696,1.5645819538,2.36));
#4356 = VECTOR('',#4357,1.);
#4357 = DIRECTION('',(-1.,0.,0.));
#4358 = ORIENTED_EDGE('',*,*,#4359,.F.);
#4359 = EDGE_CURVE('',#4360,#4350,#4362,.T.);
#4360 = VERTEX_POINT('',#4361);
#4361 = CARTESIAN_POINT('',(21.1636890696,2.4731819538,2.36));
#4362 = LINE('',#4363,#4364);
#4363 = CARTESIAN_POINT('',(21.1636890696,2.4731819538,2.36));
#4364 = VECTOR('',#4365,1.);
#4365 = DIRECTION('',(0.,-1.,0.));
#4366 = ORIENTED_EDGE('',*,*,#4367,.F.);
#4367 = EDGE_CURVE('',#4368,#4360,#4370,.T.);
#4368 = VERTEX_POINT('',#4369);
#4369 = CARTESIAN_POINT('',(18.8744890696,2.4731819538,2.36));
#4370 = LINE('',#4371,#4372);
#4371 = CARTESIAN_POINT('',(18.1664890696,2.4731819538,2.36));
#4372 = VECTOR('',#4373,1.);
#4373 = DIRECTION('',(1.,0.,0.));
#4374 = ORIENTED_EDGE('',*,*,#4375,.T.);
#4375 = EDGE_CURVE('',#4368,#4376,#4378,.T.);
#4376 = VERTEX_POINT('',#4377);
#4377 = CARTESIAN_POINT('',(18.1664890696,1.7651819538,2.36));
#4378 = CIRCLE('',#4379,0.708);
#4379 = AXIS2_PLACEMENT_3D('',#4380,#4381,#4382);
#4380 = CARTESIAN_POINT('',(18.8744890696,1.7651819538,2.36));
#4381 = DIRECTION('',(-0.,0.,1.));
#4382 = DIRECTION('',(0.,-1.,0.));
#4383 = ORIENTED_EDGE('',*,*,#4384,.F.);
#4384 = EDGE_CURVE('',#4385,#4376,#4387,.T.);
#4385 = VERTEX_POINT('',#4386);
#4386 = CARTESIAN_POINT('',(18.1664890696,0.467181953793,2.36));
#4387 = LINE('',#4388,#4389);
#4388 = CARTESIAN_POINT('',(18.1664890696,-0.240818046207,2.36));
#4389 = VECTOR('',#4390,1.);
#4390 = DIRECTION('',(0.,1.,0.));
#4391 = ORIENTED_EDGE('',*,*,#4392,.F.);
#4392 = EDGE_CURVE('',#4393,#4385,#4395,.T.);
#4393 = VERTEX_POINT('',#4394);
#4394 = CARTESIAN_POINT('',(18.8744890696,-0.240818046207,2.36));
#4395 = CIRCLE('',#4396,0.708);
#4396 = AXIS2_PLACEMENT_3D('',#4397,#4398,#4399);
#4397 = CARTESIAN_POINT('',(18.8744890696,0.467181953793,2.36));
#4398 = DIRECTION('',(-0.,-0.,-1.));
#4399 = DIRECTION('',(0.,-1.,0.));
#4400 = ORIENTED_EDGE('',*,*,#4401,.F.);
#4401 = EDGE_CURVE('',#4402,#4393,#4404,.T.);
#4402 = VERTEX_POINT('',#4403);
#4403 = CARTESIAN_POINT('',(19.8774890696,-0.240818046207,2.36));
#4404 = LINE('',#4405,#4406);
#4405 = CARTESIAN_POINT('',(20.2314890696,-0.240818046207,2.36));
#4406 = VECTOR('',#4407,1.);
#4407 = DIRECTION('',(-1.,0.,0.));
#4408 = ORIENTED_EDGE('',*,*,#4409,.T.);
#4409 = EDGE_CURVE('',#4402,#4410,#4412,.T.);
#4410 = VERTEX_POINT('',#4411);
#4411 = CARTESIAN_POINT('',(20.2314890696,-0.594818046207,2.36));
#4412 = CIRCLE('',#4413,0.354);
#4413 = AXIS2_PLACEMENT_3D('',#4414,#4415,#4416);
#4414 = CARTESIAN_POINT('',(19.8774890696,-0.594818046207,2.36));
#4415 = DIRECTION('',(-0.,-0.,-1.));
#4416 = DIRECTION('',(0.,-1.,0.));
#4417 = ORIENTED_EDGE('',*,*,#4418,.F.);
#4418 = EDGE_CURVE('',#4419,#4410,#4421,.T.);
#4419 = VERTEX_POINT('',#4420);
#4420 = CARTESIAN_POINT('',(20.2314890696,-0.712818046207,2.36));
#4421 = LINE('',#4422,#4423);
#4422 = CARTESIAN_POINT('',(20.2314890696,-1.066818046207,2.36));
#4423 = VECTOR('',#4424,1.);
#4424 = DIRECTION('',(0.,1.,0.));
#4425 = ORIENTED_EDGE('',*,*,#4426,.T.);
#4426 = EDGE_CURVE('',#4419,#4427,#4429,.T.);
#4427 = VERTEX_POINT('',#4428);
#4428 = CARTESIAN_POINT('',(19.8774890696,-1.066818046207,2.36));
#4429 = CIRCLE('',#4430,0.354);
#4430 = AXIS2_PLACEMENT_3D('',#4431,#4432,#4433);
#4431 = CARTESIAN_POINT('',(19.8774890696,-0.712818046207,2.36));
#4432 = DIRECTION('',(-0.,-0.,-1.));
#4433 = DIRECTION('',(0.,-1.,0.));
#4434 = ORIENTED_EDGE('',*,*,#4435,.F.);
#4435 = EDGE_CURVE('',#4436,#4427,#4438,.T.);
#4436 = VERTEX_POINT('',#4437);
#4437 = CARTESIAN_POINT('',(18.1664890696,-1.066818046207,2.36));
#4438 = LINE('',#4439,#4440);
#4439 = CARTESIAN_POINT('',(18.1664890696,-1.066818046207,2.36));
#4440 = VECTOR('',#4441,1.);
#4441 = DIRECTION('',(1.,0.,0.));
#4442 = ORIENTED_EDGE('',*,*,#4443,.F.);
#4443 = EDGE_CURVE('',#4444,#4436,#4446,.T.);
#4444 = VERTEX_POINT('',#4445);
#4445 = CARTESIAN_POINT('',(18.1664890696,-2.0108180462,2.36));
#4446 = LINE('',#4447,#4448);
#4447 = CARTESIAN_POINT('',(18.1664890696,-2.0108180462,2.36));
#4448 = VECTOR('',#4449,1.);
#4449 = DIRECTION('',(0.,1.,0.));
#4450 = ORIENTED_EDGE('',*,*,#4451,.F.);
#4451 = EDGE_CURVE('',#4452,#4444,#4454,.T.);
#4452 = VERTEX_POINT('',#4453);
#4453 = CARTESIAN_POINT('',(20.4556890696,-2.0108180462,2.36));
#4454 = LINE('',#4455,#4456);
#4455 = CARTESIAN_POINT('',(21.1636890696,-2.0108180462,2.36));
#4456 = VECTOR('',#4457,1.);
#4457 = DIRECTION('',(-1.,0.,0.));
#4458 = ORIENTED_EDGE('',*,*,#4459,.F.);
#4459 = EDGE_CURVE('',#4460,#4452,#4462,.T.);
#4460 = VERTEX_POINT('',#4461);
#4461 = CARTESIAN_POINT('',(21.1636890696,-1.3028180462,2.36));
#4462 = CIRCLE('',#4463,0.708);
#4463 = AXIS2_PLACEMENT_3D('',#4464,#4465,#4466);
#4464 = CARTESIAN_POINT('',(20.4556890696,-1.3028180462,2.36));
#4465 = DIRECTION('',(-0.,-0.,-1.));
#4466 = DIRECTION('',(0.,-1.,0.));
#4467 = ORIENTED_EDGE('',*,*,#4468,.F.);
#4468 = EDGE_CURVE('',#4469,#4460,#4471,.T.);
#4469 = VERTEX_POINT('',#4470);
#4470 = CARTESIAN_POINT('',(21.1636890696,3.05819538E-02,2.36));
#4471 = LINE('',#4472,#4473);
#4472 = CARTESIAN_POINT('',(21.1636890696,0.7385819538,2.36));
#4473 = VECTOR('',#4474,1.);
#4474 = DIRECTION('',(0.,-1.,0.));
#4475 = ORIENTED_EDGE('',*,*,#4476,.F.);
#4476 = EDGE_CURVE('',#4477,#4469,#4479,.T.);
#4477 = VERTEX_POINT('',#4478);
#4478 = CARTESIAN_POINT('',(20.4556890696,0.7385819538,2.36));
#4479 = CIRCLE('',#4480,0.708);
#4480 = AXIS2_PLACEMENT_3D('',#4481,#4482,#4483);
#4481 = CARTESIAN_POINT('',(20.4556890696,3.05819538E-02,2.36));
#4482 = DIRECTION('',(-0.,-0.,-1.));
#4483 = DIRECTION('',(0.,-1.,0.));
#4484 = ORIENTED_EDGE('',*,*,#4485,.F.);
#4485 = EDGE_CURVE('',#4486,#4477,#4488,.T.);
#4486 = VERTEX_POINT('',#4487);
#4487 = CARTESIAN_POINT('',(19.4526890696,0.7385819538,2.36));
#4488 = LINE('',#4489,#4490);
#4489 = CARTESIAN_POINT('',(19.0986890696,0.7385819538,2.36));
#4490 = VECTOR('',#4491,1.);
#4491 = DIRECTION('',(1.,0.,0.));
#4492 = ORIENTED_EDGE('',*,*,#4493,.F.);
#4493 = EDGE_CURVE('',#4494,#4486,#4496,.T.);
#4494 = VERTEX_POINT('',#4495);
#4495 = CARTESIAN_POINT('',(19.0986890696,1.0925819538,2.36));
#4496 = CIRCLE('',#4497,0.354);
#4497 = AXIS2_PLACEMENT_3D('',#4498,#4499,#4500);
#4498 = CARTESIAN_POINT('',(19.4526890696,1.0925819538,2.36));
#4499 = DIRECTION('',(-0.,0.,1.));
#4500 = DIRECTION('',(0.,-1.,0.));
#4501 = ORIENTED_EDGE('',*,*,#4502,.F.);
#4502 = EDGE_CURVE('',#4503,#4494,#4505,.T.);
#4503 = VERTEX_POINT('',#4504);
#4504 = CARTESIAN_POINT('',(19.0986890696,1.2105819538,2.36));
#4505 = LINE('',#4506,#4507);
#4506 = CARTESIAN_POINT('',(19.0986890696,1.5645819538,2.36));
#4507 = VECTOR('',#4508,1.);
#4508 = DIRECTION('',(0.,-1.,0.));
#4509 = ORIENTED_EDGE('',*,*,#4510,.F.);
#4510 = EDGE_CURVE('',#4352,#4503,#4511,.T.);
#4511 = CIRCLE('',#4512,0.354);
#4512 = AXIS2_PLACEMENT_3D('',#4513,#4514,#4515);
#4513 = CARTESIAN_POINT('',(19.4526890696,1.2105819538,2.36));
#4514 = DIRECTION('',(-0.,0.,1.));
#4515 = DIRECTION('',(0.,-1.,0.));
#4516 = PLANE('',#4517);
#4517 = AXIS2_PLACEMENT_3D('',#4518,#4519,#4520);
#4518 = CARTESIAN_POINT('',(-3.526772598173,0.467820267999,2.36));
#4519 = DIRECTION('',(0.,0.,1.));
#4520 = DIRECTION('',(1.,0.,0.));
#4521 = ADVANCED_FACE('',(#4522),#4547,.T.);
#4522 = FACE_BOUND('',#4523,.T.);
#4523 = EDGE_LOOP('',(#4524,#4525,#4533,#4541));
#4524 = ORIENTED_EDGE('',*,*,#4349,.F.);
#4525 = ORIENTED_EDGE('',*,*,#4526,.T.);
#4526 = EDGE_CURVE('',#4350,#4527,#4529,.T.);
#4527 = VERTEX_POINT('',#4528);
#4528 = CARTESIAN_POINT('',(21.1636890696,1.5645819538,7.08));
#4529 = LINE('',#4530,#4531);
#4530 = CARTESIAN_POINT('',(21.1636890696,1.5645819538,2.36));
#4531 = VECTOR('',#4532,1.);
#4532 = DIRECTION('',(0.,0.,1.));
#4533 = ORIENTED_EDGE('',*,*,#4534,.T.);
#4534 = EDGE_CURVE('',#4527,#4535,#4537,.T.);
#4535 = VERTEX_POINT('',#4536);
#4536 = CARTESIAN_POINT('',(19.4526890696,1.5645819538,7.08));
#4537 = LINE('',#4538,#4539);
#4538 = CARTESIAN_POINT('',(21.1636890696,1.5645819538,7.08));
#4539 = VECTOR('',#4540,1.);
#4540 = DIRECTION('',(-1.,0.,0.));
#4541 = ORIENTED_EDGE('',*,*,#4542,.F.);
#4542 = EDGE_CURVE('',#4352,#4535,#4543,.T.);
#4543 = LINE('',#4544,#4545);
#4544 = CARTESIAN_POINT('',(19.4526890696,1.5645819538,2.36));
#4545 = VECTOR('',#4546,1.);
#4546 = DIRECTION('',(0.,0.,1.));
#4547 = PLANE('',#4548);
#4548 = AXIS2_PLACEMENT_3D('',#4549,#4550,#4551);
#4549 = CARTESIAN_POINT('',(21.1636890696,1.5645819538,2.36));
#4550 = DIRECTION('',(0.,-1.,0.));
#4551 = DIRECTION('',(-1.,0.,0.));
#4552 = ADVANCED_FACE('',(#4553),#4572,.F.);
#4553 = FACE_BOUND('',#4554,.F.);
#4554 = EDGE_LOOP('',(#4555,#4556,#4564,#4571));
#4555 = ORIENTED_EDGE('',*,*,#4510,.T.);
#4556 = ORIENTED_EDGE('',*,*,#4557,.T.);
#4557 = EDGE_CURVE('',#4503,#4558,#4560,.T.);
#4558 = VERTEX_POINT('',#4559);
#4559 = CARTESIAN_POINT('',(19.0986890696,1.2105819538,7.08));
#4560 = LINE('',#4561,#4562);
#4561 = CARTESIAN_POINT('',(19.0986890696,1.2105819538,2.36));
#4562 = VECTOR('',#4563,1.);
#4563 = DIRECTION('',(0.,0.,1.));
#4564 = ORIENTED_EDGE('',*,*,#4565,.F.);
#4565 = EDGE_CURVE('',#4535,#4558,#4566,.T.);
#4566 = CIRCLE('',#4567,0.354);
#4567 = AXIS2_PLACEMENT_3D('',#4568,#4569,#4570);
#4568 = CARTESIAN_POINT('',(19.4526890696,1.2105819538,7.08));
#4569 = DIRECTION('',(-0.,0.,1.));
#4570 = DIRECTION('',(0.,-1.,0.));
#4571 = ORIENTED_EDGE('',*,*,#4542,.F.);
#4572 = CYLINDRICAL_SURFACE('',#4573,0.354);
#4573 = AXIS2_PLACEMENT_3D('',#4574,#4575,#4576);
#4574 = CARTESIAN_POINT('',(19.4526890696,1.2105819538,2.36));
#4575 = DIRECTION('',(0.,0.,1.));
#4576 = DIRECTION('',(0.,1.,0.));
#4577 = ADVANCED_FACE('',(#4578),#4596,.T.);
#4578 = FACE_BOUND('',#4579,.T.);
#4579 = EDGE_LOOP('',(#4580,#4588,#4594,#4595));
#4580 = ORIENTED_EDGE('',*,*,#4581,.T.);
#4581 = EDGE_CURVE('',#4360,#4582,#4584,.T.);
#4582 = VERTEX_POINT('',#4583);
#4583 = CARTESIAN_POINT('',(21.1636890696,2.4731819538,7.08));
#4584 = LINE('',#4585,#4586);
#4585 = CARTESIAN_POINT('',(21.1636890696,2.4731819538,2.36));
#4586 = VECTOR('',#4587,1.);
#4587 = DIRECTION('',(0.,0.,1.));
#4588 = ORIENTED_EDGE('',*,*,#4589,.T.);
#4589 = EDGE_CURVE('',#4582,#4527,#4590,.T.);
#4590 = LINE('',#4591,#4592);
#4591 = CARTESIAN_POINT('',(21.1636890696,2.4731819538,7.08));
#4592 = VECTOR('',#4593,1.);
#4593 = DIRECTION('',(0.,-1.,0.));
#4594 = ORIENTED_EDGE('',*,*,#4526,.F.);
#4595 = ORIENTED_EDGE('',*,*,#4359,.F.);
#4596 = PLANE('',#4597);
#4597 = AXIS2_PLACEMENT_3D('',#4598,#4599,#4600);
#4598 = CARTESIAN_POINT('',(21.1636890696,2.4731819538,2.36));
#4599 = DIRECTION('',(1.,0.,0.));
#4600 = DIRECTION('',(0.,-1.,0.));
#4601 = ADVANCED_FACE('',(#4602),#4620,.T.);
#4602 = FACE_BOUND('',#4603,.T.);
#4603 = EDGE_LOOP('',(#4604,#4605,#4606,#4614));
#4604 = ORIENTED_EDGE('',*,*,#4502,.F.);
#4605 = ORIENTED_EDGE('',*,*,#4557,.T.);
#4606 = ORIENTED_EDGE('',*,*,#4607,.T.);
#4607 = EDGE_CURVE('',#4558,#4608,#4610,.T.);
#4608 = VERTEX_POINT('',#4609);
#4609 = CARTESIAN_POINT('',(19.0986890696,1.0925819538,7.08));
#4610 = LINE('',#4611,#4612);
#4611 = CARTESIAN_POINT('',(19.0986890696,1.5645819538,7.08));
#4612 = VECTOR('',#4613,1.);
#4613 = DIRECTION('',(0.,-1.,0.));
#4614 = ORIENTED_EDGE('',*,*,#4615,.F.);
#4615 = EDGE_CURVE('',#4494,#4608,#4616,.T.);
#4616 = LINE('',#4617,#4618);
#4617 = CARTESIAN_POINT('',(19.0986890696,1.0925819538,2.36));
#4618 = VECTOR('',#4619,1.);
#4619 = DIRECTION('',(0.,0.,1.));
#4620 = PLANE('',#4621);
#4621 = AXIS2_PLACEMENT_3D('',#4622,#4623,#4624);
#4622 = CARTESIAN_POINT('',(19.0986890696,1.5645819538,2.36));
#4623 = DIRECTION('',(1.,0.,0.));
#4624 = DIRECTION('',(0.,-1.,0.));
#4625 = ADVANCED_FACE('',(#4626),#4644,.T.);
#4626 = FACE_BOUND('',#4627,.T.);
#4627 = EDGE_LOOP('',(#4628,#4629,#4637,#4643));
#4628 = ORIENTED_EDGE('',*,*,#4367,.F.);
#4629 = ORIENTED_EDGE('',*,*,#4630,.T.);
#4630 = EDGE_CURVE('',#4368,#4631,#4633,.T.);
#4631 = VERTEX_POINT('',#4632);
#4632 = CARTESIAN_POINT('',(18.8744890696,2.4731819538,7.08));
#4633 = LINE('',#4634,#4635);
#4634 = CARTESIAN_POINT('',(18.8744890696,2.4731819538,2.36));
#4635 = VECTOR('',#4636,1.);
#4636 = DIRECTION('',(0.,0.,1.));
#4637 = ORIENTED_EDGE('',*,*,#4638,.T.);
#4638 = EDGE_CURVE('',#4631,#4582,#4639,.T.);
#4639 = LINE('',#4640,#4641);
#4640 = CARTESIAN_POINT('',(18.1664890696,2.4731819538,7.08));
#4641 = VECTOR('',#4642,1.);
#4642 = DIRECTION('',(1.,0.,0.));
#4643 = ORIENTED_EDGE('',*,*,#4581,.F.);
#4644 = PLANE('',#4645);
#4645 = AXIS2_PLACEMENT_3D('',#4646,#4647,#4648);
#4646 = CARTESIAN_POINT('',(18.1664890696,2.4731819538,2.36));
#4647 = DIRECTION('',(0.,1.,0.));
#4648 = DIRECTION('',(1.,0.,0.));
#4649 = ADVANCED_FACE('',(#4650),#4669,.F.);
#4650 = FACE_BOUND('',#4651,.F.);
#4651 = EDGE_LOOP('',(#4652,#4653,#4661,#4668));
#4652 = ORIENTED_EDGE('',*,*,#4493,.T.);
#4653 = ORIENTED_EDGE('',*,*,#4654,.T.);
#4654 = EDGE_CURVE('',#4486,#4655,#4657,.T.);
#4655 = VERTEX_POINT('',#4656);
#4656 = CARTESIAN_POINT('',(19.4526890696,0.7385819538,7.08));
#4657 = LINE('',#4658,#4659);
#4658 = CARTESIAN_POINT('',(19.4526890696,0.7385819538,2.36));
#4659 = VECTOR('',#4660,1.);
#4660 = DIRECTION('',(0.,0.,1.));
#4661 = ORIENTED_EDGE('',*,*,#4662,.F.);
#4662 = EDGE_CURVE('',#4608,#4655,#4663,.T.);
#4663 = CIRCLE('',#4664,0.354);
#4664 = AXIS2_PLACEMENT_3D('',#4665,#4666,#4667);
#4665 = CARTESIAN_POINT('',(19.4526890696,1.0925819538,7.08));
#4666 = DIRECTION('',(-0.,0.,1.));
#4667 = DIRECTION('',(0.,-1.,0.));
#4668 = ORIENTED_EDGE('',*,*,#4615,.F.);
#4669 = CYLINDRICAL_SURFACE('',#4670,0.354);
#4670 = AXIS2_PLACEMENT_3D('',#4671,#4672,#4673);
#4671 = CARTESIAN_POINT('',(19.4526890696,1.0925819538,2.36));
#4672 = DIRECTION('',(0.,0.,1.));
#4673 = DIRECTION('',(-1.,0.,0.));
#4674 = ADVANCED_FACE('',(#4675),#4694,.T.);
#4675 = FACE_BOUND('',#4676,.T.);
#4676 = EDGE_LOOP('',(#4677,#4678,#4686,#4693));
#4677 = ORIENTED_EDGE('',*,*,#4375,.T.);
#4678 = ORIENTED_EDGE('',*,*,#4679,.T.);
#4679 = EDGE_CURVE('',#4376,#4680,#4682,.T.);
#4680 = VERTEX_POINT('',#4681);
#4681 = CARTESIAN_POINT('',(18.1664890696,1.7651819538,7.08));
#4682 = LINE('',#4683,#4684);
#4683 = CARTESIAN_POINT('',(18.1664890696,1.7651819538,2.36));
#4684 = VECTOR('',#4685,1.);
#4685 = DIRECTION('',(0.,0.,1.));
#4686 = ORIENTED_EDGE('',*,*,#4687,.F.);
#4687 = EDGE_CURVE('',#4631,#4680,#4688,.T.);
#4688 = CIRCLE('',#4689,0.708);
#4689 = AXIS2_PLACEMENT_3D('',#4690,#4691,#4692);
#4690 = CARTESIAN_POINT('',(18.8744890696,1.7651819538,7.08));
#4691 = DIRECTION('',(-0.,0.,1.));
#4692 = DIRECTION('',(0.,-1.,0.));
#4693 = ORIENTED_EDGE('',*,*,#4630,.F.);
#4694 = CYLINDRICAL_SURFACE('',#4695,0.708);
#4695 = AXIS2_PLACEMENT_3D('',#4696,#4697,#4698);
#4696 = CARTESIAN_POINT('',(18.8744890696,1.7651819538,2.36));
#4697 = DIRECTION('',(0.,0.,1.));
#4698 = DIRECTION('',(0.,1.,0.));
#4699 = ADVANCED_FACE('',(#4700),#4718,.T.);
#4700 = FACE_BOUND('',#4701,.T.);
#4701 = EDGE_LOOP('',(#4702,#4703,#4704,#4712));
#4702 = ORIENTED_EDGE('',*,*,#4485,.F.);
#4703 = ORIENTED_EDGE('',*,*,#4654,.T.);
#4704 = ORIENTED_EDGE('',*,*,#4705,.T.);
#4705 = EDGE_CURVE('',#4655,#4706,#4708,.T.);
#4706 = VERTEX_POINT('',#4707);
#4707 = CARTESIAN_POINT('',(20.4556890696,0.7385819538,7.08));
#4708 = LINE('',#4709,#4710);
#4709 = CARTESIAN_POINT('',(19.0986890696,0.7385819538,7.08));
#4710 = VECTOR('',#4711,1.);
#4711 = DIRECTION('',(1.,0.,0.));
#4712 = ORIENTED_EDGE('',*,*,#4713,.F.);
#4713 = EDGE_CURVE('',#4477,#4706,#4714,.T.);
#4714 = LINE('',#4715,#4716);
#4715 = CARTESIAN_POINT('',(20.4556890696,0.7385819538,2.36));
#4716 = VECTOR('',#4717,1.);
#4717 = DIRECTION('',(0.,0.,1.));
#4718 = PLANE('',#4719);
#4719 = AXIS2_PLACEMENT_3D('',#4720,#4721,#4722);
#4720 = CARTESIAN_POINT('',(19.0986890696,0.7385819538,2.36));
#4721 = DIRECTION('',(0.,1.,0.));
#4722 = DIRECTION('',(1.,0.,0.));
#4723 = ADVANCED_FACE('',(#4724),#4742,.T.);
#4724 = FACE_BOUND('',#4725,.T.);
#4725 = EDGE_LOOP('',(#4726,#4727,#4735,#4741));
#4726 = ORIENTED_EDGE('',*,*,#4384,.F.);
#4727 = ORIENTED_EDGE('',*,*,#4728,.T.);
#4728 = EDGE_CURVE('',#4385,#4729,#4731,.T.);
#4729 = VERTEX_POINT('',#4730);
#4730 = CARTESIAN_POINT('',(18.1664890696,0.467181953793,7.08));
#4731 = LINE('',#4732,#4733);
#4732 = CARTESIAN_POINT('',(18.1664890696,0.467181953793,2.36));
#4733 = VECTOR('',#4734,1.);
#4734 = DIRECTION('',(0.,0.,1.));
#4735 = ORIENTED_EDGE('',*,*,#4736,.T.);
#4736 = EDGE_CURVE('',#4729,#4680,#4737,.T.);
#4737 = LINE('',#4738,#4739);
#4738 = CARTESIAN_POINT('',(18.1664890696,-0.240818046207,7.08));
#4739 = VECTOR('',#4740,1.);
#4740 = DIRECTION('',(0.,1.,0.));
#4741 = ORIENTED_EDGE('',*,*,#4679,.F.);
#4742 = PLANE('',#4743);
#4743 = AXIS2_PLACEMENT_3D('',#4744,#4745,#4746);
#4744 = CARTESIAN_POINT('',(18.1664890696,-0.240818046207,2.36));
#4745 = DIRECTION('',(-1.,0.,0.));
#4746 = DIRECTION('',(0.,1.,0.));
#4747 = ADVANCED_FACE('',(#4748),#4767,.T.);
#4748 = FACE_BOUND('',#4749,.F.);
#4749 = EDGE_LOOP('',(#4750,#4751,#4759,#4766));
#4750 = ORIENTED_EDGE('',*,*,#4476,.T.);
#4751 = ORIENTED_EDGE('',*,*,#4752,.T.);
#4752 = EDGE_CURVE('',#4469,#4753,#4755,.T.);
#4753 = VERTEX_POINT('',#4754);
#4754 = CARTESIAN_POINT('',(21.1636890696,3.05819538E-02,7.08));
#4755 = LINE('',#4756,#4757);
#4756 = CARTESIAN_POINT('',(21.1636890696,3.05819538E-02,2.36));
#4757 = VECTOR('',#4758,1.);
#4758 = DIRECTION('',(0.,0.,1.));
#4759 = ORIENTED_EDGE('',*,*,#4760,.F.);
#4760 = EDGE_CURVE('',#4706,#4753,#4761,.T.);
#4761 = CIRCLE('',#4762,0.708);
#4762 = AXIS2_PLACEMENT_3D('',#4763,#4764,#4765);
#4763 = CARTESIAN_POINT('',(20.4556890696,3.05819538E-02,7.08));
#4764 = DIRECTION('',(-0.,-0.,-1.));
#4765 = DIRECTION('',(0.,-1.,0.));
#4766 = ORIENTED_EDGE('',*,*,#4713,.F.);
#4767 = CYLINDRICAL_SURFACE('',#4768,0.708);
#4768 = AXIS2_PLACEMENT_3D('',#4769,#4770,#4771);
#4769 = CARTESIAN_POINT('',(20.4556890696,3.05819538E-02,2.36));
#4770 = DIRECTION('',(0.,0.,1.));
#4771 = DIRECTION('',(0.,1.,0.));
#4772 = ADVANCED_FACE('',(#4773),#4792,.T.);
#4773 = FACE_BOUND('',#4774,.F.);
#4774 = EDGE_LOOP('',(#4775,#4776,#4777,#4786));
#4775 = ORIENTED_EDGE('',*,*,#4392,.T.);
#4776 = ORIENTED_EDGE('',*,*,#4728,.T.);
#4777 = ORIENTED_EDGE('',*,*,#4778,.F.);
#4778 = EDGE_CURVE('',#4779,#4729,#4781,.T.);
#4779 = VERTEX_POINT('',#4780);
#4780 = CARTESIAN_POINT('',(18.8744890696,-0.240818046207,7.08));
#4781 = CIRCLE('',#4782,0.708);
#4782 = AXIS2_PLACEMENT_3D('',#4783,#4784,#4785);
#4783 = CARTESIAN_POINT('',(18.8744890696,0.467181953793,7.08));
#4784 = DIRECTION('',(-0.,-0.,-1.));
#4785 = DIRECTION('',(0.,-1.,0.));
#4786 = ORIENTED_EDGE('',*,*,#4787,.F.);
#4787 = EDGE_CURVE('',#4393,#4779,#4788,.T.);
#4788 = LINE('',#4789,#4790);
#4789 = CARTESIAN_POINT('',(18.8744890696,-0.240818046207,2.36));
#4790 = VECTOR('',#4791,1.);
#4791 = DIRECTION('',(0.,0.,1.));
#4792 = CYLINDRICAL_SURFACE('',#4793,0.708);
#4793 = AXIS2_PLACEMENT_3D('',#4794,#4795,#4796);
#4794 = CARTESIAN_POINT('',(18.8744890696,0.467181953793,2.36));
#4795 = DIRECTION('',(0.,0.,1.));
#4796 = DIRECTION('',(0.,-1.,0.));
#4797 = ADVANCED_FACE('',(#4798),#4816,.T.);
#4798 = FACE_BOUND('',#4799,.T.);
#4799 = EDGE_LOOP('',(#4800,#4801,#4802,#4810));
#4800 = ORIENTED_EDGE('',*,*,#4468,.F.);
#4801 = ORIENTED_EDGE('',*,*,#4752,.T.);
#4802 = ORIENTED_EDGE('',*,*,#4803,.T.);
#4803 = EDGE_CURVE('',#4753,#4804,#4806,.T.);
#4804 = VERTEX_POINT('',#4805);
#4805 = CARTESIAN_POINT('',(21.1636890696,-1.3028180462,7.08));
#4806 = LINE('',#4807,#4808);
#4807 = CARTESIAN_POINT('',(21.1636890696,0.7385819538,7.08));
#4808 = VECTOR('',#4809,1.);
#4809 = DIRECTION('',(0.,-1.,0.));
#4810 = ORIENTED_EDGE('',*,*,#4811,.F.);
#4811 = EDGE_CURVE('',#4460,#4804,#4812,.T.);
#4812 = LINE('',#4813,#4814);
#4813 = CARTESIAN_POINT('',(21.1636890696,-1.3028180462,2.36));
#4814 = VECTOR('',#4815,1.);
#4815 = DIRECTION('',(0.,0.,1.));
#4816 = PLANE('',#4817);
#4817 = AXIS2_PLACEMENT_3D('',#4818,#4819,#4820);
#4818 = CARTESIAN_POINT('',(21.1636890696,0.7385819538,2.36));
#4819 = DIRECTION('',(1.,0.,0.));
#4820 = DIRECTION('',(0.,-1.,0.));
#4821 = ADVANCED_FACE('',(#4822),#4840,.T.);
#4822 = FACE_BOUND('',#4823,.T.);
#4823 = EDGE_LOOP('',(#4824,#4825,#4833,#4839));
#4824 = ORIENTED_EDGE('',*,*,#4401,.F.);
#4825 = ORIENTED_EDGE('',*,*,#4826,.T.);
#4826 = EDGE_CURVE('',#4402,#4827,#4829,.T.);
#4827 = VERTEX_POINT('',#4828);
#4828 = CARTESIAN_POINT('',(19.8774890696,-0.240818046207,7.08));
#4829 = LINE('',#4830,#4831);
#4830 = CARTESIAN_POINT('',(19.8774890696,-0.240818046207,2.36));
#4831 = VECTOR('',#4832,1.);
#4832 = DIRECTION('',(0.,0.,1.));
#4833 = ORIENTED_EDGE('',*,*,#4834,.T.);
#4834 = EDGE_CURVE('',#4827,#4779,#4835,.T.);
#4835 = LINE('',#4836,#4837);
#4836 = CARTESIAN_POINT('',(20.2314890696,-0.240818046207,7.08));
#4837 = VECTOR('',#4838,1.);
#4838 = DIRECTION('',(-1.,0.,0.));
#4839 = ORIENTED_EDGE('',*,*,#4787,.F.);
#4840 = PLANE('',#4841);
#4841 = AXIS2_PLACEMENT_3D('',#4842,#4843,#4844);
#4842 = CARTESIAN_POINT('',(20.2314890696,-0.240818046207,2.36));
#4843 = DIRECTION('',(0.,-1.,0.));
#4844 = DIRECTION('',(-1.,0.,0.));
#4845 = ADVANCED_FACE('',(#4846),#4865,.T.);
#4846 = FACE_BOUND('',#4847,.F.);
#4847 = EDGE_LOOP('',(#4848,#4849,#4857,#4864));
#4848 = ORIENTED_EDGE('',*,*,#4459,.T.);
#4849 = ORIENTED_EDGE('',*,*,#4850,.T.);
#4850 = EDGE_CURVE('',#4452,#4851,#4853,.T.);
#4851 = VERTEX_POINT('',#4852);
#4852 = CARTESIAN_POINT('',(20.4556890696,-2.0108180462,7.08));
#4853 = LINE('',#4854,#4855);
#4854 = CARTESIAN_POINT('',(20.4556890696,-2.0108180462,2.36));
#4855 = VECTOR('',#4856,1.);
#4856 = DIRECTION('',(0.,0.,1.));
#4857 = ORIENTED_EDGE('',*,*,#4858,.F.);
#4858 = EDGE_CURVE('',#4804,#4851,#4859,.T.);
#4859 = CIRCLE('',#4860,0.708);
#4860 = AXIS2_PLACEMENT_3D('',#4861,#4862,#4863);
#4861 = CARTESIAN_POINT('',(20.4556890696,-1.3028180462,7.08));
#4862 = DIRECTION('',(-0.,-0.,-1.));
#4863 = DIRECTION('',(0.,-1.,0.));
#4864 = ORIENTED_EDGE('',*,*,#4811,.F.);
#4865 = CYLINDRICAL_SURFACE('',#4866,0.708);
#4866 = AXIS2_PLACEMENT_3D('',#4867,#4868,#4869);
#4867 = CARTESIAN_POINT('',(20.4556890696,-1.3028180462,2.36));
#4868 = DIRECTION('',(0.,0.,1.));
#4869 = DIRECTION('',(1.,0.,0.));
#4870 = ADVANCED_FACE('',(#4871),#4890,.F.);
#4871 = FACE_BOUND('',#4872,.T.);
#4872 = EDGE_LOOP('',(#4873,#4874,#4882,#4889));
#4873 = ORIENTED_EDGE('',*,*,#4409,.T.);
#4874 = ORIENTED_EDGE('',*,*,#4875,.T.);
#4875 = EDGE_CURVE('',#4410,#4876,#4878,.T.);
#4876 = VERTEX_POINT('',#4877);
#4877 = CARTESIAN_POINT('',(20.2314890696,-0.594818046207,7.08));
#4878 = LINE('',#4879,#4880);
#4879 = CARTESIAN_POINT('',(20.2314890696,-0.594818046207,2.36));
#4880 = VECTOR('',#4881,1.);
#4881 = DIRECTION('',(0.,0.,1.));
#4882 = ORIENTED_EDGE('',*,*,#4883,.F.);
#4883 = EDGE_CURVE('',#4827,#4876,#4884,.T.);
#4884 = CIRCLE('',#4885,0.354);
#4885 = AXIS2_PLACEMENT_3D('',#4886,#4887,#4888);
#4886 = CARTESIAN_POINT('',(19.8774890696,-0.594818046207,7.08));
#4887 = DIRECTION('',(-0.,-0.,-1.));
#4888 = DIRECTION('',(0.,-1.,0.));
#4889 = ORIENTED_EDGE('',*,*,#4826,.F.);
#4890 = CYLINDRICAL_SURFACE('',#4891,0.354);
#4891 = AXIS2_PLACEMENT_3D('',#4892,#4893,#4894);
#4892 = CARTESIAN_POINT('',(19.8774890696,-0.594818046207,2.36));
#4893 = DIRECTION('',(0.,0.,1.));
#4894 = DIRECTION('',(0.,1.,0.));
#4895 = ADVANCED_FACE('',(#4896),#4914,.T.);
#4896 = FACE_BOUND('',#4897,.T.);
#4897 = EDGE_LOOP('',(#4898,#4899,#4900,#4908));
#4898 = ORIENTED_EDGE('',*,*,#4451,.F.);
#4899 = ORIENTED_EDGE('',*,*,#4850,.T.);
#4900 = ORIENTED_EDGE('',*,*,#4901,.T.);
#4901 = EDGE_CURVE('',#4851,#4902,#4904,.T.);
#4902 = VERTEX_POINT('',#4903);
#4903 = CARTESIAN_POINT('',(18.1664890696,-2.0108180462,7.08));
#4904 = LINE('',#4905,#4906);
#4905 = CARTESIAN_POINT('',(21.1636890696,-2.0108180462,7.08));
#4906 = VECTOR('',#4907,1.);
#4907 = DIRECTION('',(-1.,0.,0.));
#4908 = ORIENTED_EDGE('',*,*,#4909,.F.);
#4909 = EDGE_CURVE('',#4444,#4902,#4910,.T.);
#4910 = LINE('',#4911,#4912);
#4911 = CARTESIAN_POINT('',(18.1664890696,-2.0108180462,2.36));
#4912 = VECTOR('',#4913,1.);
#4913 = DIRECTION('',(0.,0.,1.));
#4914 = PLANE('',#4915);
#4915 = AXIS2_PLACEMENT_3D('',#4916,#4917,#4918);
#4916 = CARTESIAN_POINT('',(21.1636890696,-2.0108180462,2.36));
#4917 = DIRECTION('',(0.,-1.,0.));
#4918 = DIRECTION('',(-1.,0.,0.));
#4919 = ADVANCED_FACE('',(#4920),#4938,.T.);
#4920 = FACE_BOUND('',#4921,.T.);
#4921 = EDGE_LOOP('',(#4922,#4923,#4931,#4937));
#4922 = ORIENTED_EDGE('',*,*,#4418,.F.);
#4923 = ORIENTED_EDGE('',*,*,#4924,.T.);
#4924 = EDGE_CURVE('',#4419,#4925,#4927,.T.);
#4925 = VERTEX_POINT('',#4926);
#4926 = CARTESIAN_POINT('',(20.2314890696,-0.712818046207,7.08));
#4927 = LINE('',#4928,#4929);
#4928 = CARTESIAN_POINT('',(20.2314890696,-0.712818046207,2.36));
#4929 = VECTOR('',#4930,1.);
#4930 = DIRECTION('',(0.,0.,1.));
#4931 = ORIENTED_EDGE('',*,*,#4932,.T.);
#4932 = EDGE_CURVE('',#4925,#4876,#4933,.T.);
#4933 = LINE('',#4934,#4935);
#4934 = CARTESIAN_POINT('',(20.2314890696,-1.066818046207,7.08));
#4935 = VECTOR('',#4936,1.);
#4936 = DIRECTION('',(0.,1.,0.));
#4937 = ORIENTED_EDGE('',*,*,#4875,.F.);
#4938 = PLANE('',#4939);
#4939 = AXIS2_PLACEMENT_3D('',#4940,#4941,#4942);
#4940 = CARTESIAN_POINT('',(20.2314890696,-1.066818046207,2.36));
#4941 = DIRECTION('',(-1.,0.,0.));
#4942 = DIRECTION('',(0.,1.,0.));
#4943 = ADVANCED_FACE('',(#4944),#4962,.T.);
#4944 = FACE_BOUND('',#4945,.T.);
#4945 = EDGE_LOOP('',(#4946,#4947,#4955,#4961));
#4946 = ORIENTED_EDGE('',*,*,#4909,.T.);
#4947 = ORIENTED_EDGE('',*,*,#4948,.T.);
#4948 = EDGE_CURVE('',#4902,#4949,#4951,.T.);
#4949 = VERTEX_POINT('',#4950);
#4950 = CARTESIAN_POINT('',(18.1664890696,-1.066818046207,7.08));
#4951 = LINE('',#4952,#4953);
#4952 = CARTESIAN_POINT('',(18.1664890696,-2.0108180462,7.08));
#4953 = VECTOR('',#4954,1.);
#4954 = DIRECTION('',(0.,1.,0.));
#4955 = ORIENTED_EDGE('',*,*,#4956,.F.);
#4956 = EDGE_CURVE('',#4436,#4949,#4957,.T.);
#4957 = LINE('',#4958,#4959);
#4958 = CARTESIAN_POINT('',(18.1664890696,-1.066818046207,2.36));
#4959 = VECTOR('',#4960,1.);
#4960 = DIRECTION('',(0.,0.,1.));
#4961 = ORIENTED_EDGE('',*,*,#4443,.F.);
#4962 = PLANE('',#4963);
#4963 = AXIS2_PLACEMENT_3D('',#4964,#4965,#4966);
#4964 = CARTESIAN_POINT('',(18.1664890696,-2.0108180462,2.36));
#4965 = DIRECTION('',(-1.,0.,0.));
#4966 = DIRECTION('',(0.,1.,0.));
#4967 = ADVANCED_FACE('',(#4968),#4987,.F.);
#4968 = FACE_BOUND('',#4969,.T.);
#4969 = EDGE_LOOP('',(#4970,#4971,#4979,#4986));
#4970 = ORIENTED_EDGE('',*,*,#4426,.T.);
#4971 = ORIENTED_EDGE('',*,*,#4972,.T.);
#4972 = EDGE_CURVE('',#4427,#4973,#4975,.T.);
#4973 = VERTEX_POINT('',#4974);
#4974 = CARTESIAN_POINT('',(19.8774890696,-1.066818046207,7.08));
#4975 = LINE('',#4976,#4977);
#4976 = CARTESIAN_POINT('',(19.8774890696,-1.066818046207,2.36));
#4977 = VECTOR('',#4978,1.);
#4978 = DIRECTION('',(0.,0.,1.));
#4979 = ORIENTED_EDGE('',*,*,#4980,.F.);
#4980 = EDGE_CURVE('',#4925,#4973,#4981,.T.);
#4981 = CIRCLE('',#4982,0.354);
#4982 = AXIS2_PLACEMENT_3D('',#4983,#4984,#4985);
#4983 = CARTESIAN_POINT('',(19.8774890696,-0.712818046207,7.08));
#4984 = DIRECTION('',(-0.,-0.,-1.));
#4985 = DIRECTION('',(0.,-1.,0.));
#4986 = ORIENTED_EDGE('',*,*,#4924,.F.);
#4987 = CYLINDRICAL_SURFACE('',#4988,0.354);
#4988 = AXIS2_PLACEMENT_3D('',#4989,#4990,#4991);
#4989 = CARTESIAN_POINT('',(19.8774890696,-0.712818046207,2.36));
#4990 = DIRECTION('',(0.,0.,1.));
#4991 = DIRECTION('',(1.,0.,0.));
#4992 = ADVANCED_FACE('',(#4993),#5004,.T.);
#4993 = FACE_BOUND('',#4994,.T.);
#4994 = EDGE_LOOP('',(#4995,#4996,#4997,#5003));
#4995 = ORIENTED_EDGE('',*,*,#4435,.F.);
#4996 = ORIENTED_EDGE('',*,*,#4956,.T.);
#4997 = ORIENTED_EDGE('',*,*,#4998,.T.);
#4998 = EDGE_CURVE('',#4949,#4973,#4999,.T.);
#4999 = LINE('',#5000,#5001);
#5000 = CARTESIAN_POINT('',(18.1664890696,-1.066818046207,7.08));
#5001 = VECTOR('',#5002,1.);
#5002 = DIRECTION('',(1.,0.,0.));
#5003 = ORIENTED_EDGE('',*,*,#4972,.F.);
#5004 = PLANE('',#5005);
#5005 = AXIS2_PLACEMENT_3D('',#5006,#5007,#5008);
#5006 = CARTESIAN_POINT('',(18.1664890696,-1.066818046207,2.36));
#5007 = DIRECTION('',(0.,1.,0.));
#5008 = DIRECTION('',(1.,0.,0.));
#5009 = ADVANCED_FACE('',(#5010),#5032,.T.);
#5010 = FACE_BOUND('',#5011,.T.);
#5011 = EDGE_LOOP('',(#5012,#5013,#5014,#5015,#5016,#5017,#5018,#5019,
    #5020,#5021,#5022,#5023,#5024,#5025,#5026,#5027,#5028,#5029,#5030,
    #5031));
#5012 = ORIENTED_EDGE('',*,*,#4534,.F.);
#5013 = ORIENTED_EDGE('',*,*,#4589,.F.);
#5014 = ORIENTED_EDGE('',*,*,#4638,.F.);
#5015 = ORIENTED_EDGE('',*,*,#4687,.T.);
#5016 = ORIENTED_EDGE('',*,*,#4736,.F.);
#5017 = ORIENTED_EDGE('',*,*,#4778,.F.);
#5018 = ORIENTED_EDGE('',*,*,#4834,.F.);
#5019 = ORIENTED_EDGE('',*,*,#4883,.T.);
#5020 = ORIENTED_EDGE('',*,*,#4932,.F.);
#5021 = ORIENTED_EDGE('',*,*,#4980,.T.);
#5022 = ORIENTED_EDGE('',*,*,#4998,.F.);
#5023 = ORIENTED_EDGE('',*,*,#4948,.F.);
#5024 = ORIENTED_EDGE('',*,*,#4901,.F.);
#5025 = ORIENTED_EDGE('',*,*,#4858,.F.);
#5026 = ORIENTED_EDGE('',*,*,#4803,.F.);
#5027 = ORIENTED_EDGE('',*,*,#4760,.F.);
#5028 = ORIENTED_EDGE('',*,*,#4705,.F.);
#5029 = ORIENTED_EDGE('',*,*,#4662,.F.);
#5030 = ORIENTED_EDGE('',*,*,#4607,.F.);
#5031 = ORIENTED_EDGE('',*,*,#4565,.F.);
#5032 = PLANE('',#5033);
#5033 = AXIS2_PLACEMENT_3D('',#5034,#5035,#5036);
#5034 = CARTESIAN_POINT('',(-3.526772598173,0.467820267999,7.08));
#5035 = DIRECTION('',(0.,0.,1.));
#5036 = DIRECTION('',(1.,0.,0.));
#5037 = MANIFOLD_SOLID_BREP('',#5038);
#5038 = CLOSED_SHELL('',(#5039,#5090,#5120,#5130));
#5039 = ADVANCED_FACE('',(#5040),#5080,.F.);
#5040 = FACE_BOUND('',#5041,.F.);
#5041 = EDGE_LOOP('',(#5042,#5052,#5063,#5071));
#5042 = ORIENTED_EDGE('',*,*,#5043,.T.);
#5043 = EDGE_CURVE('',#5044,#5046,#5048,.T.);
#5044 = VERTEX_POINT('',#5045);
#5045 = CARTESIAN_POINT('',(16.463419000001,4.70217492,2.36));
#5046 = VERTEX_POINT('',#5047);
#5047 = CARTESIAN_POINT('',(16.463419000001,4.70217492,7.08));
#5048 = LINE('',#5049,#5050);
#5049 = CARTESIAN_POINT('',(16.463419000001,4.70217492,2.36));
#5050 = VECTOR('',#5051,1.);
#5051 = DIRECTION('',(0.,0.,1.));
#5052 = ORIENTED_EDGE('',*,*,#5053,.T.);
#5053 = EDGE_CURVE('',#5046,#5054,#5056,.T.);
#5054 = VERTEX_POINT('',#5055);
#5055 = CARTESIAN_POINT('',(-7.084736126461,-9.868469501487,7.08));
#5056 = B_SPLINE_CURVE_WITH_KNOTS('',3,(#5057,#5058,#5059,#5060,#5061,
    #5062),.UNSPECIFIED.,.F.,.F.,(4,1,1,4),(0.,17.424936,24.275972,
    53.386571028234),.UNSPECIFIED.);
#5057 = CARTESIAN_POINT('',(16.463419000001,4.70217492,7.08));
#5058 = CARTESIAN_POINT('',(8.027903606987,6.954986635229,7.08));
#5059 = CARTESIAN_POINT('',(-7.411521,7.5534868,7.08));
#5060 = CARTESIAN_POINT('',(-37.91433751765,2.401469988236,7.08));
#5061 = CARTESIAN_POINT('',(-34.09312618214,-8.762496083034,7.08));
#5062 = CARTESIAN_POINT('',(-7.084736126461,-9.868469501487,7.08));
#5063 = ORIENTED_EDGE('',*,*,#5064,.F.);
#5064 = EDGE_CURVE('',#5065,#5054,#5067,.T.);
#5065 = VERTEX_POINT('',#5066);
#5066 = CARTESIAN_POINT('',(-7.084736126461,-9.868469501487,2.36));
#5067 = LINE('',#5068,#5069);
#5068 = CARTESIAN_POINT('',(-7.084736126461,-9.868469501487,2.36));
#5069 = VECTOR('',#5070,1.);
#5070 = DIRECTION('',(0.,0.,1.));
#5071 = ORIENTED_EDGE('',*,*,#5072,.F.);
#5072 = EDGE_CURVE('',#5044,#5065,#5073,.T.);
#5073 = B_SPLINE_CURVE_WITH_KNOTS('',3,(#5074,#5075,#5076,#5077,#5078,
    #5079),.UNSPECIFIED.,.F.,.F.,(4,1,1,4),(0.,17.424936,24.275972,
    53.386571028234),.UNSPECIFIED.);
#5074 = CARTESIAN_POINT('',(16.463419000001,4.70217492,2.36));
#5075 = CARTESIAN_POINT('',(8.027903606987,6.954986635229,2.36));
#5076 = CARTESIAN_POINT('',(-7.411521,7.5534868,2.36));
#5077 = CARTESIAN_POINT('',(-37.91433751765,2.401469988236,2.36));
#5078 = CARTESIAN_POINT('',(-34.09312618214,-8.762496083034,2.36));
#5079 = CARTESIAN_POINT('',(-7.084736126461,-9.868469501487,2.36));
#5080 = SURFACE_OF_LINEAR_EXTRUSION('',#5081,#5088);
#5081 = B_SPLINE_CURVE_WITH_KNOTS('',3,(#5082,#5083,#5084,#5085,#5086,
    #5087),.UNSPECIFIED.,.F.,.F.,(4,1,1,4),(0.,17.424936,24.275972,
    53.386571028234),.UNSPECIFIED.);
#5082 = CARTESIAN_POINT('',(16.463419000001,4.70217492,2.36));
#5083 = CARTESIAN_POINT('',(8.027903606987,6.954986635229,2.36));
#5084 = CARTESIAN_POINT('',(-7.411521,7.5534868,2.36));
#5085 = CARTESIAN_POINT('',(-37.91433751765,2.401469988236,2.36));
#5086 = CARTESIAN_POINT('',(-34.09312618214,-8.762496083034,2.36));
#5087 = CARTESIAN_POINT('',(-7.084736126461,-9.868469501487,2.36));
#5088 = VECTOR('',#5089,1.);
#5089 = DIRECTION('',(-0.,-0.,-1.));
#5090 = ADVANCED_FACE('',(#5091),#5111,.T.);
#5091 = FACE_BOUND('',#5092,.T.);
#5092 = EDGE_LOOP('',(#5093,#5094,#5102,#5103));
#5093 = ORIENTED_EDGE('',*,*,#5043,.T.);
#5094 = ORIENTED_EDGE('',*,*,#5095,.T.);
#5095 = EDGE_CURVE('',#5046,#5054,#5096,.T.);
#5096 = B_SPLINE_CURVE_WITH_KNOTS('',3,(#5097,#5098,#5099,#5100,#5101),
  .UNSPECIFIED.,.F.,.F.,(4,1,4),(0.,24.276,53.3866),.UNSPECIFIED.);
#5097 = CARTESIAN_POINT('',(16.463419000001,4.70217492,7.08));
#5098 = CARTESIAN_POINT('',(0.542415113962,6.404347528441,7.08));
#5099 = CARTESIAN_POINT('',(-29.5917302282,4.85353139065,7.08));
#5100 = CARTESIAN_POINT('',(-30.27071252781,-7.058128592605,7.08));
#5101 = CARTESIAN_POINT('',(-7.084736126461,-9.868469501487,7.08));
#5102 = ORIENTED_EDGE('',*,*,#5064,.F.);
#5103 = ORIENTED_EDGE('',*,*,#5104,.F.);
#5104 = EDGE_CURVE('',#5044,#5065,#5105,.T.);
#5105 = B_SPLINE_CURVE_WITH_KNOTS('',3,(#5106,#5107,#5108,#5109,#5110),
  .UNSPECIFIED.,.F.,.F.,(4,1,4),(0.,24.276,53.3866),.UNSPECIFIED.);
#5106 = CARTESIAN_POINT('',(16.463419000001,4.70217492,2.36));
#5107 = CARTESIAN_POINT('',(0.542415113962,6.404347528441,2.36));
#5108 = CARTESIAN_POINT('',(-29.5917302282,4.85353139065,2.36));
#5109 = CARTESIAN_POINT('',(-30.27071252781,-7.058128592605,2.36));
#5110 = CARTESIAN_POINT('',(-7.084736126461,-9.868469501487,2.36));
#5111 = SURFACE_OF_LINEAR_EXTRUSION('',#5112,#5118);
#5112 = B_SPLINE_CURVE_WITH_KNOTS('',3,(#5113,#5114,#5115,#5116,#5117),
  .UNSPECIFIED.,.F.,.F.,(4,1,4),(0.,24.276,53.3866),.UNSPECIFIED.);
#5113 = CARTESIAN_POINT('',(16.463419000001,4.70217492,2.36));
#5114 = CARTESIAN_POINT('',(0.542415113962,6.404347528441,2.36));
#5115 = CARTESIAN_POINT('',(-29.5917302282,4.85353139065,2.36));
#5116 = CARTESIAN_POINT('',(-30.27071252781,-7.058128592605,2.36));
#5117 = CARTESIAN_POINT('',(-7.084736126461,-9.868469501487,2.36));
#5118 = VECTOR('',#5119,1.);
#5119 = DIRECTION('',(-0.,-0.,-1.));
#5120 = ADVANCED_FACE('',(#5121),#5125,.F.);
#5121 = FACE_BOUND('',#5122,.F.);
#5122 = EDGE_LOOP('',(#5123,#5124));
#5123 = ORIENTED_EDGE('',*,*,#5072,.T.);
#5124 = ORIENTED_EDGE('',*,*,#5104,.F.);
#5125 = PLANE('',#5126);
#5126 = AXIS2_PLACEMENT_3D('',#5127,#5128,#5129);
#5127 = CARTESIAN_POINT('',(-3.526772598173,0.467820267999,2.36));
#5128 = DIRECTION('',(0.,0.,1.));
#5129 = DIRECTION('',(1.,0.,0.));
#5130 = ADVANCED_FACE('',(#5131),#5135,.T.);
#5131 = FACE_BOUND('',#5132,.T.);
#5132 = EDGE_LOOP('',(#5133,#5134));
#5133 = ORIENTED_EDGE('',*,*,#5053,.T.);
#5134 = ORIENTED_EDGE('',*,*,#5095,.F.);
#5135 = PLANE('',#5136);
#5136 = AXIS2_PLACEMENT_3D('',#5137,#5138,#5139);
#5137 = CARTESIAN_POINT('',(-3.526772598173,0.467820267999,7.08));
#5138 = DIRECTION('',(0.,0.,1.));
#5139 = DIRECTION('',(1.,0.,0.));
#5140 = MANIFOLD_SOLID_BREP('',#5141);
#5141 = CLOSED_SHELL('',(#5142,#5182,#5213,#5244,#5275,#5306,#5337,#5368
    ,#5390,#5406));
#5142 = ADVANCED_FACE('',(#5143),#5177,.F.);
#5143 = FACE_BOUND('',#5144,.F.);
#5144 = EDGE_LOOP('',(#5145,#5155,#5163,#5171));
#5145 = ORIENTED_EDGE('',*,*,#5146,.T.);
#5146 = EDGE_CURVE('',#5147,#5149,#5151,.T.);
#5147 = VERTEX_POINT('',#5148);
#5148 = CARTESIAN_POINT('',(6.9564890696,2.4731819538,2.36));
#5149 = VERTEX_POINT('',#5150);
#5150 = CARTESIAN_POINT('',(6.9564890696,2.4731819538,7.08));
#5151 = LINE('',#5152,#5153);
#5152 = CARTESIAN_POINT('',(6.9564890696,2.4731819538,2.36));
#5153 = VECTOR('',#5154,1.);
#5154 = DIRECTION('',(0.,0.,1.));
#5155 = ORIENTED_EDGE('',*,*,#5156,.T.);
#5156 = EDGE_CURVE('',#5149,#5157,#5159,.T.);
#5157 = VERTEX_POINT('',#5158);
#5158 = CARTESIAN_POINT('',(6.9564890696,1.5645819538,7.08));
#5159 = LINE('',#5160,#5161);
#5160 = CARTESIAN_POINT('',(6.9564890696,2.4731819538,7.08));
#5161 = VECTOR('',#5162,1.);
#5162 = DIRECTION('',(0.,-1.,0.));
#5163 = ORIENTED_EDGE('',*,*,#5164,.F.);
#5164 = EDGE_CURVE('',#5165,#5157,#5167,.T.);
#5165 = VERTEX_POINT('',#5166);
#5166 = CARTESIAN_POINT('',(6.9564890696,1.5645819538,2.36));
#5167 = LINE('',#5168,#5169);
#5168 = CARTESIAN_POINT('',(6.9564890696,1.5645819538,2.36));
#5169 = VECTOR('',#5170,1.);
#5170 = DIRECTION('',(0.,0.,1.));
#5171 = ORIENTED_EDGE('',*,*,#5172,.F.);
#5172 = EDGE_CURVE('',#5147,#5165,#5173,.T.);
#5173 = LINE('',#5174,#5175);
#5174 = CARTESIAN_POINT('',(6.9564890696,2.4731819538,2.36));
#5175 = VECTOR('',#5176,1.);
#5176 = DIRECTION('',(0.,-1.,0.));
#5177 = PLANE('',#5178);
#5178 = AXIS2_PLACEMENT_3D('',#5179,#5180,#5181);
#5179 = CARTESIAN_POINT('',(6.9564890696,2.4731819538,2.36));
#5180 = DIRECTION('',(1.,0.,0.));
#5181 = DIRECTION('',(0.,-1.,0.));
#5182 = ADVANCED_FACE('',(#5183),#5208,.F.);
#5183 = FACE_BOUND('',#5184,.F.);
#5184 = EDGE_LOOP('',(#5185,#5186,#5194,#5202));
#5185 = ORIENTED_EDGE('',*,*,#5164,.T.);
#5186 = ORIENTED_EDGE('',*,*,#5187,.T.);
#5187 = EDGE_CURVE('',#5157,#5188,#5190,.T.);
#5188 = VERTEX_POINT('',#5189);
#5189 = CARTESIAN_POINT('',(7.8414890696,1.5645819538,7.08));
#5190 = LINE('',#5191,#5192);
#5191 = CARTESIAN_POINT('',(6.9564890696,1.5645819538,7.08));
#5192 = VECTOR('',#5193,1.);
#5193 = DIRECTION('',(1.,0.,0.));
#5194 = ORIENTED_EDGE('',*,*,#5195,.F.);
#5195 = EDGE_CURVE('',#5196,#5188,#5198,.T.);
#5196 = VERTEX_POINT('',#5197);
#5197 = CARTESIAN_POINT('',(7.8414890696,1.5645819538,2.36));
#5198 = LINE('',#5199,#5200);
#5199 = CARTESIAN_POINT('',(7.8414890696,1.5645819538,2.36));
#5200 = VECTOR('',#5201,1.);
#5201 = DIRECTION('',(0.,0.,1.));
#5202 = ORIENTED_EDGE('',*,*,#5203,.F.);
#5203 = EDGE_CURVE('',#5165,#5196,#5204,.T.);
#5204 = LINE('',#5205,#5206);
#5205 = CARTESIAN_POINT('',(6.9564890696,1.5645819538,2.36));
#5206 = VECTOR('',#5207,1.);
#5207 = DIRECTION('',(1.,0.,0.));
#5208 = PLANE('',#5209);
#5209 = AXIS2_PLACEMENT_3D('',#5210,#5211,#5212);
#5210 = CARTESIAN_POINT('',(6.9564890696,1.5645819538,2.36));
#5211 = DIRECTION('',(0.,1.,0.));
#5212 = DIRECTION('',(1.,0.,0.));
#5213 = ADVANCED_FACE('',(#5214),#5239,.F.);
#5214 = FACE_BOUND('',#5215,.F.);
#5215 = EDGE_LOOP('',(#5216,#5217,#5225,#5233));
#5216 = ORIENTED_EDGE('',*,*,#5195,.T.);
#5217 = ORIENTED_EDGE('',*,*,#5218,.T.);
#5218 = EDGE_CURVE('',#5188,#5219,#5221,.T.);
#5219 = VERTEX_POINT('',#5220);
#5220 = CARTESIAN_POINT('',(7.8414890696,-2.0108180462,7.08));
#5221 = LINE('',#5222,#5223);
#5222 = CARTESIAN_POINT('',(7.8414890696,1.5645819538,7.08));
#5223 = VECTOR('',#5224,1.);
#5224 = DIRECTION('',(0.,-1.,0.));
#5225 = ORIENTED_EDGE('',*,*,#5226,.F.);
#5226 = EDGE_CURVE('',#5227,#5219,#5229,.T.);
#5227 = VERTEX_POINT('',#5228);
#5228 = CARTESIAN_POINT('',(7.8414890696,-2.0108180462,2.36));
#5229 = LINE('',#5230,#5231);
#5230 = CARTESIAN_POINT('',(7.8414890696,-2.0108180462,2.36));
#5231 = VECTOR('',#5232,1.);
#5232 = DIRECTION('',(0.,0.,1.));
#5233 = ORIENTED_EDGE('',*,*,#5234,.F.);
#5234 = EDGE_CURVE('',#5196,#5227,#5235,.T.);
#5235 = LINE('',#5236,#5237);
#5236 = CARTESIAN_POINT('',(7.8414890696,1.5645819538,2.36));
#5237 = VECTOR('',#5238,1.);
#5238 = DIRECTION('',(0.,-1.,0.));
#5239 = PLANE('',#5240);
#5240 = AXIS2_PLACEMENT_3D('',#5241,#5242,#5243);
#5241 = CARTESIAN_POINT('',(7.8414890696,1.5645819538,2.36));
#5242 = DIRECTION('',(1.,0.,0.));
#5243 = DIRECTION('',(0.,-1.,0.));
#5244 = ADVANCED_FACE('',(#5245),#5270,.F.);
#5245 = FACE_BOUND('',#5246,.F.);
#5246 = EDGE_LOOP('',(#5247,#5248,#5256,#5264));
#5247 = ORIENTED_EDGE('',*,*,#5226,.T.);
#5248 = ORIENTED_EDGE('',*,*,#5249,.T.);
#5249 = EDGE_CURVE('',#5219,#5250,#5252,.T.);
#5250 = VERTEX_POINT('',#5251);
#5251 = CARTESIAN_POINT('',(8.8444890696,-2.0108180462,7.08));
#5252 = LINE('',#5253,#5254);
#5253 = CARTESIAN_POINT('',(7.8414890696,-2.0108180462,7.08));
#5254 = VECTOR('',#5255,1.);
#5255 = DIRECTION('',(1.,-2.612289469706E-16,0.));
#5256 = ORIENTED_EDGE('',*,*,#5257,.F.);
#5257 = EDGE_CURVE('',#5258,#5250,#5260,.T.);
#5258 = VERTEX_POINT('',#5259);
#5259 = CARTESIAN_POINT('',(8.8444890696,-2.0108180462,2.36));
#5260 = LINE('',#5261,#5262);
#5261 = CARTESIAN_POINT('',(8.8444890696,-2.0108180462,2.36));
#5262 = VECTOR('',#5263,1.);
#5263 = DIRECTION('',(0.,0.,1.));
#5264 = ORIENTED_EDGE('',*,*,#5265,.F.);
#5265 = EDGE_CURVE('',#5227,#5258,#5266,.T.);
#5266 = LINE('',#5267,#5268);
#5267 = CARTESIAN_POINT('',(7.8414890696,-2.0108180462,2.36));
#5268 = VECTOR('',#5269,1.);
#5269 = DIRECTION('',(1.,-2.612289469706E-16,0.));
#5270 = PLANE('',#5271);
#5271 = AXIS2_PLACEMENT_3D('',#5272,#5273,#5274);
#5272 = CARTESIAN_POINT('',(7.8414890696,-2.0108180462,2.36));
#5273 = DIRECTION('',(2.612289469706E-16,1.,0.));
#5274 = DIRECTION('',(1.,-2.612289469706E-16,0.));
#5275 = ADVANCED_FACE('',(#5276),#5301,.F.);
#5276 = FACE_BOUND('',#5277,.F.);
#5277 = EDGE_LOOP('',(#5278,#5279,#5287,#5295));
#5278 = ORIENTED_EDGE('',*,*,#5257,.T.);
#5279 = ORIENTED_EDGE('',*,*,#5280,.T.);
#5280 = EDGE_CURVE('',#5250,#5281,#5283,.T.);
#5281 = VERTEX_POINT('',#5282);
#5282 = CARTESIAN_POINT('',(8.8444890696,1.5645819538,7.08));
#5283 = LINE('',#5284,#5285);
#5284 = CARTESIAN_POINT('',(8.8444890696,-2.0108180462,7.08));
#5285 = VECTOR('',#5286,1.);
#5286 = DIRECTION('',(0.,1.,0.));
#5287 = ORIENTED_EDGE('',*,*,#5288,.F.);
#5288 = EDGE_CURVE('',#5289,#5281,#5291,.T.);
#5289 = VERTEX_POINT('',#5290);
#5290 = CARTESIAN_POINT('',(8.8444890696,1.5645819538,2.36));
#5291 = LINE('',#5292,#5293);
#5292 = CARTESIAN_POINT('',(8.8444890696,1.5645819538,2.36));
#5293 = VECTOR('',#5294,1.);
#5294 = DIRECTION('',(0.,0.,1.));
#5295 = ORIENTED_EDGE('',*,*,#5296,.F.);
#5296 = EDGE_CURVE('',#5258,#5289,#5297,.T.);
#5297 = LINE('',#5298,#5299);
#5298 = CARTESIAN_POINT('',(8.8444890696,-2.0108180462,2.36));
#5299 = VECTOR('',#5300,1.);
#5300 = DIRECTION('',(0.,1.,0.));
#5301 = PLANE('',#5302);
#5302 = AXIS2_PLACEMENT_3D('',#5303,#5304,#5305);
#5303 = CARTESIAN_POINT('',(8.8444890696,-2.0108180462,2.36));
#5304 = DIRECTION('',(-1.,0.,0.));
#5305 = DIRECTION('',(0.,1.,0.));
#5306 = ADVANCED_FACE('',(#5307),#5332,.F.);
#5307 = FACE_BOUND('',#5308,.F.);
#5308 = EDGE_LOOP('',(#5309,#5310,#5318,#5326));
#5309 = ORIENTED_EDGE('',*,*,#5288,.T.);
#5310 = ORIENTED_EDGE('',*,*,#5311,.T.);
#5311 = EDGE_CURVE('',#5281,#5312,#5314,.T.);
#5312 = VERTEX_POINT('',#5313);
#5313 = CARTESIAN_POINT('',(9.9536890696,1.5645819538,7.08));
#5314 = LINE('',#5315,#5316);
#5315 = CARTESIAN_POINT('',(8.8444890696,1.5645819538,7.08));
#5316 = VECTOR('',#5317,1.);
#5317 = DIRECTION('',(1.,2.362176648139E-16,0.));
#5318 = ORIENTED_EDGE('',*,*,#5319,.F.);
#5319 = EDGE_CURVE('',#5320,#5312,#5322,.T.);
#5320 = VERTEX_POINT('',#5321);
#5321 = CARTESIAN_POINT('',(9.9536890696,1.5645819538,2.36));
#5322 = LINE('',#5323,#5324);
#5323 = CARTESIAN_POINT('',(9.9536890696,1.5645819538,2.36));
#5324 = VECTOR('',#5325,1.);
#5325 = DIRECTION('',(0.,0.,1.));
#5326 = ORIENTED_EDGE('',*,*,#5327,.F.);
#5327 = EDGE_CURVE('',#5289,#5320,#5328,.T.);
#5328 = LINE('',#5329,#5330);
#5329 = CARTESIAN_POINT('',(8.8444890696,1.5645819538,2.36));
#5330 = VECTOR('',#5331,1.);
#5331 = DIRECTION('',(1.,2.362176648139E-16,0.));
#5332 = PLANE('',#5333);
#5333 = AXIS2_PLACEMENT_3D('',#5334,#5335,#5336);
#5334 = CARTESIAN_POINT('',(8.8444890696,1.5645819538,2.36));
#5335 = DIRECTION('',(-2.362176648139E-16,1.,0.));
#5336 = DIRECTION('',(1.,2.362176648139E-16,0.));
#5337 = ADVANCED_FACE('',(#5338),#5363,.F.);
#5338 = FACE_BOUND('',#5339,.F.);
#5339 = EDGE_LOOP('',(#5340,#5341,#5349,#5357));
#5340 = ORIENTED_EDGE('',*,*,#5319,.T.);
#5341 = ORIENTED_EDGE('',*,*,#5342,.T.);
#5342 = EDGE_CURVE('',#5312,#5343,#5345,.T.);
#5343 = VERTEX_POINT('',#5344);
#5344 = CARTESIAN_POINT('',(9.9536890696,2.4731819538,7.08));
#5345 = LINE('',#5346,#5347);
#5346 = CARTESIAN_POINT('',(9.9536890696,1.5645819538,7.08));
#5347 = VECTOR('',#5348,1.);
#5348 = DIRECTION('',(0.,1.,0.));
#5349 = ORIENTED_EDGE('',*,*,#5350,.F.);
#5350 = EDGE_CURVE('',#5351,#5343,#5353,.T.);
#5351 = VERTEX_POINT('',#5352);
#5352 = CARTESIAN_POINT('',(9.9536890696,2.4731819538,2.36));
#5353 = LINE('',#5354,#5355);
#5354 = CARTESIAN_POINT('',(9.9536890696,2.4731819538,2.36));
#5355 = VECTOR('',#5356,1.);
#5356 = DIRECTION('',(0.,0.,1.));
#5357 = ORIENTED_EDGE('',*,*,#5358,.F.);
#5358 = EDGE_CURVE('',#5320,#5351,#5359,.T.);
#5359 = LINE('',#5360,#5361);
#5360 = CARTESIAN_POINT('',(9.9536890696,1.5645819538,2.36));
#5361 = VECTOR('',#5362,1.);
#5362 = DIRECTION('',(0.,1.,0.));
#5363 = PLANE('',#5364);
#5364 = AXIS2_PLACEMENT_3D('',#5365,#5366,#5367);
#5365 = CARTESIAN_POINT('',(9.9536890696,1.5645819538,2.36));
#5366 = DIRECTION('',(-1.,0.,0.));
#5367 = DIRECTION('',(0.,1.,0.));
#5368 = ADVANCED_FACE('',(#5369),#5385,.F.);
#5369 = FACE_BOUND('',#5370,.F.);
#5370 = EDGE_LOOP('',(#5371,#5372,#5378,#5379));
#5371 = ORIENTED_EDGE('',*,*,#5350,.T.);
#5372 = ORIENTED_EDGE('',*,*,#5373,.T.);
#5373 = EDGE_CURVE('',#5343,#5149,#5374,.T.);
#5374 = LINE('',#5375,#5376);
#5375 = CARTESIAN_POINT('',(9.9536890696,2.4731819538,7.08));
#5376 = VECTOR('',#5377,1.);
#5377 = DIRECTION('',(-1.,0.,0.));
#5378 = ORIENTED_EDGE('',*,*,#5146,.F.);
#5379 = ORIENTED_EDGE('',*,*,#5380,.F.);
#5380 = EDGE_CURVE('',#5351,#5147,#5381,.T.);
#5381 = LINE('',#5382,#5383);
#5382 = CARTESIAN_POINT('',(9.9536890696,2.4731819538,2.36));
#5383 = VECTOR('',#5384,1.);
#5384 = DIRECTION('',(-1.,0.,0.));
#5385 = PLANE('',#5386);
#5386 = AXIS2_PLACEMENT_3D('',#5387,#5388,#5389);
#5387 = CARTESIAN_POINT('',(9.9536890696,2.4731819538,2.36));
#5388 = DIRECTION('',(0.,-1.,0.));
#5389 = DIRECTION('',(-1.,0.,0.));
#5390 = ADVANCED_FACE('',(#5391),#5401,.F.);
#5391 = FACE_BOUND('',#5392,.F.);
#5392 = EDGE_LOOP('',(#5393,#5394,#5395,#5396,#5397,#5398,#5399,#5400));
#5393 = ORIENTED_EDGE('',*,*,#5172,.T.);
#5394 = ORIENTED_EDGE('',*,*,#5203,.T.);
#5395 = ORIENTED_EDGE('',*,*,#5234,.T.);
#5396 = ORIENTED_EDGE('',*,*,#5265,.T.);
#5397 = ORIENTED_EDGE('',*,*,#5296,.T.);
#5398 = ORIENTED_EDGE('',*,*,#5327,.T.);
#5399 = ORIENTED_EDGE('',*,*,#5358,.T.);
#5400 = ORIENTED_EDGE('',*,*,#5380,.T.);
#5401 = PLANE('',#5402);
#5402 = AXIS2_PLACEMENT_3D('',#5403,#5404,#5405);
#5403 = CARTESIAN_POINT('',(-3.526772598173,0.467820267999,2.36));
#5404 = DIRECTION('',(0.,0.,1.));
#5405 = DIRECTION('',(1.,0.,0.));
#5406 = ADVANCED_FACE('',(#5407),#5417,.T.);
#5407 = FACE_BOUND('',#5408,.T.);
#5408 = EDGE_LOOP('',(#5409,#5410,#5411,#5412,#5413,#5414,#5415,#5416));
#5409 = ORIENTED_EDGE('',*,*,#5156,.T.);
#5410 = ORIENTED_EDGE('',*,*,#5187,.T.);
#5411 = ORIENTED_EDGE('',*,*,#5218,.T.);
#5412 = ORIENTED_EDGE('',*,*,#5249,.T.);
#5413 = ORIENTED_EDGE('',*,*,#5280,.T.);
#5414 = ORIENTED_EDGE('',*,*,#5311,.T.);
#5415 = ORIENTED_EDGE('',*,*,#5342,.T.);
#5416 = ORIENTED_EDGE('',*,*,#5373,.T.);
#5417 = PLANE('',#5418);
#5418 = AXIS2_PLACEMENT_3D('',#5419,#5420,#5421);
#5419 = CARTESIAN_POINT('',(-3.526772598173,0.467820267999,7.08));
#5420 = DIRECTION('',(0.,0.,1.));
#5421 = DIRECTION('',(1.,0.,0.));
#5422 = MANIFOLD_SOLID_BREP('',#5423);
#5423 = CLOSED_SHELL('',(#5424,#5464,#5495,#5526,#5557,#5588,#5619,#5650
    ,#5681,#5712,#5734,#5752));
#5424 = ADVANCED_FACE('',(#5425),#5459,.F.);
#5425 = FACE_BOUND('',#5426,.F.);
#5426 = EDGE_LOOP('',(#5427,#5437,#5445,#5453));
#5427 = ORIENTED_EDGE('',*,*,#5428,.T.);
#5428 = EDGE_CURVE('',#5429,#5431,#5433,.T.);
#5429 = VERTEX_POINT('',#5430);
#5430 = CARTESIAN_POINT('',(2.028274102212,0.3019819538,2.36));
#5431 = VERTEX_POINT('',#5432);
#5432 = CARTESIAN_POINT('',(2.028274102212,0.3019819538,7.08));
#5433 = LINE('',#5434,#5435);
#5434 = CARTESIAN_POINT('',(2.028274102212,0.3019819538,2.36));
#5435 = VECTOR('',#5436,1.);
#5436 = DIRECTION('',(0.,0.,1.));
#5437 = ORIENTED_EDGE('',*,*,#5438,.T.);
#5438 = EDGE_CURVE('',#5431,#5439,#5441,.T.);
#5439 = VERTEX_POINT('',#5440);
#5440 = CARTESIAN_POINT('',(2.028274102212,-2.0108180462,7.08));
#5441 = LINE('',#5442,#5443);
#5442 = CARTESIAN_POINT('',(2.028274102212,0.3019819538,7.08));
#5443 = VECTOR('',#5444,1.);
#5444 = DIRECTION('',(0.,-1.,0.));
#5445 = ORIENTED_EDGE('',*,*,#5446,.F.);
#5446 = EDGE_CURVE('',#5447,#5439,#5449,.T.);
#5447 = VERTEX_POINT('',#5448);
#5448 = CARTESIAN_POINT('',(2.028274102212,-2.0108180462,2.36));
#5449 = LINE('',#5450,#5451);
#5450 = CARTESIAN_POINT('',(2.028274102212,-2.0108180462,2.36));
#5451 = VECTOR('',#5452,1.);
#5452 = DIRECTION('',(0.,0.,1.));
#5453 = ORIENTED_EDGE('',*,*,#5454,.F.);
#5454 = EDGE_CURVE('',#5429,#5447,#5455,.T.);
#5455 = LINE('',#5456,#5457);
#5456 = CARTESIAN_POINT('',(2.028274102212,0.3019819538,2.36));
#5457 = VECTOR('',#5458,1.);
#5458 = DIRECTION('',(0.,-1.,0.));
#5459 = PLANE('',#5460);
#5460 = AXIS2_PLACEMENT_3D('',#5461,#5462,#5463);
#5461 = CARTESIAN_POINT('',(2.028274102212,0.3019819538,2.36));
#5462 = DIRECTION('',(1.,0.,0.));
#5463 = DIRECTION('',(0.,-1.,0.));
#5464 = ADVANCED_FACE('',(#5465),#5490,.F.);
#5465 = FACE_BOUND('',#5466,.F.);
#5466 = EDGE_LOOP('',(#5467,#5468,#5476,#5484));
#5467 = ORIENTED_EDGE('',*,*,#5446,.T.);
#5468 = ORIENTED_EDGE('',*,*,#5469,.T.);
#5469 = EDGE_CURVE('',#5439,#5470,#5472,.T.);
#5470 = VERTEX_POINT('',#5471);
#5471 = CARTESIAN_POINT('',(2.972274102212,-2.0108180462,7.08));
#5472 = LINE('',#5473,#5474);
#5473 = CARTESIAN_POINT('',(2.028274102212,-2.0108180462,7.08));
#5474 = VECTOR('',#5475,1.);
#5475 = DIRECTION('',(1.,0.,0.));
#5476 = ORIENTED_EDGE('',*,*,#5477,.F.);
#5477 = EDGE_CURVE('',#5478,#5470,#5480,.T.);
#5478 = VERTEX_POINT('',#5479);
#5479 = CARTESIAN_POINT('',(2.972274102212,-2.0108180462,2.36));
#5480 = LINE('',#5481,#5482);
#5481 = CARTESIAN_POINT('',(2.972274102212,-2.0108180462,2.36));
#5482 = VECTOR('',#5483,1.);
#5483 = DIRECTION('',(0.,0.,1.));
#5484 = ORIENTED_EDGE('',*,*,#5485,.F.);
#5485 = EDGE_CURVE('',#5447,#5478,#5486,.T.);
#5486 = LINE('',#5487,#5488);
#5487 = CARTESIAN_POINT('',(2.028274102212,-2.0108180462,2.36));
#5488 = VECTOR('',#5489,1.);
#5489 = DIRECTION('',(1.,0.,0.));
#5490 = PLANE('',#5491);
#5491 = AXIS2_PLACEMENT_3D('',#5492,#5493,#5494);
#5492 = CARTESIAN_POINT('',(2.028274102212,-2.0108180462,2.36));
#5493 = DIRECTION('',(0.,1.,0.));
#5494 = DIRECTION('',(1.,0.,0.));
#5495 = ADVANCED_FACE('',(#5496),#5521,.F.);
#5496 = FACE_BOUND('',#5497,.F.);
#5497 = EDGE_LOOP('',(#5498,#5499,#5507,#5515));
#5498 = ORIENTED_EDGE('',*,*,#5477,.T.);
#5499 = ORIENTED_EDGE('',*,*,#5500,.T.);
#5500 = EDGE_CURVE('',#5470,#5501,#5503,.T.);
#5501 = VERTEX_POINT('',#5502);
#5502 = CARTESIAN_POINT('',(2.972274102212,0.301981953792,7.08));
#5503 = LINE('',#5504,#5505);
#5504 = CARTESIAN_POINT('',(2.972274102212,-2.0108180462,7.08));
#5505 = VECTOR('',#5506,1.);
#5506 = DIRECTION('',(0.,1.,0.));
#5507 = ORIENTED_EDGE('',*,*,#5508,.F.);
#5508 = EDGE_CURVE('',#5509,#5501,#5511,.T.);
#5509 = VERTEX_POINT('',#5510);
#5510 = CARTESIAN_POINT('',(2.972274102212,0.301981953792,2.36));
#5511 = LINE('',#5512,#5513);
#5512 = CARTESIAN_POINT('',(2.972274102212,0.301981953792,2.36));
#5513 = VECTOR('',#5514,1.);
#5514 = DIRECTION('',(0.,0.,1.));
#5515 = ORIENTED_EDGE('',*,*,#5516,.F.);
#5516 = EDGE_CURVE('',#5478,#5509,#5517,.T.);
#5517 = LINE('',#5518,#5519);
#5518 = CARTESIAN_POINT('',(2.972274102212,-2.0108180462,2.36));
#5519 = VECTOR('',#5520,1.);
#5520 = DIRECTION('',(0.,1.,0.));
#5521 = PLANE('',#5522);
#5522 = AXIS2_PLACEMENT_3D('',#5523,#5524,#5525);
#5523 = CARTESIAN_POINT('',(2.972274102212,-2.0108180462,2.36));
#5524 = DIRECTION('',(-1.,0.,0.));
#5525 = DIRECTION('',(0.,1.,0.));
#5526 = ADVANCED_FACE('',(#5527),#5552,.F.);
#5527 = FACE_BOUND('',#5528,.F.);
#5528 = EDGE_LOOP('',(#5529,#5530,#5538,#5546));
#5529 = ORIENTED_EDGE('',*,*,#5508,.T.);
#5530 = ORIENTED_EDGE('',*,*,#5531,.T.);
#5531 = EDGE_CURVE('',#5501,#5532,#5534,.T.);
#5532 = VERTEX_POINT('',#5533);
#5533 = CARTESIAN_POINT('',(3.2512890696,2.4731819538,7.08));
#5534 = LINE('',#5535,#5536);
#5535 = CARTESIAN_POINT('',(2.972274102212,0.301981953792,7.08));
#5536 = VECTOR('',#5537,1.);
#5537 = DIRECTION('',(0.127459134081,0.991843822958,0.));
#5538 = ORIENTED_EDGE('',*,*,#5539,.F.);
#5539 = EDGE_CURVE('',#5540,#5532,#5542,.T.);
#5540 = VERTEX_POINT('',#5541);
#5541 = CARTESIAN_POINT('',(3.2512890696,2.4731819538,2.36));
#5542 = LINE('',#5543,#5544);
#5543 = CARTESIAN_POINT('',(3.2512890696,2.4731819538,2.36));
#5544 = VECTOR('',#5545,1.);
#5545 = DIRECTION('',(0.,0.,1.));
#5546 = ORIENTED_EDGE('',*,*,#5547,.F.);
#5547 = EDGE_CURVE('',#5509,#5540,#5548,.T.);
#5548 = LINE('',#5549,#5550);
#5549 = CARTESIAN_POINT('',(2.972274102212,0.301981953792,2.36));
#5550 = VECTOR('',#5551,1.);
#5551 = DIRECTION('',(0.127459134081,0.991843822958,0.));
#5552 = PLANE('',#5553);
#5553 = AXIS2_PLACEMENT_3D('',#5554,#5555,#5556);
#5554 = CARTESIAN_POINT('',(2.972274102212,0.301981953792,2.36));
#5555 = DIRECTION('',(-0.991843822958,0.127459134081,0.));
#5556 = DIRECTION('',(0.127459134081,0.991843822958,0.));
#5557 = ADVANCED_FACE('',(#5558),#5583,.T.);
#5558 = FACE_BOUND('',#5559,.T.);
#5559 = EDGE_LOOP('',(#5560,#5570,#5576,#5577));
#5560 = ORIENTED_EDGE('',*,*,#5561,.T.);
#5561 = EDGE_CURVE('',#5562,#5564,#5566,.T.);
#5562 = VERTEX_POINT('',#5563);
#5563 = CARTESIAN_POINT('',(2.3072890696,2.4731819538,2.36));
#5564 = VERTEX_POINT('',#5565);
#5565 = CARTESIAN_POINT('',(2.3072890696,2.4731819538,7.08));
#5566 = LINE('',#5567,#5568);
#5567 = CARTESIAN_POINT('',(2.3072890696,2.4731819538,2.36));
#5568 = VECTOR('',#5569,1.);
#5569 = DIRECTION('',(0.,0.,1.));
#5570 = ORIENTED_EDGE('',*,*,#5571,.T.);
#5571 = EDGE_CURVE('',#5564,#5532,#5572,.T.);
#5572 = LINE('',#5573,#5574);
#5573 = CARTESIAN_POINT('',(2.3072890696,2.4731819538,7.08));
#5574 = VECTOR('',#5575,1.);
#5575 = DIRECTION('',(1.,5.551115123126E-16,0.));
#5576 = ORIENTED_EDGE('',*,*,#5539,.F.);
#5577 = ORIENTED_EDGE('',*,*,#5578,.F.);
#5578 = EDGE_CURVE('',#5562,#5540,#5579,.T.);
#5579 = LINE('',#5580,#5581);
#5580 = CARTESIAN_POINT('',(2.3072890696,2.4731819538,2.36));
#5581 = VECTOR('',#5582,1.);
#5582 = DIRECTION('',(1.,5.551115123126E-16,0.));
#5583 = PLANE('',#5584);
#5584 = AXIS2_PLACEMENT_3D('',#5585,#5586,#5587);
#5585 = CARTESIAN_POINT('',(2.3072890696,2.4731819538,2.36));
#5586 = DIRECTION('',(-5.551115123126E-16,1.,0.));
#5587 = DIRECTION('',(1.,5.551115123126E-16,0.));
#5588 = ADVANCED_FACE('',(#5589),#5614,.T.);
#5589 = FACE_BOUND('',#5590,.T.);
#5590 = EDGE_LOOP('',(#5591,#5601,#5607,#5608));
#5591 = ORIENTED_EDGE('',*,*,#5592,.T.);
#5592 = EDGE_CURVE('',#5593,#5595,#5597,.T.);
#5593 = VERTEX_POINT('',#5594);
#5594 = CARTESIAN_POINT('',(2.2015540014,1.65200002462,2.36));
#5595 = VERTEX_POINT('',#5596);
#5596 = CARTESIAN_POINT('',(2.2015540014,1.65200002462,7.08));
#5597 = LINE('',#5598,#5599);
#5598 = CARTESIAN_POINT('',(2.2015540014,1.65200002462,2.36));
#5599 = VECTOR('',#5600,1.);
#5600 = DIRECTION('',(0.,0.,1.));
#5601 = ORIENTED_EDGE('',*,*,#5602,.T.);
#5602 = EDGE_CURVE('',#5595,#5564,#5603,.T.);
#5603 = LINE('',#5604,#5605);
#5604 = CARTESIAN_POINT('',(2.2015540014,1.65200002462,7.08));
#5605 = VECTOR('',#5606,1.);
#5606 = DIRECTION('',(0.127705349743,0.991812151391,0.));
#5607 = ORIENTED_EDGE('',*,*,#5561,.F.);
#5608 = ORIENTED_EDGE('',*,*,#5609,.F.);
#5609 = EDGE_CURVE('',#5593,#5562,#5610,.T.);
#5610 = LINE('',#5611,#5612);
#5611 = CARTESIAN_POINT('',(2.2015540014,1.65200002462,2.36));
#5612 = VECTOR('',#5613,1.);
#5613 = DIRECTION('',(0.127705349743,0.991812151391,0.));
#5614 = PLANE('',#5615);
#5615 = AXIS2_PLACEMENT_3D('',#5616,#5617,#5618);
#5616 = CARTESIAN_POINT('',(2.2015540014,1.65200002462,2.36));
#5617 = DIRECTION('',(-0.991812151391,0.127705349743,0.));
#5618 = DIRECTION('',(0.127705349743,0.991812151391,0.));
#5619 = ADVANCED_FACE('',(#5620),#5645,.T.);
#5620 = FACE_BOUND('',#5621,.T.);
#5621 = EDGE_LOOP('',(#5622,#5632,#5638,#5639));
#5622 = ORIENTED_EDGE('',*,*,#5623,.T.);
#5623 = EDGE_CURVE('',#5624,#5626,#5628,.T.);
#5624 = VERTEX_POINT('',#5625);
#5625 = CARTESIAN_POINT('',(1.91313603313,1.65200002462,2.36));
#5626 = VERTEX_POINT('',#5627);
#5627 = CARTESIAN_POINT('',(1.91313603313,1.65200002462,7.08));
#5628 = LINE('',#5629,#5630);
#5629 = CARTESIAN_POINT('',(1.91313603313,1.65200002462,2.36));
#5630 = VECTOR('',#5631,1.);
#5631 = DIRECTION('',(0.,0.,1.));
#5632 = ORIENTED_EDGE('',*,*,#5633,.T.);
#5633 = EDGE_CURVE('',#5626,#5595,#5634,.T.);
#5634 = LINE('',#5635,#5636);
#5635 = CARTESIAN_POINT('',(1.91313603313,1.65200002462,7.08));
#5636 = VECTOR('',#5637,1.);
#5637 = DIRECTION('',(1.,0.,0.));
#5638 = ORIENTED_EDGE('',*,*,#5592,.F.);
#5639 = ORIENTED_EDGE('',*,*,#5640,.F.);
#5640 = EDGE_CURVE('',#5624,#5593,#5641,.T.);
#5641 = LINE('',#5642,#5643);
#5642 = CARTESIAN_POINT('',(1.91313603313,1.65200002462,2.36));
#5643 = VECTOR('',#5644,1.);
#5644 = DIRECTION('',(1.,0.,0.));
#5645 = PLANE('',#5646);
#5646 = AXIS2_PLACEMENT_3D('',#5647,#5648,#5649);
#5647 = CARTESIAN_POINT('',(1.91313603313,1.65200002462,2.36));
#5648 = DIRECTION('',(0.,1.,0.));
#5649 = DIRECTION('',(1.,0.,0.));
#5650 = ADVANCED_FACE('',(#5651),#5676,.T.);
#5651 = FACE_BOUND('',#5652,.T.);
#5652 = EDGE_LOOP('',(#5653,#5663,#5669,#5670));
#5653 = ORIENTED_EDGE('',*,*,#5654,.T.);
#5654 = EDGE_CURVE('',#5655,#5657,#5659,.T.);
#5655 = VERTEX_POINT('',#5656);
#5656 = CARTESIAN_POINT('',(1.2688890696,2.4731819538,2.36));
#5657 = VERTEX_POINT('',#5658);
#5658 = CARTESIAN_POINT('',(1.2688890696,2.4731819538,7.08));
#5659 = LINE('',#5660,#5661);
#5660 = CARTESIAN_POINT('',(1.2688890696,2.4731819538,2.36));
#5661 = VECTOR('',#5662,1.);
#5662 = DIRECTION('',(0.,0.,1.));
#5663 = ORIENTED_EDGE('',*,*,#5664,.T.);
#5664 = EDGE_CURVE('',#5657,#5626,#5665,.T.);
#5665 = LINE('',#5666,#5667);
#5666 = CARTESIAN_POINT('',(1.2688890696,2.4731819538,7.08));
#5667 = VECTOR('',#5668,1.);
#5668 = DIRECTION('',(0.617248308657,-0.786768406496,0.));
#5669 = ORIENTED_EDGE('',*,*,#5623,.F.);
#5670 = ORIENTED_EDGE('',*,*,#5671,.F.);
#5671 = EDGE_CURVE('',#5655,#5624,#5672,.T.);
#5672 = LINE('',#5673,#5674);
#5673 = CARTESIAN_POINT('',(1.2688890696,2.4731819538,2.36));
#5674 = VECTOR('',#5675,1.);
#5675 = DIRECTION('',(0.617248308657,-0.786768406496,0.));
#5676 = PLANE('',#5677);
#5677 = AXIS2_PLACEMENT_3D('',#5678,#5679,#5680);
#5678 = CARTESIAN_POINT('',(1.2688890696,2.4731819538,2.36));
#5679 = DIRECTION('',(0.786768406496,0.617248308657,0.));
#5680 = DIRECTION('',(0.617248308657,-0.786768406496,0.));
#5681 = ADVANCED_FACE('',(#5682),#5707,.T.);
#5682 = FACE_BOUND('',#5683,.T.);
#5683 = EDGE_LOOP('',(#5684,#5694,#5700,#5701));
#5684 = ORIENTED_EDGE('',*,*,#5685,.T.);
#5685 = EDGE_CURVE('',#5686,#5688,#5690,.T.);
#5686 = VERTEX_POINT('',#5687);
#5687 = CARTESIAN_POINT('',(0.3248890696,2.4731819538,2.36));
#5688 = VERTEX_POINT('',#5689);
#5689 = CARTESIAN_POINT('',(0.3248890696,2.4731819538,7.08));
#5690 = LINE('',#5691,#5692);
#5691 = CARTESIAN_POINT('',(0.3248890696,2.4731819538,2.36));
#5692 = VECTOR('',#5693,1.);
#5693 = DIRECTION('',(0.,0.,1.));
#5694 = ORIENTED_EDGE('',*,*,#5695,.T.);
#5695 = EDGE_CURVE('',#5688,#5657,#5696,.T.);
#5696 = LINE('',#5697,#5698);
#5697 = CARTESIAN_POINT('',(0.3248890696,2.4731819538,7.08));
#5698 = VECTOR('',#5699,1.);
#5699 = DIRECTION('',(1.,0.,0.));
#5700 = ORIENTED_EDGE('',*,*,#5654,.F.);
#5701 = ORIENTED_EDGE('',*,*,#5702,.F.);
#5702 = EDGE_CURVE('',#5686,#5655,#5703,.T.);
#5703 = LINE('',#5704,#5705);
#5704 = CARTESIAN_POINT('',(0.3248890696,2.4731819538,2.36));
#5705 = VECTOR('',#5706,1.);
#5706 = DIRECTION('',(1.,0.,0.));
#5707 = PLANE('',#5708);
#5708 = AXIS2_PLACEMENT_3D('',#5709,#5710,#5711);
#5709 = CARTESIAN_POINT('',(0.3248890696,2.4731819538,2.36));
#5710 = DIRECTION('',(0.,1.,0.));
#5711 = DIRECTION('',(1.,0.,0.));
#5712 = ADVANCED_FACE('',(#5713),#5729,.T.);
#5713 = FACE_BOUND('',#5714,.T.);
#5714 = EDGE_LOOP('',(#5715,#5716,#5722,#5723));
#5715 = ORIENTED_EDGE('',*,*,#5428,.T.);
#5716 = ORIENTED_EDGE('',*,*,#5717,.T.);
#5717 = EDGE_CURVE('',#5431,#5688,#5718,.T.);
#5718 = LINE('',#5719,#5720);
#5719 = CARTESIAN_POINT('',(2.028274102212,0.3019819538,7.08));
#5720 = VECTOR('',#5721,1.);
#5721 = DIRECTION('',(-0.617248308657,0.786768406496,0.));
#5722 = ORIENTED_EDGE('',*,*,#5685,.F.);
#5723 = ORIENTED_EDGE('',*,*,#5724,.F.);
#5724 = EDGE_CURVE('',#5429,#5686,#5725,.T.);
#5725 = LINE('',#5726,#5727);
#5726 = CARTESIAN_POINT('',(2.028274102212,0.3019819538,2.36));
#5727 = VECTOR('',#5728,1.);
#5728 = DIRECTION('',(-0.617248308657,0.786768406496,0.));
#5729 = PLANE('',#5730);
#5730 = AXIS2_PLACEMENT_3D('',#5731,#5732,#5733);
#5731 = CARTESIAN_POINT('',(2.028274102212,0.3019819538,2.36));
#5732 = DIRECTION('',(-0.786768406496,-0.617248308657,0.));
#5733 = DIRECTION('',(-0.617248308657,0.786768406496,0.));
#5734 = ADVANCED_FACE('',(#5735),#5747,.F.);
#5735 = FACE_BOUND('',#5736,.F.);
#5736 = EDGE_LOOP('',(#5737,#5738,#5739,#5740,#5741,#5742,#5743,#5744,
    #5745,#5746));
#5737 = ORIENTED_EDGE('',*,*,#5454,.T.);
#5738 = ORIENTED_EDGE('',*,*,#5485,.T.);
#5739 = ORIENTED_EDGE('',*,*,#5516,.T.);
#5740 = ORIENTED_EDGE('',*,*,#5547,.T.);
#5741 = ORIENTED_EDGE('',*,*,#5578,.F.);
#5742 = ORIENTED_EDGE('',*,*,#5609,.F.);
#5743 = ORIENTED_EDGE('',*,*,#5640,.F.);
#5744 = ORIENTED_EDGE('',*,*,#5671,.F.);
#5745 = ORIENTED_EDGE('',*,*,#5702,.F.);
#5746 = ORIENTED_EDGE('',*,*,#5724,.F.);
#5747 = PLANE('',#5748);
#5748 = AXIS2_PLACEMENT_3D('',#5749,#5750,#5751);
#5749 = CARTESIAN_POINT('',(-3.526772598173,0.467820267999,2.36));
#5750 = DIRECTION('',(0.,0.,1.));
#5751 = DIRECTION('',(1.,0.,0.));
#5752 = ADVANCED_FACE('',(#5753),#5765,.T.);
#5753 = FACE_BOUND('',#5754,.T.);
#5754 = EDGE_LOOP('',(#5755,#5756,#5757,#5758,#5759,#5760,#5761,#5762,
    #5763,#5764));
#5755 = ORIENTED_EDGE('',*,*,#5438,.T.);
#5756 = ORIENTED_EDGE('',*,*,#5469,.T.);
#5757 = ORIENTED_EDGE('',*,*,#5500,.T.);
#5758 = ORIENTED_EDGE('',*,*,#5531,.T.);
#5759 = ORIENTED_EDGE('',*,*,#5571,.F.);
#5760 = ORIENTED_EDGE('',*,*,#5602,.F.);
#5761 = ORIENTED_EDGE('',*,*,#5633,.F.);
#5762 = ORIENTED_EDGE('',*,*,#5664,.F.);
#5763 = ORIENTED_EDGE('',*,*,#5695,.F.);
#5764 = ORIENTED_EDGE('',*,*,#5717,.F.);
#5765 = PLANE('',#5766);
#5766 = AXIS2_PLACEMENT_3D('',#5767,#5768,#5769);
#5767 = CARTESIAN_POINT('',(-3.526772598173,0.467820267999,7.08));
#5768 = DIRECTION('',(0.,0.,1.));
#5769 = DIRECTION('',(1.,0.,0.));
#5770 = MANIFOLD_SOLID_BREP('',#5771);
#5771 = CLOSED_SHELL('',(#5772,#5812,#5843,#5874,#5896,#5908));
#5772 = ADVANCED_FACE('',(#5773),#5807,.F.);
#5773 = FACE_BOUND('',#5774,.F.);
#5774 = EDGE_LOOP('',(#5775,#5785,#5793,#5801));
#5775 = ORIENTED_EDGE('',*,*,#5776,.T.);
#5776 = EDGE_CURVE('',#5777,#5779,#5781,.T.);
#5777 = VERTEX_POINT('',#5778);
#5778 = CARTESIAN_POINT('',(-9.8113109304,2.4731819538,2.36));
#5779 = VERTEX_POINT('',#5780);
#5780 = CARTESIAN_POINT('',(-9.8113109304,2.4731819538,7.08));
#5781 = LINE('',#5782,#5783);
#5782 = CARTESIAN_POINT('',(-9.8113109304,2.4731819538,2.36));
#5783 = VECTOR('',#5784,1.);
#5784 = DIRECTION('',(0.,0.,1.));
#5785 = ORIENTED_EDGE('',*,*,#5786,.T.);
#5786 = EDGE_CURVE('',#5779,#5787,#5789,.T.);
#5787 = VERTEX_POINT('',#5788);
#5788 = CARTESIAN_POINT('',(-9.8113109304,-2.0108180462,7.08));
#5789 = LINE('',#5790,#5791);
#5790 = CARTESIAN_POINT('',(-9.8113109304,2.4731819538,7.08));
#5791 = VECTOR('',#5792,1.);
#5792 = DIRECTION('',(0.,-1.,0.));
#5793 = ORIENTED_EDGE('',*,*,#5794,.F.);
#5794 = EDGE_CURVE('',#5795,#5787,#5797,.T.);
#5795 = VERTEX_POINT('',#5796);
#5796 = CARTESIAN_POINT('',(-9.8113109304,-2.0108180462,2.36));
#5797 = LINE('',#5798,#5799);
#5798 = CARTESIAN_POINT('',(-9.8113109304,-2.0108180462,2.36));
#5799 = VECTOR('',#5800,1.);
#5800 = DIRECTION('',(0.,0.,1.));
#5801 = ORIENTED_EDGE('',*,*,#5802,.F.);
#5802 = EDGE_CURVE('',#5777,#5795,#5803,.T.);
#5803 = LINE('',#5804,#5805);
#5804 = CARTESIAN_POINT('',(-9.8113109304,2.4731819538,2.36));
#5805 = VECTOR('',#5806,1.);
#5806 = DIRECTION('',(0.,-1.,0.));
#5807 = PLANE('',#5808);
#5808 = AXIS2_PLACEMENT_3D('',#5809,#5810,#5811);
#5809 = CARTESIAN_POINT('',(-9.8113109304,2.4731819538,2.36));
#5810 = DIRECTION('',(1.,0.,0.));
#5811 = DIRECTION('',(0.,-1.,0.));
#5812 = ADVANCED_FACE('',(#5813),#5838,.F.);
#5813 = FACE_BOUND('',#5814,.F.);
#5814 = EDGE_LOOP('',(#5815,#5816,#5824,#5832));
#5815 = ORIENTED_EDGE('',*,*,#5794,.T.);
#5816 = ORIENTED_EDGE('',*,*,#5817,.T.);
#5817 = EDGE_CURVE('',#5787,#5818,#5820,.T.);
#5818 = VERTEX_POINT('',#5819);
#5819 = CARTESIAN_POINT('',(-8.8083109304,-2.0108180462,7.08));
#5820 = LINE('',#5821,#5822);
#5821 = CARTESIAN_POINT('',(-9.8113109304,-2.0108180462,7.08));
#5822 = VECTOR('',#5823,1.);
#5823 = DIRECTION('',(1.,0.,0.));
#5824 = ORIENTED_EDGE('',*,*,#5825,.F.);
#5825 = EDGE_CURVE('',#5826,#5818,#5828,.T.);
#5826 = VERTEX_POINT('',#5827);
#5827 = CARTESIAN_POINT('',(-8.8083109304,-2.0108180462,2.36));
#5828 = LINE('',#5829,#5830);
#5829 = CARTESIAN_POINT('',(-8.8083109304,-2.0108180462,2.36));
#5830 = VECTOR('',#5831,1.);
#5831 = DIRECTION('',(0.,0.,1.));
#5832 = ORIENTED_EDGE('',*,*,#5833,.F.);
#5833 = EDGE_CURVE('',#5795,#5826,#5834,.T.);
#5834 = LINE('',#5835,#5836);
#5835 = CARTESIAN_POINT('',(-9.8113109304,-2.0108180462,2.36));
#5836 = VECTOR('',#5837,1.);
#5837 = DIRECTION('',(1.,0.,0.));
#5838 = PLANE('',#5839);
#5839 = AXIS2_PLACEMENT_3D('',#5840,#5841,#5842);
#5840 = CARTESIAN_POINT('',(-9.8113109304,-2.0108180462,2.36));
#5841 = DIRECTION('',(0.,1.,0.));
#5842 = DIRECTION('',(1.,0.,0.));
#5843 = ADVANCED_FACE('',(#5844),#5869,.F.);
#5844 = FACE_BOUND('',#5845,.F.);
#5845 = EDGE_LOOP('',(#5846,#5847,#5855,#5863));
#5846 = ORIENTED_EDGE('',*,*,#5825,.T.);
#5847 = ORIENTED_EDGE('',*,*,#5848,.T.);
#5848 = EDGE_CURVE('',#5818,#5849,#5851,.T.);
#5849 = VERTEX_POINT('',#5850);
#5850 = CARTESIAN_POINT('',(-8.8083109304,2.4731819538,7.08));
#5851 = LINE('',#5852,#5853);
#5852 = CARTESIAN_POINT('',(-8.8083109304,-2.0108180462,7.08));
#5853 = VECTOR('',#5854,1.);
#5854 = DIRECTION('',(0.,1.,0.));
#5855 = ORIENTED_EDGE('',*,*,#5856,.F.);
#5856 = EDGE_CURVE('',#5857,#5849,#5859,.T.);
#5857 = VERTEX_POINT('',#5858);
#5858 = CARTESIAN_POINT('',(-8.8083109304,2.4731819538,2.36));
#5859 = LINE('',#5860,#5861);
#5860 = CARTESIAN_POINT('',(-8.8083109304,2.4731819538,2.36));
#5861 = VECTOR('',#5862,1.);
#5862 = DIRECTION('',(0.,0.,1.));
#5863 = ORIENTED_EDGE('',*,*,#5864,.F.);
#5864 = EDGE_CURVE('',#5826,#5857,#5865,.T.);
#5865 = LINE('',#5866,#5867);
#5866 = CARTESIAN_POINT('',(-8.8083109304,-2.0108180462,2.36));
#5867 = VECTOR('',#5868,1.);
#5868 = DIRECTION('',(0.,1.,0.));
#5869 = PLANE('',#5870);
#5870 = AXIS2_PLACEMENT_3D('',#5871,#5872,#5873);
#5871 = CARTESIAN_POINT('',(-8.8083109304,-2.0108180462,2.36));
#5872 = DIRECTION('',(-1.,0.,0.));
#5873 = DIRECTION('',(0.,1.,0.));
#5874 = ADVANCED_FACE('',(#5875),#5891,.F.);
#5875 = FACE_BOUND('',#5876,.F.);
#5876 = EDGE_LOOP('',(#5877,#5878,#5884,#5885));
#5877 = ORIENTED_EDGE('',*,*,#5856,.T.);
#5878 = ORIENTED_EDGE('',*,*,#5879,.T.);
#5879 = EDGE_CURVE('',#5849,#5779,#5880,.T.);
#5880 = LINE('',#5881,#5882);
#5881 = CARTESIAN_POINT('',(-8.8083109304,2.4731819538,7.08));
#5882 = VECTOR('',#5883,1.);
#5883 = DIRECTION('',(-1.,-5.224578939413E-16,0.));
#5884 = ORIENTED_EDGE('',*,*,#5776,.F.);
#5885 = ORIENTED_EDGE('',*,*,#5886,.F.);
#5886 = EDGE_CURVE('',#5857,#5777,#5887,.T.);
#5887 = LINE('',#5888,#5889);
#5888 = CARTESIAN_POINT('',(-8.8083109304,2.4731819538,2.36));
#5889 = VECTOR('',#5890,1.);
#5890 = DIRECTION('',(-1.,-5.224578939413E-16,0.));
#5891 = PLANE('',#5892);
#5892 = AXIS2_PLACEMENT_3D('',#5893,#5894,#5895);
#5893 = CARTESIAN_POINT('',(-8.8083109304,2.4731819538,2.36));
#5894 = DIRECTION('',(5.224578939413E-16,-1.,0.));
#5895 = DIRECTION('',(-1.,-5.224578939413E-16,0.));
#5896 = ADVANCED_FACE('',(#5897),#5903,.F.);
#5897 = FACE_BOUND('',#5898,.F.);
#5898 = EDGE_LOOP('',(#5899,#5900,#5901,#5902));
#5899 = ORIENTED_EDGE('',*,*,#5802,.T.);
#5900 = ORIENTED_EDGE('',*,*,#5833,.T.);
#5901 = ORIENTED_EDGE('',*,*,#5864,.T.);
#5902 = ORIENTED_EDGE('',*,*,#5886,.T.);
#5903 = PLANE('',#5904);
#5904 = AXIS2_PLACEMENT_3D('',#5905,#5906,#5907);
#5905 = CARTESIAN_POINT('',(-3.526772598173,0.467820267999,2.36));
#5906 = DIRECTION('',(0.,0.,1.));
#5907 = DIRECTION('',(1.,0.,0.));
#5908 = ADVANCED_FACE('',(#5909),#5915,.T.);
#5909 = FACE_BOUND('',#5910,.T.);
#5910 = EDGE_LOOP('',(#5911,#5912,#5913,#5914));
#5911 = ORIENTED_EDGE('',*,*,#5786,.T.);
#5912 = ORIENTED_EDGE('',*,*,#5817,.T.);
#5913 = ORIENTED_EDGE('',*,*,#5848,.T.);
#5914 = ORIENTED_EDGE('',*,*,#5879,.T.);
#5915 = PLANE('',#5916);
#5916 = AXIS2_PLACEMENT_3D('',#5917,#5918,#5919);
#5917 = CARTESIAN_POINT('',(-3.526772598173,0.467820267999,7.08));
#5918 = DIRECTION('',(0.,0.,1.));
#5919 = DIRECTION('',(1.,0.,0.));
#5920 = ( GEOMETRIC_REPRESENTATION_CONTEXT(3) 
GLOBAL_UNCERTAINTY_ASSIGNED_CONTEXT((#5924)) 
GLOBAL_UNIT_ASSIGNED_CONTEXT((#5921,#5922,#5923)) REPRESENTATION_CONTEXT
('Context #1','3D Context with UNIT and UNCERTAINTY') );
#5921 = ( LENGTH_UNIT() NAMED_UNIT(*) SI_UNIT(.MILLI.,.METRE.) );
#5922 = ( NAMED_UNIT(*) PLANE_ANGLE_UNIT() SI_UNIT($,.RADIAN.) );
#5923 = ( NAMED_UNIT(*) SI_UNIT($,.STERADIAN.) SOLID_ANGLE_UNIT() );
#5924 = UNCERTAINTY_MEASURE_WITH_UNIT(LENGTH_MEASURE(1.E-07),#5921,
  'distance_accuracy_value','confusion accuracy');
#5925 = CONTEXT_DEPENDENT_SHAPE_REPRESENTATION(#5926,#5928);
#5926 = ( REPRESENTATION_RELATIONSHIP('','',#331,#10) 
REPRESENTATION_RELATIONSHIP_WITH_TRANSFORMATION(#5927) 
SHAPE_REPRESENTATION_RELATIONSHIP() );
#5927 = ITEM_DEFINED_TRANSFORMATION('','',#11,#23);
#5928 = PRODUCT_DEFINITION_SHAPE('Placement','Placement of an item',
  #5929);
#5929 = NEXT_ASSEMBLY_USAGE_OCCURRENCE('3','Scale001','',#5,#326,$);
#5930 = PRODUCT_RELATED_PRODUCT_CATEGORY('part',$,(#328));
#5931 = MECHANICAL_DESIGN_GEOMETRIC_PRESENTATION_REPRESENTATION('',(
    #5932,#5943,#5952,#5961,#5970,#5979,#5988,#5997,#6006,#6015,#6024,
    #6033,#6042),#5920);
#5932 = STYLED_ITEM('color',(#5933),#332);
#5933 = PRESENTATION_STYLE_ASSIGNMENT((#5934,#5940));
#5934 = SURFACE_STYLE_USAGE(.BOTH.,#5935);
#5935 = SURFACE_SIDE_STYLE('',(#5936));
#5936 = SURFACE_STYLE_FILL_AREA(#5937);
#5937 = FILL_AREA_STYLE('',(#5938));
#5938 = FILL_AREA_STYLE_COLOUR('',#5939);
#5939 = DRAUGHTING_PRE_DEFINED_COLOUR('black');
#5940 = CURVE_STYLE('',#5941,POSITIVE_LENGTH_MEASURE(0.1),#5942);
#5941 = DRAUGHTING_PRE_DEFINED_CURVE_FONT('continuous');
#5942 = COLOUR_RGB('',9.803921802644E-02,9.803921802644E-02,
  9.803921802644E-02);
#5943 = STYLED_ITEM('color',(#5944),#750);
#5944 = PRESENTATION_STYLE_ASSIGNMENT((#5945,#5950));
#5945 = SURFACE_STYLE_USAGE(.BOTH.,#5946);
#5946 = SURFACE_SIDE_STYLE('',(#5947));
#5947 = SURFACE_STYLE_FILL_AREA(#5948);
#5948 = FILL_AREA_STYLE('',(#5949));
#5949 = FILL_AREA_STYLE_COLOUR('',#5939);
#5950 = CURVE_STYLE('',#5951,POSITIVE_LENGTH_MEASURE(0.1),#5942);
#5951 = DRAUGHTING_PRE_DEFINED_CURVE_FONT('continuous');
#5952 = STYLED_ITEM('color',(#5953),#1036);
#5953 = PRESENTATION_STYLE_ASSIGNMENT((#5954,#5959));
#5954 = SURFACE_STYLE_USAGE(.BOTH.,#5955);
#5955 = SURFACE_SIDE_STYLE('',(#5956));
#5956 = SURFACE_STYLE_FILL_AREA(#5957);
#5957 = FILL_AREA_STYLE('',(#5958));
#5958 = FILL_AREA_STYLE_COLOUR('',#5939);
#5959 = CURVE_STYLE('',#5960,POSITIVE_LENGTH_MEASURE(0.1),#5942);
#5960 = DRAUGHTING_PRE_DEFINED_CURVE_FONT('continuous');
#5961 = STYLED_ITEM('color',(#5962),#1458);
#5962 = PRESENTATION_STYLE_ASSIGNMENT((#5963,#5968));
#5963 = SURFACE_STYLE_USAGE(.BOTH.,#5964);
#5964 = SURFACE_SIDE_STYLE('',(#5965));
#5965 = SURFACE_STYLE_FILL_AREA(#5966);
#5966 = FILL_AREA_STYLE('',(#5967));
#5967 = FILL_AREA_STYLE_COLOUR('',#5939);
#5968 = CURVE_STYLE('',#5969,POSITIVE_LENGTH_MEASURE(0.1),#5942);
#5969 = DRAUGHTING_PRE_DEFINED_CURVE_FONT('continuous');
#5970 = STYLED_ITEM('color',(#5971),#1884);
#5971 = PRESENTATION_STYLE_ASSIGNMENT((#5972,#5977));
#5972 = SURFACE_STYLE_USAGE(.BOTH.,#5973);
#5973 = SURFACE_SIDE_STYLE('',(#5974));
#5974 = SURFACE_STYLE_FILL_AREA(#5975);
#5975 = FILL_AREA_STYLE('',(#5976));
#5976 = FILL_AREA_STYLE_COLOUR('',#5939);
#5977 = CURVE_STYLE('',#5978,POSITIVE_LENGTH_MEASURE(0.1),#5942);
#5978 = DRAUGHTING_PRE_DEFINED_CURVE_FONT('continuous');
#5979 = STYLED_ITEM('color',(#5980),#2578);
#5980 = PRESENTATION_STYLE_ASSIGNMENT((#5981,#5986));
#5981 = SURFACE_STYLE_USAGE(.BOTH.,#5982);
#5982 = SURFACE_SIDE_STYLE('',(#5983));
#5983 = SURFACE_STYLE_FILL_AREA(#5984);
#5984 = FILL_AREA_STYLE('',(#5985));
#5985 = FILL_AREA_STYLE_COLOUR('',#5939);
#5986 = CURVE_STYLE('',#5987,POSITIVE_LENGTH_MEASURE(0.1),#5942);
#5987 = DRAUGHTING_PRE_DEFINED_CURVE_FONT('continuous');
#5988 = STYLED_ITEM('color',(#5989),#3272);
#5989 = PRESENTATION_STYLE_ASSIGNMENT((#5990,#5995));
#5990 = SURFACE_STYLE_USAGE(.BOTH.,#5991);
#5991 = SURFACE_SIDE_STYLE('',(#5992));
#5992 = SURFACE_STYLE_FILL_AREA(#5993);
#5993 = FILL_AREA_STYLE('',(#5994));
#5994 = FILL_AREA_STYLE_COLOUR('',#5939);
#5995 = CURVE_STYLE('',#5996,POSITIVE_LENGTH_MEASURE(0.1),#5942);
#5996 = DRAUGHTING_PRE_DEFINED_CURVE_FONT('continuous');
#5997 = STYLED_ITEM('color',(#5998),#3826);
#5998 = PRESENTATION_STYLE_ASSIGNMENT((#5999,#6004));
#5999 = SURFACE_STYLE_USAGE(.BOTH.,#6000);
#6000 = SURFACE_SIDE_STYLE('',(#6001));
#6001 = SURFACE_STYLE_FILL_AREA(#6002);
#6002 = FILL_AREA_STYLE('',(#6003));
#6003 = FILL_AREA_STYLE_COLOUR('',#5939);
#6004 = CURVE_STYLE('',#6005,POSITIVE_LENGTH_MEASURE(0.1),#5942);
#6005 = DRAUGHTING_PRE_DEFINED_CURVE_FONT('continuous');
#6006 = STYLED_ITEM('color',(#6007),#4343);
#6007 = PRESENTATION_STYLE_ASSIGNMENT((#6008,#6013));
#6008 = SURFACE_STYLE_USAGE(.BOTH.,#6009);
#6009 = SURFACE_SIDE_STYLE('',(#6010));
#6010 = SURFACE_STYLE_FILL_AREA(#6011);
#6011 = FILL_AREA_STYLE('',(#6012));
#6012 = FILL_AREA_STYLE_COLOUR('',#5939);
#6013 = CURVE_STYLE('',#6014,POSITIVE_LENGTH_MEASURE(0.1),#5942);
#6014 = DRAUGHTING_PRE_DEFINED_CURVE_FONT('continuous');
#6015 = STYLED_ITEM('color',(#6016),#5037);
#6016 = PRESENTATION_STYLE_ASSIGNMENT((#6017,#6022));
#6017 = SURFACE_STYLE_USAGE(.BOTH.,#6018);
#6018 = SURFACE_SIDE_STYLE('',(#6019));
#6019 = SURFACE_STYLE_FILL_AREA(#6020);
#6020 = FILL_AREA_STYLE('',(#6021));
#6021 = FILL_AREA_STYLE_COLOUR('',#5939);
#6022 = CURVE_STYLE('',#6023,POSITIVE_LENGTH_MEASURE(0.1),#5942);
#6023 = DRAUGHTING_PRE_DEFINED_CURVE_FONT('continuous');
#6024 = STYLED_ITEM('color',(#6025),#5140);
#6025 = PRESENTATION_STYLE_ASSIGNMENT((#6026,#6031));
#6026 = SURFACE_STYLE_USAGE(.BOTH.,#6027);
#6027 = SURFACE_SIDE_STYLE('',(#6028));
#6028 = SURFACE_STYLE_FILL_AREA(#6029);
#6029 = FILL_AREA_STYLE('',(#6030));
#6030 = FILL_AREA_STYLE_COLOUR('',#5939);
#6031 = CURVE_STYLE('',#6032,POSITIVE_LENGTH_MEASURE(0.1),#5942);
#6032 = DRAUGHTING_PRE_DEFINED_CURVE_FONT('continuous');
#6033 = STYLED_ITEM('color',(#6034),#5422);
#6034 = PRESENTATION_STYLE_ASSIGNMENT((#6035,#6040));
#6035 = SURFACE_STYLE_USAGE(.BOTH.,#6036);
#6036 = SURFACE_SIDE_STYLE('',(#6037));
#6037 = SURFACE_STYLE_FILL_AREA(#6038);
#6038 = FILL_AREA_STYLE('',(#6039));
#6039 = FILL_AREA_STYLE_COLOUR('',#5939);
#6040 = CURVE_STYLE('',#6041,POSITIVE_LENGTH_MEASURE(0.1),#5942);
#6041 = DRAUGHTING_PRE_DEFINED_CURVE_FONT('continuous');
#6042 = STYLED_ITEM('color',(#6043),#5770);
#6043 = PRESENTATION_STYLE_ASSIGNMENT((#6044,#6049));
#6044 = SURFACE_STYLE_USAGE(.BOTH.,#6045);
#6045 = SURFACE_SIDE_STYLE('',(#6046));
#6046 = SURFACE_STYLE_FILL_AREA(#6047);
#6047 = FILL_AREA_STYLE('',(#6048));
#6048 = FILL_AREA_STYLE_COLOUR('',#5939);
#6049 = CURVE_STYLE('',#6050,POSITIVE_LENGTH_MEASURE(0.1),#5942);
#6050 = DRAUGHTING_PRE_DEFINED_CURVE_FONT('continuous');
#6051 = MECHANICAL_DESIGN_GEOMETRIC_PRESENTATION_REPRESENTATION('',(
    #6052),#313);
#6052 = STYLED_ITEM('color',(#6053),#210);
#6053 = PRESENTATION_STYLE_ASSIGNMENT((#6054,#6060));
#6054 = SURFACE_STYLE_USAGE(.BOTH.,#6055);
#6055 = SURFACE_SIDE_STYLE('',(#6056));
#6056 = SURFACE_STYLE_FILL_AREA(#6057);
#6057 = FILL_AREA_STYLE('',(#6058));
#6058 = FILL_AREA_STYLE_COLOUR('',#6059);
#6059 = DRAUGHTING_PRE_DEFINED_COLOUR('yellow');
#6060 = CURVE_STYLE('',#6061,POSITIVE_LENGTH_MEASURE(0.1),#5942);
#6061 = DRAUGHTING_PRE_DEFINED_CURVE_FONT('continuous');
#6062 = MECHANICAL_DESIGN_GEOMETRIC_PRESENTATION_REPRESENTATION('',(
    #6063),#191);
#6063 = STYLED_ITEM('color',(#6064),#41);
#6064 = PRESENTATION_STYLE_ASSIGNMENT((#6065,#6071));
#6065 = SURFACE_STYLE_USAGE(.BOTH.,#6066);
#6066 = SURFACE_SIDE_STYLE('',(#6067));
#6067 = SURFACE_STYLE_FILL_AREA(#6068);
#6068 = FILL_AREA_STYLE('',(#6069));
#6069 = FILL_AREA_STYLE_COLOUR('',#6070);
#6070 = DRAUGHTING_PRE_DEFINED_COLOUR('white');
#6071 = CURVE_STYLE('',#6072,POSITIVE_LENGTH_MEASURE(0.1),#5942);
#6072 = DRAUGHTING_PRE_DEFINED_CURVE_FONT('continuous');
ENDSEC;
END-ISO-10303-21;
