ISO-10303-21;
HEADER;
/* Generated by software containing ST-Developer
 * from STEP Tools, Inc. (www.steptools.com) 
 */

FILE_DESCRIPTION(
/* description */ (''),
/* implementation_level */ '2;1');

FILE_NAME(
/* name */ 
'C:\\Users\\tpaig\\OneDrive\\Documents\\Print the microbe\\Componenets
\\Rohs Step Motor 28BYJ-48 5V DC.stp',
/* time_stamp */ '2023-12-12T16:38:23+13:00',
/* author */ ('tpaig'),
/* organization */ (''),
/* preprocessor_version */ 'ST-DEVELOPER v19',
/* originating_system */ 'Autodesk Inventor 2023',
/* authorisation */ '');

FILE_SCHEMA (('AUTOMOTIVE_DESIGN { 1 0 10303 214 3 1 1 }'));
ENDSEC;

DATA;
#10=MECHANICAL_DESIGN_GEOMETRIC_PRESENTATION_REPRESENTATION('',(#6872,#6873,
#6874,#6875,#6876,#6877,#6878,#6879,#6880,#6881,#6882,#6883,#6884,#6885,
#6886,#6887,#6888,#6889,#6890,#6891,#6892,#6893,#6894,#6895,#6896,#6897,
#6898,#6899,#6900,#6901,#6902,#6903),#13354);
#11=GEOMETRICALLY_BOUNDED_WIREFRAME_SHAPE_REPRESENTATION('',(#12),#13353);
#12=GEOMETRIC_CURVE_SET('Sketch3',(#140,#13350));
#13=SHAPE_REPRESENTATION_RELATIONSHIP('SRR','None',#13361,#15);
#14=SHAPE_REPRESENTATION_RELATIONSHIP('SRR','None',#13361,#11);
#15=ADVANCED_BREP_SHAPE_REPRESENTATION('',(#22,#23,#24,#25,#26,#27,#28,
#29,#30,#31),#13353);
#16=(
BOUNDED_CURVE()
B_SPLINE_CURVE(2,(#13240,#13241,#13242),.UNSPECIFIED.,.F.,.F.)
B_SPLINE_CURVE_WITH_KNOTS((3,3),(0.723823106647261,0.88769980845899),
 .UNSPECIFIED.)
CURVE()
GEOMETRIC_REPRESENTATION_ITEM()
RATIONAL_B_SPLINE_CURVE((1.09668974533602,1.05929036226289,1.))
REPRESENTATION_ITEM('')
);
#17=(
BOUNDED_CURVE()
B_SPLINE_CURVE(2,(#13246,#13247,#13248),.UNSPECIFIED.,.F.,.F.)
B_SPLINE_CURVE_WITH_KNOTS((3,3),(0.,0.163876701818068),.UNSPECIFIED.)
CURVE()
GEOMETRIC_REPRESENTATION_ITEM()
RATIONAL_B_SPLINE_CURVE((1.,1.05929036226518,1.09668974533891))
REPRESENTATION_ITEM('')
);
#18=(
BOUNDED_CURVE()
B_SPLINE_CURVE(2,(#13258,#13259,#13260),.UNSPECIFIED.,.F.,.F.)
B_SPLINE_CURVE_WITH_KNOTS((3,3),(0.,0.163876701818068),.UNSPECIFIED.)
CURVE()
GEOMETRIC_REPRESENTATION_ITEM()
RATIONAL_B_SPLINE_CURVE((1.,1.05929036226518,1.09668974533891))
REPRESENTATION_ITEM('')
);
#19=(
BOUNDED_CURVE()
B_SPLINE_CURVE(2,(#13276,#13277,#13278),.UNSPECIFIED.,.F.,.F.)
B_SPLINE_CURVE_WITH_KNOTS((3,3),(0.723823106647263,0.887699808458989),
 .UNSPECIFIED.)
CURVE()
GEOMETRIC_REPRESENTATION_ITEM()
RATIONAL_B_SPLINE_CURVE((1.09668974533602,1.05929036226289,1.))
REPRESENTATION_ITEM('')
);
#20=CONICAL_SURFACE('',#7641,2.25,0.785398163397448);
#21=CONICAL_SURFACE('',#7650,2.25,0.785398163397448);
#22=MANIFOLD_SOLID_BREP('Solid1',#7307);
#23=MANIFOLD_SOLID_BREP('Solid2',#7308);
#24=MANIFOLD_SOLID_BREP('Solid3',#7309);
#25=MANIFOLD_SOLID_BREP('Solid4',#7310);
#26=MANIFOLD_SOLID_BREP('Solid5',#7311);
#27=MANIFOLD_SOLID_BREP('Solid6',#7312);
#28=MANIFOLD_SOLID_BREP('Solid7',#7313);
#29=MANIFOLD_SOLID_BREP('Solid8',#7314);
#30=MANIFOLD_SOLID_BREP('Solid9',#7315);
#31=MANIFOLD_SOLID_BREP('Solid10',#7316);
#32=TOROIDAL_SURFACE('',#7524,13.5,0.5);
#33=CYLINDRICAL_SURFACE('',#7500,13.25);
#34=CYLINDRICAL_SURFACE('',#7527,14.);
#35=CYLINDRICAL_SURFACE('',#7548,4.);
#36=CYLINDRICAL_SURFACE('',#7551,4.5);
#37=CYLINDRICAL_SURFACE('',#7554,2.);
#38=CYLINDRICAL_SURFACE('',#7556,3.);
#39=CYLINDRICAL_SURFACE('',#7559,3.);
#40=CYLINDRICAL_SURFACE('',#7564,2.);
#41=CYLINDRICAL_SURFACE('',#7566,3.);
#42=CYLINDRICAL_SURFACE('',#7569,3.);
#43=CYLINDRICAL_SURFACE('',#7575,0.75);
#44=CYLINDRICAL_SURFACE('',#7585,0.75);
#45=CYLINDRICAL_SURFACE('',#7586,0.75);
#46=CYLINDRICAL_SURFACE('',#7593,0.75);
#47=CYLINDRICAL_SURFACE('',#7598,14.);
#48=CYLINDRICAL_SURFACE('',#7613,14.2963906466101);
#49=CYLINDRICAL_SURFACE('',#7616,14.2963906466101);
#50=CYLINDRICAL_SURFACE('',#7627,14.2963906466101);
#51=CYLINDRICAL_SURFACE('',#7629,14.2963906466101);
#52=CYLINDRICAL_SURFACE('',#7645,2.5);
#53=CYLINDRICAL_SURFACE('',#7657,2.5);
#54=CYLINDRICAL_SURFACE('',#7660,4.);
#55=CYLINDRICAL_SURFACE('',#7667,0.7);
#56=CYLINDRICAL_SURFACE('',#7672,0.7);
#57=CYLINDRICAL_SURFACE('',#7677,0.7);
#58=CYLINDRICAL_SURFACE('',#7682,0.7);
#59=CYLINDRICAL_SURFACE('',#7687,0.7);
#60=CYLINDRICAL_SURFACE('',#7690,13.25);
#61=CIRCLE('',#7480,13.25);
#62=CIRCLE('',#7501,13.25);
#63=CIRCLE('',#7510,13.5);
#64=CIRCLE('',#7525,0.5);
#65=CIRCLE('',#7526,14.);
#66=CIRCLE('',#7528,14.);
#67=CIRCLE('',#7529,14.);
#68=CIRCLE('',#7530,14.);
#69=CIRCLE('',#7531,14.);
#70=CIRCLE('',#7532,14.);
#71=CIRCLE('',#7533,14.);
#72=CIRCLE('',#7534,14.);
#73=CIRCLE('',#7541,3.);
#74=CIRCLE('',#7542,3.);
#75=CIRCLE('',#7543,3.);
#76=CIRCLE('',#7544,3.);
#77=CIRCLE('',#7545,4.5);
#78=CIRCLE('',#7546,2.);
#79=CIRCLE('',#7547,2.);
#80=CIRCLE('',#7549,4.);
#81=CIRCLE('',#7550,4.);
#82=CIRCLE('',#7552,4.5);
#83=CIRCLE('',#7555,2.);
#84=CIRCLE('',#7557,3.);
#85=CIRCLE('',#7560,3.);
#86=CIRCLE('',#7565,2.);
#87=CIRCLE('',#7567,3.);
#88=CIRCLE('',#7570,3.);
#89=CIRCLE('',#7576,0.75);
#90=CIRCLE('',#7577,0.75);
#91=CIRCLE('',#7580,14.2963906466101);
#92=CIRCLE('',#7581,14.);
#93=CIRCLE('',#7583,14.);
#94=CIRCLE('',#7584,14.2963906466101);
#95=CIRCLE('',#7587,0.75);
#96=CIRCLE('',#7588,0.75);
#97=CIRCLE('',#7591,14.2963906466101);
#98=CIRCLE('',#7592,14.);
#99=CIRCLE('',#7595,14.2963906466101);
#100=CIRCLE('',#7596,14.);
#101=CIRCLE('',#7599,14.);
#102=CIRCLE('',#7600,14.);
#103=CIRCLE('',#7601,14.);
#104=CIRCLE('',#7602,14.);
#105=CIRCLE('',#7603,14.);
#106=CIRCLE('',#7604,14.);
#107=CIRCLE('',#7605,14.);
#108=CIRCLE('',#7606,14.);
#109=CIRCLE('',#7610,14.2963906466101);
#110=CIRCLE('',#7611,14.2963906466101);
#111=CIRCLE('',#7614,14.2963906466101);
#112=CIRCLE('',#7615,14.2963906466101);
#113=CIRCLE('',#7617,14.2963906466101);
#114=CIRCLE('',#7618,14.2963906466101);
#115=CIRCLE('',#7624,14.2963906466101);
#116=CIRCLE('',#7625,14.2963906466101);
#117=CIRCLE('',#7642,2.);
#118=CIRCLE('',#7643,2.5);
#119=CIRCLE('',#7646,2.5);
#120=CIRCLE('',#7647,2.5);
#121=CIRCLE('',#7648,2.5);
#122=CIRCLE('',#7649,2.5);
#123=CIRCLE('',#7651,2.);
#124=CIRCLE('',#7658,2.5);
#125=CIRCLE('',#7659,2.5);
#126=CIRCLE('',#7661,4.);
#127=CIRCLE('',#7662,4.);
#128=CIRCLE('',#7666,0.7);
#129=CIRCLE('',#7668,0.7);
#130=CIRCLE('',#7671,0.7);
#131=CIRCLE('',#7673,0.7);
#132=CIRCLE('',#7676,0.7);
#133=CIRCLE('',#7678,0.7);
#134=CIRCLE('',#7681,0.7);
#135=CIRCLE('',#7683,0.7);
#136=CIRCLE('',#7686,0.7);
#137=CIRCLE('',#7688,0.7);
#138=CIRCLE('',#7691,13.25);
#139=CIRCLE('',#7692,13.25);
#140=CIRCLE('',#7695,13.25);
#141=FACE_BOUND('',#771,.T.);
#142=FACE_BOUND('',#802,.T.);
#143=FACE_BOUND('',#850,.T.);
#144=FACE_BOUND('',#851,.T.);
#145=FACE_BOUND('',#891,.T.);
#146=FACE_BOUND('',#924,.T.);
#147=FACE_BOUND('',#925,.T.);
#148=FACE_BOUND('',#926,.T.);
#149=FACE_BOUND('',#927,.T.);
#150=FACE_BOUND('',#928,.T.);
#151=FACE_BOUND('',#929,.T.);
#152=FACE_BOUND('',#930,.T.);
#153=FACE_BOUND('',#931,.T.);
#154=FACE_BOUND('',#932,.T.);
#155=FACE_BOUND('',#933,.T.);
#156=FACE_BOUND('',#934,.T.);
#157=FACE_BOUND('',#935,.T.);
#158=FACE_BOUND('',#936,.T.);
#159=FACE_BOUND('',#937,.T.);
#160=FACE_BOUND('',#938,.T.);
#161=FACE_BOUND('',#939,.T.);
#162=FACE_BOUND('',#940,.T.);
#163=FACE_BOUND('',#941,.T.);
#164=FACE_BOUND('',#942,.T.);
#165=FACE_BOUND('',#943,.T.);
#166=FACE_BOUND('',#944,.T.);
#167=FACE_BOUND('',#945,.T.);
#168=FACE_BOUND('',#946,.T.);
#169=FACE_BOUND('',#947,.T.);
#170=FACE_BOUND('',#948,.T.);
#171=FACE_BOUND('',#949,.T.);
#172=FACE_BOUND('',#950,.T.);
#173=FACE_BOUND('',#951,.T.);
#174=FACE_BOUND('',#1042,.T.);
#175=FACE_BOUND('',#1064,.T.);
#176=FACE_BOUND('',#1065,.T.);
#177=FACE_BOUND('',#1066,.T.);
#178=FACE_BOUND('',#1070,.T.);
#179=FACE_BOUND('',#1078,.T.);
#180=FACE_BOUND('',#1086,.T.);
#181=FACE_BOUND('',#1120,.T.);
#182=FACE_BOUND('',#1124,.T.);
#183=FACE_BOUND('',#1140,.T.);
#184=FACE_BOUND('',#1142,.T.);
#185=B_SPLINE_SURFACE_WITH_KNOTS('',2,1,((#9180,#9181),(#9182,#9183),(#9184,
#9185),(#9186,#9187)),.UNSPECIFIED.,.F.,.F.,.F.,(3,1,3),(2,2),(-2.,-1.,
0.),(0.,10.8849181761821),.UNSPECIFIED.);
#186=B_SPLINE_SURFACE_WITH_KNOTS('',2,1,((#9194,#9195),(#9196,#9197),(#9198,
#9199),(#9200,#9201)),.UNSPECIFIED.,.F.,.F.,.F.,(3,1,3),(2,2),(-2.,-1.,
0.),(0.,10.8849181761821),.UNSPECIFIED.);
#187=B_SPLINE_SURFACE_WITH_KNOTS('',2,1,((#9216,#9217),(#9218,#9219),(#9220,
#9221),(#9222,#9223)),.UNSPECIFIED.,.F.,.F.,.F.,(3,1,3),(2,2),(-2.,-1.,
0.),(0.,10.8849181761821),.UNSPECIFIED.);
#188=B_SPLINE_SURFACE_WITH_KNOTS('',2,1,((#9230,#9231),(#9232,#9233),(#9234,
#9235),(#9236,#9237)),.UNSPECIFIED.,.F.,.F.,.F.,(3,1,3),(2,2),(-2.,-1.,
0.),(0.,10.8849181761821),.UNSPECIFIED.);
#189=B_SPLINE_SURFACE_WITH_KNOTS('',2,1,((#9244,#9245),(#9246,#9247),(#9248,
#9249),(#9250,#9251)),.UNSPECIFIED.,.F.,.F.,.F.,(3,1,3),(2,2),(-2.,-1.,
0.),(0.,10.8849181761821),.UNSPECIFIED.);
#190=B_SPLINE_SURFACE_WITH_KNOTS('',2,1,((#9258,#9259),(#9260,#9261),(#9262,
#9263),(#9264,#9265)),.UNSPECIFIED.,.F.,.F.,.F.,(3,1,3),(2,2),(-2.,-1.,
0.),(0.,10.8849181761821),.UNSPECIFIED.);
#191=B_SPLINE_SURFACE_WITH_KNOTS('',2,1,((#9270,#9271),(#9272,#9273),(#9274,
#9275),(#9276,#9277)),.UNSPECIFIED.,.F.,.F.,.F.,(3,1,3),(2,2),(-2.,-1.,
0.),(0.,10.8849181761821),.UNSPECIFIED.);
#192=B_SPLINE_SURFACE_WITH_KNOTS('',2,1,((#9295,#9296),(#9297,#9298),(#9299,
#9300),(#9301,#9302)),.UNSPECIFIED.,.F.,.F.,.F.,(3,1,3),(2,2),(-2.,-1.,
0.),(0.,10.8849181761821),.UNSPECIFIED.);
#193=B_SPLINE_SURFACE_WITH_KNOTS('',2,1,((#9329,#9330),(#9331,#9332),(#9333,
#9334),(#9335,#9336)),.UNSPECIFIED.,.F.,.F.,.F.,(3,1,3),(2,2),(-2.,-1.,
0.),(0.,10.8849181761821),.UNSPECIFIED.);
#194=B_SPLINE_SURFACE_WITH_KNOTS('',2,1,((#9351,#9352),(#9353,#9354),(#9355,
#9356),(#9357,#9358)),.UNSPECIFIED.,.F.,.F.,.F.,(3,1,3),(2,2),(-2.,-1.,
0.),(0.,10.8849181761821),.UNSPECIFIED.);
#195=B_SPLINE_SURFACE_WITH_KNOTS('',2,1,((#9385,#9386),(#9387,#9388),(#9389,
#9390),(#9391,#9392)),.UNSPECIFIED.,.F.,.F.,.F.,(3,1,3),(2,2),(-2.,-1.,
0.),(0.,10.8849181761821),.UNSPECIFIED.);
#196=B_SPLINE_SURFACE_WITH_KNOTS('',2,1,((#9407,#9408),(#9409,#9410),(#9411,
#9412),(#9413,#9414)),.UNSPECIFIED.,.F.,.F.,.F.,(3,1,3),(2,2),(-2.,-1.,
0.),(0.,10.8849181761821),.UNSPECIFIED.);
#197=B_SPLINE_SURFACE_WITH_KNOTS('',2,1,((#9508,#9509),(#9510,#9511),(#9512,
#9513),(#9514,#9515)),.UNSPECIFIED.,.F.,.F.,.F.,(3,1,3),(2,2),(-2.,-1.,
0.),(0.,10.8849181761821),.UNSPECIFIED.);
#198=B_SPLINE_SURFACE_WITH_KNOTS('',2,1,((#9530,#9531),(#9532,#9533),(#9534,
#9535),(#9536,#9537)),.UNSPECIFIED.,.F.,.F.,.F.,(3,1,3),(2,2),(-2.,-1.,
0.),(0.,10.8849181761821),.UNSPECIFIED.);
#199=B_SPLINE_SURFACE_WITH_KNOTS('',2,1,((#9552,#9553),(#9554,#9555),(#9556,
#9557),(#9558,#9559)),.UNSPECIFIED.,.F.,.F.,.F.,(3,1,3),(2,2),(-2.,-1.,
0.),(0.,10.8849181761821),.UNSPECIFIED.);
#200=B_SPLINE_SURFACE_WITH_KNOTS('',2,1,((#9574,#9575),(#9576,#9577),(#9578,
#9579),(#9580,#9581)),.UNSPECIFIED.,.F.,.F.,.F.,(3,1,3),(2,2),(-2.,-1.,
0.),(0.,10.8849181761821),.UNSPECIFIED.);
#201=B_SPLINE_SURFACE_WITH_KNOTS('',2,1,((#9596,#9597),(#9598,#9599),(#9600,
#9601),(#9602,#9603)),.UNSPECIFIED.,.F.,.F.,.F.,(3,1,3),(2,2),(-2.,-1.,
0.),(0.,10.8849181761821),.UNSPECIFIED.);
#202=B_SPLINE_SURFACE_WITH_KNOTS('',2,1,((#9618,#9619),(#9620,#9621),(#9622,
#9623),(#9624,#9625)),.UNSPECIFIED.,.F.,.F.,.F.,(3,1,3),(2,2),(-2.,-1.,
0.),(0.,10.8849181761821),.UNSPECIFIED.);
#203=B_SPLINE_SURFACE_WITH_KNOTS('',2,1,((#9640,#9641),(#9642,#9643),(#9644,
#9645),(#9646,#9647)),.UNSPECIFIED.,.F.,.F.,.F.,(3,1,3),(2,2),(-2.,-1.,
0.),(0.,10.8849181761821),.UNSPECIFIED.);
#204=B_SPLINE_SURFACE_WITH_KNOTS('',2,1,((#9662,#9663),(#9664,#9665),(#9666,
#9667),(#9668,#9669)),.UNSPECIFIED.,.F.,.F.,.F.,(3,1,3),(2,2),(-2.,-1.,
0.),(0.,10.8849181761821),.UNSPECIFIED.);
#205=B_SPLINE_SURFACE_WITH_KNOTS('',2,1,((#9696,#9697),(#9698,#9699),(#9700,
#9701),(#9702,#9703)),.UNSPECIFIED.,.F.,.F.,.F.,(3,1,3),(2,2),(-2.,-1.,
0.),(0.,10.8849181761821),.UNSPECIFIED.);
#206=B_SPLINE_SURFACE_WITH_KNOTS('',2,1,((#9718,#9719),(#9720,#9721),(#9722,
#9723),(#9724,#9725)),.UNSPECIFIED.,.F.,.F.,.F.,(3,1,3),(2,2),(-2.,-1.,
0.),(0.,10.8849181761821),.UNSPECIFIED.);
#207=B_SPLINE_SURFACE_WITH_KNOTS('',2,1,((#9740,#9741),(#9742,#9743),(#9744,
#9745),(#9746,#9747)),.UNSPECIFIED.,.F.,.F.,.F.,(3,1,3),(2,2),(-2.,-1.,
0.),(0.,10.8849181761821),.UNSPECIFIED.);
#208=B_SPLINE_SURFACE_WITH_KNOTS('',2,1,((#9762,#9763),(#9764,#9765),(#9766,
#9767),(#9768,#9769)),.UNSPECIFIED.,.F.,.F.,.F.,(3,1,3),(2,2),(-2.,-1.,
0.),(0.,10.8849181761821),.UNSPECIFIED.);
#209=B_SPLINE_SURFACE_WITH_KNOTS('',2,1,((#9784,#9785),(#9786,#9787),(#9788,
#9789),(#9790,#9791)),.UNSPECIFIED.,.F.,.F.,.F.,(3,1,3),(2,2),(-2.,-1.,
0.),(0.,10.8849181761821),.UNSPECIFIED.);
#210=B_SPLINE_SURFACE_WITH_KNOTS('',2,1,((#9806,#9807),(#9808,#9809),(#9810,
#9811),(#9812,#9813)),.UNSPECIFIED.,.F.,.F.,.F.,(3,1,3),(2,2),(-2.,-1.,
0.),(0.,10.8849181761821),.UNSPECIFIED.);
#211=B_SPLINE_SURFACE_WITH_KNOTS('',2,1,((#9828,#9829),(#9830,#9831),(#9832,
#9833),(#9834,#9835)),.UNSPECIFIED.,.F.,.F.,.F.,(3,1,3),(2,2),(-2.,-1.,
0.),(0.,10.8849181761821),.UNSPECIFIED.);
#212=B_SPLINE_SURFACE_WITH_KNOTS('',2,1,((#9850,#9851),(#9852,#9853),(#9854,
#9855),(#9856,#9857)),.UNSPECIFIED.,.F.,.F.,.F.,(3,1,3),(2,2),(-2.,-1.,
0.),(0.,10.8849181761821),.UNSPECIFIED.);
#213=B_SPLINE_SURFACE_WITH_KNOTS('',2,1,((#9976,#9977),(#9978,#9979),(#9980,
#9981),(#9982,#9983)),.UNSPECIFIED.,.F.,.F.,.F.,(3,1,3),(2,2),(0.,1.,2.),
(0.,10.8849181761821),.UNSPECIFIED.);
#214=B_SPLINE_SURFACE_WITH_KNOTS('',2,1,((#10001,#10002),(#10003,#10004),
(#10005,#10006),(#10007,#10008)),.UNSPECIFIED.,.F.,.F.,.F.,(3,1,3),(2,2),
(0.,1.,2.),(0.,10.8849181761821),.UNSPECIFIED.);
#215=B_SPLINE_SURFACE_WITH_KNOTS('',2,1,((#10047,#10048),(#10049,#10050),
(#10051,#10052),(#10053,#10054)),.UNSPECIFIED.,.F.,.F.,.F.,(3,1,3),(2,2),
(-2.,-1.,0.),(0.,10.8849181761821),.UNSPECIFIED.);
#216=B_SPLINE_SURFACE_WITH_KNOTS('',2,1,((#10069,#10070),(#10071,#10072),
(#10073,#10074),(#10075,#10076)),.UNSPECIFIED.,.F.,.F.,.F.,(3,1,3),(2,2),
(-2.,-1.,0.),(0.,10.8849181761821),.UNSPECIFIED.);
#217=B_SPLINE_SURFACE_WITH_KNOTS('',2,1,((#10091,#10092),(#10093,#10094),
(#10095,#10096),(#10097,#10098)),.UNSPECIFIED.,.F.,.F.,.F.,(3,1,3),(2,2),
(-2.,-1.,0.),(0.,10.8849181761821),.UNSPECIFIED.);
#218=B_SPLINE_SURFACE_WITH_KNOTS('',2,1,((#10110,#10111),(#10112,#10113),
(#10114,#10115),(#10116,#10117)),.UNSPECIFIED.,.F.,.F.,.F.,(3,1,3),(2,2),
(0.,1.,2.),(0.,10.8849181761821),.UNSPECIFIED.);
#219=B_SPLINE_SURFACE_WITH_KNOTS('',2,1,((#10132,#10133),(#10134,#10135),
(#10136,#10137),(#10138,#10139)),.UNSPECIFIED.,.F.,.F.,.F.,(3,1,3),(2,2),
(0.,1.,2.),(0.,10.8849181761821),.UNSPECIFIED.);
#220=B_SPLINE_SURFACE_WITH_KNOTS('',2,1,((#10365,#10366),(#10367,#10368),
(#10369,#10370),(#10371,#10372)),.UNSPECIFIED.,.F.,.F.,.F.,(3,1,3),(2,2),
(-2.,-1.,0.),(0.,10.8849181761821),.UNSPECIFIED.);
#221=B_SPLINE_SURFACE_WITH_KNOTS('',2,1,((#10379,#10380),(#10381,#10382),
(#10383,#10384),(#10385,#10386)),.UNSPECIFIED.,.F.,.F.,.F.,(3,1,3),(2,2),
(-2.,-1.,0.),(0.,10.8849181761821),.UNSPECIFIED.);
#222=B_SPLINE_SURFACE_WITH_KNOTS('',2,1,((#10393,#10394),(#10395,#10396),
(#10397,#10398),(#10399,#10400)),.UNSPECIFIED.,.F.,.F.,.F.,(3,1,3),(2,2),
(-2.,-1.,0.),(0.,10.8849181761821),.UNSPECIFIED.);
#223=B_SPLINE_SURFACE_WITH_KNOTS('',2,1,((#10407,#10408),(#10409,#10410),
(#10411,#10412),(#10413,#10414)),.UNSPECIFIED.,.F.,.F.,.F.,(3,1,3),(2,2),
(-2.,-1.,0.),(0.,10.8849181761821),.UNSPECIFIED.);
#224=B_SPLINE_SURFACE_WITH_KNOTS('',2,1,((#10433,#10434),(#10435,#10436),
(#10437,#10438),(#10439,#10440)),.UNSPECIFIED.,.F.,.F.,.F.,(3,1,3),(2,2),
(-2.,-1.,0.),(0.,10.8849181761821),.UNSPECIFIED.);
#225=B_SPLINE_SURFACE_WITH_KNOTS('',2,1,((#10447,#10448),(#10449,#10450),
(#10451,#10452),(#10453,#10454)),.UNSPECIFIED.,.F.,.F.,.F.,(3,1,3),(2,2),
(-2.,-1.,0.),(0.,10.8849181761821),.UNSPECIFIED.);
#226=B_SPLINE_SURFACE_WITH_KNOTS('',2,1,((#10461,#10462),(#10463,#10464),
(#10465,#10466),(#10467,#10468)),.UNSPECIFIED.,.F.,.F.,.F.,(3,1,3),(2,2),
(-2.,-1.,0.),(0.,10.8849181761821),.UNSPECIFIED.);
#227=B_SPLINE_SURFACE_WITH_KNOTS('',2,1,((#10475,#10476),(#10477,#10478),
(#10479,#10480),(#10481,#10482)),.UNSPECIFIED.,.F.,.F.,.F.,(3,1,3),(2,2),
(-2.,-1.,0.),(0.,10.8849181761821),.UNSPECIFIED.);
#228=B_SPLINE_SURFACE_WITH_KNOTS('',2,1,((#10691,#10692),(#10693,#10694),
(#10695,#10696),(#10697,#10698)),.UNSPECIFIED.,.F.,.F.,.F.,(3,1,3),(2,2),
(0.,1.,2.),(0.,10.8849181761821),.UNSPECIFIED.);
#229=B_SPLINE_SURFACE_WITH_KNOTS('',2,1,((#10705,#10706),(#10707,#10708),
(#10709,#10710),(#10711,#10712)),.UNSPECIFIED.,.F.,.F.,.F.,(3,1,3),(2,2),
(0.,1.,2.),(0.,10.8849181761821),.UNSPECIFIED.);
#230=B_SPLINE_SURFACE_WITH_KNOTS('',2,1,((#10729,#10730),(#10731,#10732),
(#10733,#10734),(#10735,#10736)),.UNSPECIFIED.,.F.,.F.,.F.,(3,1,3),(2,2),
(0.,1.,2.),(0.,10.8849181761821),.UNSPECIFIED.);
#231=B_SPLINE_SURFACE_WITH_KNOTS('',2,1,((#10743,#10744),(#10745,#10746),
(#10747,#10748),(#10749,#10750)),.UNSPECIFIED.,.F.,.F.,.F.,(3,1,3),(2,2),
(0.,1.,2.),(0.,10.8849181761821),.UNSPECIFIED.);
#232=B_SPLINE_SURFACE_WITH_KNOTS('',2,1,((#10757,#10758),(#10759,#10760),
(#10761,#10762),(#10763,#10764)),.UNSPECIFIED.,.F.,.F.,.F.,(3,1,3),(2,2),
(-2.,-1.,0.),(0.,10.8849181761821),.UNSPECIFIED.);
#233=B_SPLINE_SURFACE_WITH_KNOTS('',2,1,((#10777,#10778),(#10779,#10780),
(#10781,#10782),(#10783,#10784)),.UNSPECIFIED.,.F.,.F.,.F.,(3,1,3),(2,2),
(-2.,-1.,0.),(0.,10.8849181761821),.UNSPECIFIED.);
#234=B_SPLINE_SURFACE_WITH_KNOTS('',2,1,((#10791,#10792),(#10793,#10794),
(#10795,#10796),(#10797,#10798)),.UNSPECIFIED.,.F.,.F.,.F.,(3,1,3),(2,2),
(-2.,-1.,0.),(0.,10.8849181761821),.UNSPECIFIED.);
#235=B_SPLINE_SURFACE_WITH_KNOTS('',2,1,((#10805,#10806),(#10807,#10808),
(#10809,#10810),(#10811,#10812)),.UNSPECIFIED.,.F.,.F.,.F.,(3,1,3),(2,2),
(-2.,-1.,0.),(0.,10.8849181761821),.UNSPECIFIED.);
#236=B_SPLINE_SURFACE_WITH_KNOTS('',2,1,((#10823,#10824),(#10825,#10826),
(#10827,#10828),(#10829,#10830)),.UNSPECIFIED.,.F.,.F.,.F.,(3,1,3),(2,2),
(0.,1.,2.),(0.,10.8849181761821),.UNSPECIFIED.);
#237=B_SPLINE_SURFACE_WITH_KNOTS('',2,1,((#10837,#10838),(#10839,#10840),
(#10841,#10842),(#10843,#10844)),.UNSPECIFIED.,.F.,.F.,.F.,(3,1,3),(2,2),
(0.,1.,2.),(0.,10.8849181761821),.UNSPECIFIED.);
#238=B_SPLINE_SURFACE_WITH_KNOTS('',2,1,((#10853,#10854),(#10855,#10856),
(#10857,#10858),(#10859,#10860)),.UNSPECIFIED.,.F.,.F.,.F.,(3,1,3),(2,2),
(0.,1.,2.),(0.,10.8849181761821),.UNSPECIFIED.);
#239=B_SPLINE_SURFACE_WITH_KNOTS('',2,1,((#10867,#10868),(#10869,#10870),
(#10871,#10872),(#10873,#10874)),.UNSPECIFIED.,.F.,.F.,.F.,(3,1,3),(2,2),
(0.,1.,2.),(0.,10.8849181761821),.UNSPECIFIED.);
#240=B_SPLINE_SURFACE_WITH_KNOTS('',2,1,((#10891,#10892),(#10893,#10894),
(#10895,#10896),(#10897,#10898)),.UNSPECIFIED.,.F.,.F.,.F.,(3,1,3),(2,2),
(-2.,-1.,0.),(0.,10.8849181761821),.UNSPECIFIED.);
#241=B_SPLINE_SURFACE_WITH_KNOTS('',2,1,((#10905,#10906),(#10907,#10908),
(#10909,#10910),(#10911,#10912)),.UNSPECIFIED.,.F.,.F.,.F.,(3,1,3),(2,2),
(-2.,-1.,0.),(0.,10.8849181761821),.UNSPECIFIED.);
#242=B_SPLINE_SURFACE_WITH_KNOTS('',2,1,((#11085,#11086),(#11087,#11088),
(#11089,#11090),(#11091,#11092)),.UNSPECIFIED.,.F.,.F.,.F.,(3,1,3),(2,2),
(0.,1.,2.),(0.,10.8849181761821),.UNSPECIFIED.);
#243=B_SPLINE_SURFACE_WITH_KNOTS('',2,1,((#11099,#11100),(#11101,#11102),
(#11103,#11104),(#11105,#11106)),.UNSPECIFIED.,.F.,.F.,.F.,(3,1,3),(2,2),
(0.,1.,2.),(0.,10.8849181761821),.UNSPECIFIED.);
#244=B_SPLINE_SURFACE_WITH_KNOTS('',2,1,((#11113,#11114),(#11115,#11116),
(#11117,#11118),(#11119,#11120)),.UNSPECIFIED.,.F.,.F.,.F.,(3,1,3),(2,2),
(-2.,-1.,0.),(0.,10.8849181761821),.UNSPECIFIED.);
#245=B_SPLINE_SURFACE_WITH_KNOTS('',2,1,((#11129,#11130),(#11131,#11132),
(#11133,#11134),(#11135,#11136)),.UNSPECIFIED.,.F.,.F.,.F.,(3,1,3),(2,2),
(-2.,-1.,0.),(0.,10.8849181761821),.UNSPECIFIED.);
#246=B_SPLINE_SURFACE_WITH_KNOTS('',2,1,((#11143,#11144),(#11145,#11146),
(#11147,#11148),(#11149,#11150)),.UNSPECIFIED.,.F.,.F.,.F.,(3,1,3),(2,2),
(-2.,-1.,0.),(0.,10.8849181761821),.UNSPECIFIED.);
#247=B_SPLINE_SURFACE_WITH_KNOTS('',2,1,((#11173,#11174),(#11175,#11176),
(#11177,#11178),(#11179,#11180)),.UNSPECIFIED.,.F.,.F.,.F.,(3,1,3),(2,2),
(0.,1.,2.),(0.,10.8849181761821),.UNSPECIFIED.);
#248=B_SPLINE_SURFACE_WITH_KNOTS('',2,1,((#11187,#11188),(#11189,#11190),
(#11191,#11192),(#11193,#11194)),.UNSPECIFIED.,.F.,.F.,.F.,(3,1,3),(2,2),
(0.,1.,2.),(0.,10.8849181761821),.UNSPECIFIED.);
#249=B_SPLINE_SURFACE_WITH_KNOTS('',2,1,((#11855,#11856),(#11857,#11858),
(#11859,#11860),(#11861,#11862)),.UNSPECIFIED.,.F.,.F.,.F.,(3,1,3),(2,2),
(0.,1.,2.),(0.,10.884463808664),.UNSPECIFIED.);
#250=B_SPLINE_SURFACE_WITH_KNOTS('',2,1,((#11869,#11870),(#11871,#11872),
(#11873,#11874),(#11875,#11876)),.UNSPECIFIED.,.F.,.F.,.F.,(3,1,3),(2,2),
(0.,1.,2.),(0.,10.884463808664),.UNSPECIFIED.);
#251=B_SPLINE_SURFACE_WITH_KNOTS('',2,1,((#11883,#11884),(#11885,#11886),
(#11887,#11888),(#11889,#11890)),.UNSPECIFIED.,.F.,.F.,.F.,(3,1,3),(2,2),
(0.,1.,2.),(0.,10.884463808664),.UNSPECIFIED.);
#252=B_SPLINE_SURFACE_WITH_KNOTS('',2,1,((#11899,#11900),(#11901,#11902),
(#11903,#11904),(#11905,#11906)),.UNSPECIFIED.,.F.,.F.,.F.,(3,1,3),(2,2),
(0.,1.,2.),(0.,10.884463808664),.UNSPECIFIED.);
#253=B_SPLINE_SURFACE_WITH_KNOTS('',2,1,((#11913,#11914),(#11915,#11916),
(#11917,#11918),(#11919,#11920)),.UNSPECIFIED.,.F.,.F.,.F.,(3,1,3),(2,2),
(0.,1.,2.),(0.,10.884463808664),.UNSPECIFIED.);
#254=B_SPLINE_SURFACE_WITH_KNOTS('',2,1,((#11927,#11928),(#11929,#11930),
(#11931,#11932),(#11933,#11934)),.UNSPECIFIED.,.F.,.F.,.F.,(3,1,3),(2,2),
(0.,1.,2.),(0.,10.884463808664),.UNSPECIFIED.);
#255=B_SPLINE_SURFACE_WITH_KNOTS('',2,1,((#11943,#11944),(#11945,#11946),
(#11947,#11948),(#11949,#11950)),.UNSPECIFIED.,.F.,.F.,.F.,(3,1,3),(2,2),
(0.,1.,2.),(0.,10.884463808664),.UNSPECIFIED.);
#256=B_SPLINE_SURFACE_WITH_KNOTS('',2,1,((#11957,#11958),(#11959,#11960),
(#11961,#11962),(#11963,#11964)),.UNSPECIFIED.,.F.,.F.,.F.,(3,1,3),(2,2),
(0.,1.,2.),(0.,10.884463808664),.UNSPECIFIED.);
#257=B_SPLINE_SURFACE_WITH_KNOTS('',2,1,((#11991,#11992),(#11993,#11994),
(#11995,#11996),(#11997,#11998)),.UNSPECIFIED.,.F.,.F.,.F.,(3,1,3),(2,2),
(0.,1.,2.),(0.,10.884463808664),.UNSPECIFIED.);
#258=B_SPLINE_SURFACE_WITH_KNOTS('',2,1,((#12005,#12006),(#12007,#12008),
(#12009,#12010),(#12011,#12012)),.UNSPECIFIED.,.F.,.F.,.F.,(3,1,3),(2,2),
(0.,1.,2.),(0.,10.884463808664),.UNSPECIFIED.);
#259=B_SPLINE_SURFACE_WITH_KNOTS('',2,1,((#12029,#12030),(#12031,#12032),
(#12033,#12034),(#12035,#12036)),.UNSPECIFIED.,.F.,.F.,.F.,(3,1,3),(2,2),
(0.,1.,2.),(0.,10.884463808664),.UNSPECIFIED.);
#260=B_SPLINE_SURFACE_WITH_KNOTS('',2,1,((#12043,#12044),(#12045,#12046),
(#12047,#12048),(#12049,#12050)),.UNSPECIFIED.,.F.,.F.,.F.,(3,1,3),(2,2),
(0.,1.,2.),(0.,10.884463808664),.UNSPECIFIED.);
#261=B_SPLINE_SURFACE_WITH_KNOTS('',2,1,((#12057,#12058),(#12059,#12060),
(#12061,#12062),(#12063,#12064)),.UNSPECIFIED.,.F.,.F.,.F.,(3,1,3),(2,2),
(0.,1.,2.),(0.,10.884463808664),.UNSPECIFIED.);
#262=B_SPLINE_SURFACE_WITH_KNOTS('',2,1,((#12073,#12074),(#12075,#12076),
(#12077,#12078),(#12079,#12080)),.UNSPECIFIED.,.F.,.F.,.F.,(3,1,3),(2,2),
(0.,1.,2.),(0.,10.884463808664),.UNSPECIFIED.);
#263=B_SPLINE_SURFACE_WITH_KNOTS('',2,1,((#12087,#12088),(#12089,#12090),
(#12091,#12092),(#12093,#12094)),.UNSPECIFIED.,.F.,.F.,.F.,(3,1,3),(2,2),
(0.,1.,2.),(0.,10.884463808664),.UNSPECIFIED.);
#264=B_SPLINE_SURFACE_WITH_KNOTS('',2,1,((#12101,#12102),(#12103,#12104),
(#12105,#12106),(#12107,#12108)),.UNSPECIFIED.,.F.,.F.,.F.,(3,1,3),(2,2),
(0.,1.,2.),(0.,10.884463808664),.UNSPECIFIED.);
#265=B_SPLINE_SURFACE_WITH_KNOTS('',2,1,((#12117,#12118),(#12119,#12120),
(#12121,#12122),(#12123,#12124)),.UNSPECIFIED.,.F.,.F.,.F.,(3,1,3),(2,2),
(0.,1.,2.),(0.,10.884463808664),.UNSPECIFIED.);
#266=B_SPLINE_SURFACE_WITH_KNOTS('',2,1,((#12131,#12132),(#12133,#12134),
(#12135,#12136),(#12137,#12138)),.UNSPECIFIED.,.F.,.F.,.F.,(3,1,3),(2,2),
(0.,1.,2.),(0.,10.884463808664),.UNSPECIFIED.);
#267=B_SPLINE_SURFACE_WITH_KNOTS('',2,1,((#12155,#12156),(#12157,#12158),
(#12159,#12160),(#12161,#12162)),.UNSPECIFIED.,.F.,.F.,.F.,(3,1,3),(2,2),
(0.,1.,2.),(0.,10.884463808664),.UNSPECIFIED.);
#268=B_SPLINE_SURFACE_WITH_KNOTS('',2,1,((#12169,#12170),(#12171,#12172),
(#12173,#12174),(#12175,#12176)),.UNSPECIFIED.,.F.,.F.,.F.,(3,1,3),(2,2),
(0.,1.,2.),(0.,10.884463808664),.UNSPECIFIED.);
#269=B_SPLINE_SURFACE_WITH_KNOTS('',2,1,((#12183,#12184),(#12185,#12186),
(#12187,#12188),(#12189,#12190)),.UNSPECIFIED.,.F.,.F.,.F.,(3,1,3),(2,2),
(0.,1.,2.),(0.,10.884463808664),.UNSPECIFIED.);
#270=B_SPLINE_SURFACE_WITH_KNOTS('',2,1,((#12199,#12200),(#12201,#12202),
(#12203,#12204),(#12205,#12206)),.UNSPECIFIED.,.F.,.F.,.F.,(3,1,3),(2,2),
(0.,1.,2.),(0.,10.884463808664),.UNSPECIFIED.);
#271=B_SPLINE_SURFACE_WITH_KNOTS('',2,1,((#12213,#12214),(#12215,#12216),
(#12217,#12218),(#12219,#12220)),.UNSPECIFIED.,.F.,.F.,.F.,(3,1,3),(2,2),
(0.,1.,2.),(0.,10.884463808664),.UNSPECIFIED.);
#272=B_SPLINE_SURFACE_WITH_KNOTS('',2,1,((#12227,#12228),(#12229,#12230),
(#12231,#12232),(#12233,#12234)),.UNSPECIFIED.,.F.,.F.,.F.,(3,1,3),(2,2),
(0.,1.,2.),(0.,10.884463808664),.UNSPECIFIED.);
#273=B_SPLINE_SURFACE_WITH_KNOTS('',2,1,((#12243,#12244),(#12245,#12246),
(#12247,#12248),(#12249,#12250)),.UNSPECIFIED.,.F.,.F.,.F.,(3,1,3),(2,2),
(0.,1.,2.),(0.,10.884463808664),.UNSPECIFIED.);
#274=B_SPLINE_SURFACE_WITH_KNOTS('',2,1,((#12257,#12258),(#12259,#12260),
(#12261,#12262),(#12263,#12264)),.UNSPECIFIED.,.F.,.F.,.F.,(3,1,3),(2,2),
(0.,1.,2.),(0.,10.884463808664),.UNSPECIFIED.);
#275=B_SPLINE_SURFACE_WITH_KNOTS('',2,1,((#12281,#12282),(#12283,#12284),
(#12285,#12286),(#12287,#12288)),.UNSPECIFIED.,.F.,.F.,.F.,(3,1,3),(2,2),
(0.,1.,2.),(0.,10.884463808664),.UNSPECIFIED.);
#276=B_SPLINE_SURFACE_WITH_KNOTS('',2,1,((#12295,#12296),(#12297,#12298),
(#12299,#12300),(#12301,#12302)),.UNSPECIFIED.,.F.,.F.,.F.,(3,1,3),(2,2),
(0.,1.,2.),(0.,10.884463808664),.UNSPECIFIED.);
#277=B_SPLINE_SURFACE_WITH_KNOTS('',2,1,((#12309,#12310),(#12311,#12312),
(#12313,#12314),(#12315,#12316)),.UNSPECIFIED.,.F.,.F.,.F.,(3,1,3),(2,2),
(0.,1.,2.),(0.,10.884463808664),.UNSPECIFIED.);
#278=B_SPLINE_SURFACE_WITH_KNOTS('',2,1,((#12325,#12326),(#12327,#12328),
(#12329,#12330),(#12331,#12332)),.UNSPECIFIED.,.F.,.F.,.F.,(3,1,3),(2,2),
(0.,1.,2.),(0.,10.884463808664),.UNSPECIFIED.);
#279=B_SPLINE_SURFACE_WITH_KNOTS('',2,1,((#12339,#12340),(#12341,#12342),
(#12343,#12344),(#12345,#12346)),.UNSPECIFIED.,.F.,.F.,.F.,(3,1,3),(2,2),
(0.,1.,2.),(0.,10.884463808664),.UNSPECIFIED.);
#280=B_SPLINE_SURFACE_WITH_KNOTS('',2,1,((#12363,#12364),(#12365,#12366),
(#12367,#12368),(#12369,#12370)),.UNSPECIFIED.,.F.,.F.,.F.,(3,1,3),(2,2),
(0.,1.,2.),(0.,10.884463808664),.UNSPECIFIED.);
#281=B_SPLINE_SURFACE_WITH_KNOTS('',2,1,((#12377,#12378),(#12379,#12380),
(#12381,#12382),(#12383,#12384)),.UNSPECIFIED.,.F.,.F.,.F.,(3,1,3),(2,2),
(0.,1.,2.),(0.,10.884463808664),.UNSPECIFIED.);
#282=B_SPLINE_SURFACE_WITH_KNOTS('',2,1,((#12399,#12400),(#12401,#12402),
(#12403,#12404),(#12405,#12406)),.UNSPECIFIED.,.F.,.F.,.F.,(3,1,3),(2,2),
(0.,1.,2.),(0.,10.884463808664),.UNSPECIFIED.);
#283=B_SPLINE_SURFACE_WITH_KNOTS('',2,1,((#12413,#12414),(#12415,#12416),
(#12417,#12418),(#12419,#12420)),.UNSPECIFIED.,.F.,.F.,.F.,(3,1,3),(2,2),
(0.,1.,2.),(0.,10.884463808664),.UNSPECIFIED.);
#284=B_SPLINE_SURFACE_WITH_KNOTS('',2,1,((#12425,#12426),(#12427,#12428),
(#12429,#12430),(#12431,#12432)),.UNSPECIFIED.,.F.,.F.,.F.,(3,1,3),(2,2),
(0.,1.,2.),(0.,10.884463808664),.UNSPECIFIED.);
#285=B_SPLINE_SURFACE_WITH_KNOTS('',2,1,((#12439,#12440),(#12441,#12442),
(#12443,#12444),(#12445,#12446)),.UNSPECIFIED.,.F.,.F.,.F.,(3,1,3),(2,2),
(0.,1.,2.),(0.,10.884463808664),.UNSPECIFIED.);
#286=B_SPLINE_SURFACE_WITH_KNOTS('',2,1,((#12451,#12452),(#12453,#12454),
(#12455,#12456),(#12457,#12458)),.UNSPECIFIED.,.F.,.F.,.F.,(3,1,3),(2,2),
(0.,1.,2.),(0.,10.884463808664),.UNSPECIFIED.);
#287=B_SPLINE_SURFACE_WITH_KNOTS('',2,1,((#12465,#12466),(#12467,#12468),
(#12469,#12470),(#12471,#12472)),.UNSPECIFIED.,.F.,.F.,.F.,(3,1,3),(2,2),
(0.,1.,2.),(0.,10.884463808664),.UNSPECIFIED.);
#288=B_SPLINE_SURFACE_WITH_KNOTS('',2,1,((#12483,#12484),(#12485,#12486),
(#12487,#12488),(#12489,#12490)),.UNSPECIFIED.,.F.,.F.,.F.,(3,1,3),(2,2),
(0.,1.,2.),(0.,10.884463808664),.UNSPECIFIED.);
#289=B_SPLINE_SURFACE_WITH_KNOTS('',2,1,((#12497,#12498),(#12499,#12500),
(#12501,#12502),(#12503,#12504)),.UNSPECIFIED.,.F.,.F.,.F.,(3,1,3),(2,2),
(0.,1.,2.),(0.,10.884463808664),.UNSPECIFIED.);
#290=B_SPLINE_SURFACE_WITH_KNOTS('',2,1,((#12513,#12514),(#12515,#12516),
(#12517,#12518),(#12519,#12520)),.UNSPECIFIED.,.F.,.F.,.F.,(3,1,3),(2,2),
(0.,1.,2.),(0.,10.884463808664),.UNSPECIFIED.);
#291=B_SPLINE_SURFACE_WITH_KNOTS('',2,1,((#12527,#12528),(#12529,#12530),
(#12531,#12532),(#12533,#12534)),.UNSPECIFIED.,.F.,.F.,.F.,(3,1,3),(2,2),
(0.,1.,2.),(0.,10.884463808664),.UNSPECIFIED.);
#292=B_SPLINE_SURFACE_WITH_KNOTS('',2,1,((#12539,#12540),(#12541,#12542),
(#12543,#12544),(#12545,#12546)),.UNSPECIFIED.,.F.,.F.,.F.,(3,1,3),(2,2),
(0.,1.,2.),(0.,10.884463808664),.UNSPECIFIED.);
#293=B_SPLINE_SURFACE_WITH_KNOTS('',2,1,((#12553,#12554),(#12555,#12556),
(#12557,#12558),(#12559,#12560)),.UNSPECIFIED.,.F.,.F.,.F.,(3,1,3),(2,2),
(0.,1.,2.),(0.,10.884463808664),.UNSPECIFIED.);
#294=B_SPLINE_SURFACE_WITH_KNOTS('',2,1,((#12565,#12566),(#12567,#12568),
(#12569,#12570),(#12571,#12572)),.UNSPECIFIED.,.F.,.F.,.F.,(3,1,3),(2,2),
(0.,1.,2.),(0.,10.884463808664),.UNSPECIFIED.);
#295=B_SPLINE_SURFACE_WITH_KNOTS('',2,1,((#12579,#12580),(#12581,#12582),
(#12583,#12584),(#12585,#12586)),.UNSPECIFIED.,.F.,.F.,.F.,(3,1,3),(2,2),
(0.,1.,2.),(0.,10.884463808664),.UNSPECIFIED.);
#296=B_SPLINE_SURFACE_WITH_KNOTS('',2,1,((#12595,#12596),(#12597,#12598),
(#12599,#12600),(#12601,#12602)),.UNSPECIFIED.,.F.,.F.,.F.,(3,1,3),(2,2),
(0.,1.,2.),(0.,10.884463808664),.UNSPECIFIED.);
#297=B_SPLINE_SURFACE_WITH_KNOTS('',2,1,((#12609,#12610),(#12611,#12612),
(#12613,#12614),(#12615,#12616)),.UNSPECIFIED.,.F.,.F.,.F.,(3,1,3),(2,2),
(0.,1.,2.),(0.,10.884463808664),.UNSPECIFIED.);
#298=B_SPLINE_SURFACE_WITH_KNOTS('',2,1,((#12621,#12622),(#12623,#12624),
(#12625,#12626),(#12627,#12628)),.UNSPECIFIED.,.F.,.F.,.F.,(3,1,3),(2,2),
(0.,1.,2.),(0.,10.884463808664),.UNSPECIFIED.);
#299=B_SPLINE_SURFACE_WITH_KNOTS('',2,1,((#12635,#12636),(#12637,#12638),
(#12639,#12640),(#12641,#12642)),.UNSPECIFIED.,.F.,.F.,.F.,(3,1,3),(2,2),
(0.,1.,2.),(0.,10.884463808664),.UNSPECIFIED.);
#300=B_SPLINE_SURFACE_WITH_KNOTS('',2,1,((#12649,#12650),(#12651,#12652),
(#12653,#12654),(#12655,#12656)),.UNSPECIFIED.,.F.,.F.,.F.,(3,1,3),(2,2),
(0.,1.,2.),(0.,10.884463808664),.UNSPECIFIED.);
#301=B_SPLINE_SURFACE_WITH_KNOTS('',2,1,((#12661,#12662),(#12663,#12664),
(#12665,#12666),(#12667,#12668)),.UNSPECIFIED.,.F.,.F.,.F.,(3,1,3),(2,2),
(0.,1.,2.),(0.,10.884463808664),.UNSPECIFIED.);
#302=B_SPLINE_SURFACE_WITH_KNOTS('',2,1,((#12675,#12676),(#12677,#12678),
(#12679,#12680),(#12681,#12682)),.UNSPECIFIED.,.F.,.F.,.F.,(3,1,3),(2,2),
(0.,1.,2.),(0.,10.884463808664),.UNSPECIFIED.);
#303=B_SPLINE_SURFACE_WITH_KNOTS('',2,1,((#12689,#12690),(#12691,#12692),
(#12693,#12694),(#12695,#12696)),.UNSPECIFIED.,.F.,.F.,.F.,(3,1,3),(2,2),
(0.,1.,2.),(0.,10.884463808664),.UNSPECIFIED.);
#304=B_SPLINE_SURFACE_WITH_KNOTS('',2,1,((#12705,#12706),(#12707,#12708),
(#12709,#12710),(#12711,#12712)),.UNSPECIFIED.,.F.,.F.,.F.,(3,1,3),(2,2),
(0.,1.,2.),(0.,10.884463808664),.UNSPECIFIED.);
#305=B_SPLINE_SURFACE_WITH_KNOTS('',2,1,((#12719,#12720),(#12721,#12722),
(#12723,#12724),(#12725,#12726)),.UNSPECIFIED.,.F.,.F.,.F.,(3,1,3),(2,2),
(0.,1.,2.),(0.,10.884463808664),.UNSPECIFIED.);
#306=B_SPLINE_SURFACE_WITH_KNOTS('',2,1,((#12731,#12732),(#12733,#12734),
(#12735,#12736),(#12737,#12738)),.UNSPECIFIED.,.F.,.F.,.F.,(3,1,3),(2,2),
(0.,1.,2.),(0.,10.884463808664),.UNSPECIFIED.);
#307=B_SPLINE_SURFACE_WITH_KNOTS('',2,1,((#12745,#12746),(#12747,#12748),
(#12749,#12750),(#12751,#12752)),.UNSPECIFIED.,.F.,.F.,.F.,(3,1,3),(2,2),
(0.,1.,2.),(0.,10.884463808664),.UNSPECIFIED.);
#308=B_SPLINE_SURFACE_WITH_KNOTS('',2,1,((#12759,#12760),(#12761,#12762),
(#12763,#12764),(#12765,#12766)),.UNSPECIFIED.,.F.,.F.,.F.,(3,1,3),(2,2),
(0.,1.,2.),(0.,10.884463808664),.UNSPECIFIED.);
#309=B_SPLINE_SURFACE_WITH_KNOTS('',2,1,((#12775,#12776),(#12777,#12778),
(#12779,#12780),(#12781,#12782)),.UNSPECIFIED.,.F.,.F.,.F.,(3,1,3),(2,2),
(0.,1.,2.),(0.,10.884463808664),.UNSPECIFIED.);
#310=B_SPLINE_SURFACE_WITH_KNOTS('',2,1,((#12789,#12790),(#12791,#12792),
(#12793,#12794),(#12795,#12796)),.UNSPECIFIED.,.F.,.F.,.F.,(3,1,3),(2,2),
(0.,1.,2.),(0.,10.884463808664),.UNSPECIFIED.);
#311=FACE_OUTER_BOUND('',#714,.T.);
#312=FACE_OUTER_BOUND('',#715,.T.);
#313=FACE_OUTER_BOUND('',#716,.T.);
#314=FACE_OUTER_BOUND('',#717,.T.);
#315=FACE_OUTER_BOUND('',#718,.T.);
#316=FACE_OUTER_BOUND('',#719,.T.);
#317=FACE_OUTER_BOUND('',#720,.T.);
#318=FACE_OUTER_BOUND('',#721,.T.);
#319=FACE_OUTER_BOUND('',#722,.T.);
#320=FACE_OUTER_BOUND('',#723,.T.);
#321=FACE_OUTER_BOUND('',#724,.T.);
#322=FACE_OUTER_BOUND('',#725,.T.);
#323=FACE_OUTER_BOUND('',#726,.T.);
#324=FACE_OUTER_BOUND('',#727,.T.);
#325=FACE_OUTER_BOUND('',#728,.T.);
#326=FACE_OUTER_BOUND('',#729,.T.);
#327=FACE_OUTER_BOUND('',#730,.T.);
#328=FACE_OUTER_BOUND('',#731,.T.);
#329=FACE_OUTER_BOUND('',#732,.T.);
#330=FACE_OUTER_BOUND('',#733,.T.);
#331=FACE_OUTER_BOUND('',#734,.T.);
#332=FACE_OUTER_BOUND('',#735,.T.);
#333=FACE_OUTER_BOUND('',#736,.T.);
#334=FACE_OUTER_BOUND('',#737,.T.);
#335=FACE_OUTER_BOUND('',#738,.T.);
#336=FACE_OUTER_BOUND('',#739,.T.);
#337=FACE_OUTER_BOUND('',#740,.T.);
#338=FACE_OUTER_BOUND('',#741,.T.);
#339=FACE_OUTER_BOUND('',#742,.T.);
#340=FACE_OUTER_BOUND('',#743,.T.);
#341=FACE_OUTER_BOUND('',#744,.T.);
#342=FACE_OUTER_BOUND('',#745,.T.);
#343=FACE_OUTER_BOUND('',#746,.T.);
#344=FACE_OUTER_BOUND('',#747,.T.);
#345=FACE_OUTER_BOUND('',#748,.T.);
#346=FACE_OUTER_BOUND('',#749,.T.);
#347=FACE_OUTER_BOUND('',#750,.T.);
#348=FACE_OUTER_BOUND('',#751,.T.);
#349=FACE_OUTER_BOUND('',#752,.T.);
#350=FACE_OUTER_BOUND('',#753,.T.);
#351=FACE_OUTER_BOUND('',#754,.T.);
#352=FACE_OUTER_BOUND('',#755,.T.);
#353=FACE_OUTER_BOUND('',#756,.T.);
#354=FACE_OUTER_BOUND('',#757,.T.);
#355=FACE_OUTER_BOUND('',#758,.T.);
#356=FACE_OUTER_BOUND('',#759,.T.);
#357=FACE_OUTER_BOUND('',#760,.T.);
#358=FACE_OUTER_BOUND('',#761,.T.);
#359=FACE_OUTER_BOUND('',#762,.T.);
#360=FACE_OUTER_BOUND('',#763,.T.);
#361=FACE_OUTER_BOUND('',#764,.T.);
#362=FACE_OUTER_BOUND('',#765,.T.);
#363=FACE_OUTER_BOUND('',#766,.T.);
#364=FACE_OUTER_BOUND('',#767,.T.);
#365=FACE_OUTER_BOUND('',#768,.T.);
#366=FACE_OUTER_BOUND('',#769,.T.);
#367=FACE_OUTER_BOUND('',#770,.T.);
#368=FACE_OUTER_BOUND('',#772,.T.);
#369=FACE_OUTER_BOUND('',#773,.T.);
#370=FACE_OUTER_BOUND('',#774,.T.);
#371=FACE_OUTER_BOUND('',#775,.T.);
#372=FACE_OUTER_BOUND('',#776,.T.);
#373=FACE_OUTER_BOUND('',#777,.T.);
#374=FACE_OUTER_BOUND('',#778,.T.);
#375=FACE_OUTER_BOUND('',#779,.T.);
#376=FACE_OUTER_BOUND('',#780,.T.);
#377=FACE_OUTER_BOUND('',#781,.T.);
#378=FACE_OUTER_BOUND('',#782,.T.);
#379=FACE_OUTER_BOUND('',#783,.T.);
#380=FACE_OUTER_BOUND('',#784,.T.);
#381=FACE_OUTER_BOUND('',#785,.T.);
#382=FACE_OUTER_BOUND('',#786,.T.);
#383=FACE_OUTER_BOUND('',#787,.T.);
#384=FACE_OUTER_BOUND('',#788,.T.);
#385=FACE_OUTER_BOUND('',#789,.T.);
#386=FACE_OUTER_BOUND('',#790,.T.);
#387=FACE_OUTER_BOUND('',#791,.T.);
#388=FACE_OUTER_BOUND('',#792,.T.);
#389=FACE_OUTER_BOUND('',#793,.T.);
#390=FACE_OUTER_BOUND('',#794,.T.);
#391=FACE_OUTER_BOUND('',#795,.T.);
#392=FACE_OUTER_BOUND('',#796,.T.);
#393=FACE_OUTER_BOUND('',#797,.T.);
#394=FACE_OUTER_BOUND('',#798,.T.);
#395=FACE_OUTER_BOUND('',#799,.T.);
#396=FACE_OUTER_BOUND('',#800,.T.);
#397=FACE_OUTER_BOUND('',#801,.T.);
#398=FACE_OUTER_BOUND('',#803,.T.);
#399=FACE_OUTER_BOUND('',#804,.T.);
#400=FACE_OUTER_BOUND('',#805,.T.);
#401=FACE_OUTER_BOUND('',#806,.T.);
#402=FACE_OUTER_BOUND('',#807,.T.);
#403=FACE_OUTER_BOUND('',#808,.T.);
#404=FACE_OUTER_BOUND('',#809,.T.);
#405=FACE_OUTER_BOUND('',#810,.T.);
#406=FACE_OUTER_BOUND('',#811,.T.);
#407=FACE_OUTER_BOUND('',#812,.T.);
#408=FACE_OUTER_BOUND('',#813,.T.);
#409=FACE_OUTER_BOUND('',#814,.T.);
#410=FACE_OUTER_BOUND('',#815,.T.);
#411=FACE_OUTER_BOUND('',#816,.T.);
#412=FACE_OUTER_BOUND('',#817,.T.);
#413=FACE_OUTER_BOUND('',#818,.T.);
#414=FACE_OUTER_BOUND('',#819,.T.);
#415=FACE_OUTER_BOUND('',#820,.T.);
#416=FACE_OUTER_BOUND('',#821,.T.);
#417=FACE_OUTER_BOUND('',#822,.T.);
#418=FACE_OUTER_BOUND('',#823,.T.);
#419=FACE_OUTER_BOUND('',#824,.T.);
#420=FACE_OUTER_BOUND('',#825,.T.);
#421=FACE_OUTER_BOUND('',#826,.T.);
#422=FACE_OUTER_BOUND('',#827,.T.);
#423=FACE_OUTER_BOUND('',#828,.T.);
#424=FACE_OUTER_BOUND('',#829,.T.);
#425=FACE_OUTER_BOUND('',#830,.T.);
#426=FACE_OUTER_BOUND('',#831,.T.);
#427=FACE_OUTER_BOUND('',#832,.T.);
#428=FACE_OUTER_BOUND('',#833,.T.);
#429=FACE_OUTER_BOUND('',#834,.T.);
#430=FACE_OUTER_BOUND('',#835,.T.);
#431=FACE_OUTER_BOUND('',#836,.T.);
#432=FACE_OUTER_BOUND('',#837,.T.);
#433=FACE_OUTER_BOUND('',#838,.T.);
#434=FACE_OUTER_BOUND('',#839,.T.);
#435=FACE_OUTER_BOUND('',#840,.T.);
#436=FACE_OUTER_BOUND('',#841,.T.);
#437=FACE_OUTER_BOUND('',#842,.T.);
#438=FACE_OUTER_BOUND('',#843,.T.);
#439=FACE_OUTER_BOUND('',#844,.T.);
#440=FACE_OUTER_BOUND('',#845,.T.);
#441=FACE_OUTER_BOUND('',#846,.T.);
#442=FACE_OUTER_BOUND('',#847,.T.);
#443=FACE_OUTER_BOUND('',#848,.T.);
#444=FACE_OUTER_BOUND('',#849,.T.);
#445=FACE_OUTER_BOUND('',#852,.T.);
#446=FACE_OUTER_BOUND('',#853,.T.);
#447=FACE_OUTER_BOUND('',#854,.T.);
#448=FACE_OUTER_BOUND('',#855,.T.);
#449=FACE_OUTER_BOUND('',#856,.T.);
#450=FACE_OUTER_BOUND('',#857,.T.);
#451=FACE_OUTER_BOUND('',#858,.T.);
#452=FACE_OUTER_BOUND('',#859,.T.);
#453=FACE_OUTER_BOUND('',#860,.T.);
#454=FACE_OUTER_BOUND('',#861,.T.);
#455=FACE_OUTER_BOUND('',#862,.T.);
#456=FACE_OUTER_BOUND('',#863,.T.);
#457=FACE_OUTER_BOUND('',#864,.T.);
#458=FACE_OUTER_BOUND('',#865,.T.);
#459=FACE_OUTER_BOUND('',#866,.T.);
#460=FACE_OUTER_BOUND('',#867,.T.);
#461=FACE_OUTER_BOUND('',#868,.T.);
#462=FACE_OUTER_BOUND('',#869,.T.);
#463=FACE_OUTER_BOUND('',#870,.T.);
#464=FACE_OUTER_BOUND('',#871,.T.);
#465=FACE_OUTER_BOUND('',#872,.T.);
#466=FACE_OUTER_BOUND('',#873,.T.);
#467=FACE_OUTER_BOUND('',#874,.T.);
#468=FACE_OUTER_BOUND('',#875,.T.);
#469=FACE_OUTER_BOUND('',#876,.T.);
#470=FACE_OUTER_BOUND('',#877,.T.);
#471=FACE_OUTER_BOUND('',#878,.T.);
#472=FACE_OUTER_BOUND('',#879,.T.);
#473=FACE_OUTER_BOUND('',#880,.T.);
#474=FACE_OUTER_BOUND('',#881,.T.);
#475=FACE_OUTER_BOUND('',#882,.T.);
#476=FACE_OUTER_BOUND('',#883,.T.);
#477=FACE_OUTER_BOUND('',#884,.T.);
#478=FACE_OUTER_BOUND('',#885,.T.);
#479=FACE_OUTER_BOUND('',#886,.T.);
#480=FACE_OUTER_BOUND('',#887,.T.);
#481=FACE_OUTER_BOUND('',#888,.T.);
#482=FACE_OUTER_BOUND('',#889,.T.);
#483=FACE_OUTER_BOUND('',#890,.T.);
#484=FACE_OUTER_BOUND('',#892,.T.);
#485=FACE_OUTER_BOUND('',#893,.T.);
#486=FACE_OUTER_BOUND('',#894,.T.);
#487=FACE_OUTER_BOUND('',#895,.T.);
#488=FACE_OUTER_BOUND('',#896,.T.);
#489=FACE_OUTER_BOUND('',#897,.T.);
#490=FACE_OUTER_BOUND('',#898,.T.);
#491=FACE_OUTER_BOUND('',#899,.T.);
#492=FACE_OUTER_BOUND('',#900,.T.);
#493=FACE_OUTER_BOUND('',#901,.T.);
#494=FACE_OUTER_BOUND('',#902,.T.);
#495=FACE_OUTER_BOUND('',#903,.T.);
#496=FACE_OUTER_BOUND('',#904,.T.);
#497=FACE_OUTER_BOUND('',#905,.T.);
#498=FACE_OUTER_BOUND('',#906,.T.);
#499=FACE_OUTER_BOUND('',#907,.T.);
#500=FACE_OUTER_BOUND('',#908,.T.);
#501=FACE_OUTER_BOUND('',#909,.T.);
#502=FACE_OUTER_BOUND('',#910,.T.);
#503=FACE_OUTER_BOUND('',#911,.T.);
#504=FACE_OUTER_BOUND('',#912,.T.);
#505=FACE_OUTER_BOUND('',#913,.T.);
#506=FACE_OUTER_BOUND('',#914,.T.);
#507=FACE_OUTER_BOUND('',#915,.T.);
#508=FACE_OUTER_BOUND('',#916,.T.);
#509=FACE_OUTER_BOUND('',#917,.T.);
#510=FACE_OUTER_BOUND('',#918,.T.);
#511=FACE_OUTER_BOUND('',#919,.T.);
#512=FACE_OUTER_BOUND('',#920,.T.);
#513=FACE_OUTER_BOUND('',#921,.T.);
#514=FACE_OUTER_BOUND('',#922,.T.);
#515=FACE_OUTER_BOUND('',#923,.T.);
#516=FACE_OUTER_BOUND('',#952,.T.);
#517=FACE_OUTER_BOUND('',#953,.T.);
#518=FACE_OUTER_BOUND('',#954,.T.);
#519=FACE_OUTER_BOUND('',#955,.T.);
#520=FACE_OUTER_BOUND('',#956,.T.);
#521=FACE_OUTER_BOUND('',#957,.T.);
#522=FACE_OUTER_BOUND('',#958,.T.);
#523=FACE_OUTER_BOUND('',#959,.T.);
#524=FACE_OUTER_BOUND('',#960,.T.);
#525=FACE_OUTER_BOUND('',#961,.T.);
#526=FACE_OUTER_BOUND('',#962,.T.);
#527=FACE_OUTER_BOUND('',#963,.T.);
#528=FACE_OUTER_BOUND('',#964,.T.);
#529=FACE_OUTER_BOUND('',#965,.T.);
#530=FACE_OUTER_BOUND('',#966,.T.);
#531=FACE_OUTER_BOUND('',#967,.T.);
#532=FACE_OUTER_BOUND('',#968,.T.);
#533=FACE_OUTER_BOUND('',#969,.T.);
#534=FACE_OUTER_BOUND('',#970,.T.);
#535=FACE_OUTER_BOUND('',#971,.T.);
#536=FACE_OUTER_BOUND('',#972,.T.);
#537=FACE_OUTER_BOUND('',#973,.T.);
#538=FACE_OUTER_BOUND('',#974,.T.);
#539=FACE_OUTER_BOUND('',#975,.T.);
#540=FACE_OUTER_BOUND('',#976,.T.);
#541=FACE_OUTER_BOUND('',#977,.T.);
#542=FACE_OUTER_BOUND('',#978,.T.);
#543=FACE_OUTER_BOUND('',#979,.T.);
#544=FACE_OUTER_BOUND('',#980,.T.);
#545=FACE_OUTER_BOUND('',#981,.T.);
#546=FACE_OUTER_BOUND('',#982,.T.);
#547=FACE_OUTER_BOUND('',#983,.T.);
#548=FACE_OUTER_BOUND('',#984,.T.);
#549=FACE_OUTER_BOUND('',#985,.T.);
#550=FACE_OUTER_BOUND('',#986,.T.);
#551=FACE_OUTER_BOUND('',#987,.T.);
#552=FACE_OUTER_BOUND('',#988,.T.);
#553=FACE_OUTER_BOUND('',#989,.T.);
#554=FACE_OUTER_BOUND('',#990,.T.);
#555=FACE_OUTER_BOUND('',#991,.T.);
#556=FACE_OUTER_BOUND('',#992,.T.);
#557=FACE_OUTER_BOUND('',#993,.T.);
#558=FACE_OUTER_BOUND('',#994,.T.);
#559=FACE_OUTER_BOUND('',#995,.T.);
#560=FACE_OUTER_BOUND('',#996,.T.);
#561=FACE_OUTER_BOUND('',#997,.T.);
#562=FACE_OUTER_BOUND('',#998,.T.);
#563=FACE_OUTER_BOUND('',#999,.T.);
#564=FACE_OUTER_BOUND('',#1000,.T.);
#565=FACE_OUTER_BOUND('',#1001,.T.);
#566=FACE_OUTER_BOUND('',#1002,.T.);
#567=FACE_OUTER_BOUND('',#1003,.T.);
#568=FACE_OUTER_BOUND('',#1004,.T.);
#569=FACE_OUTER_BOUND('',#1005,.T.);
#570=FACE_OUTER_BOUND('',#1006,.T.);
#571=FACE_OUTER_BOUND('',#1007,.T.);
#572=FACE_OUTER_BOUND('',#1008,.T.);
#573=FACE_OUTER_BOUND('',#1009,.T.);
#574=FACE_OUTER_BOUND('',#1010,.T.);
#575=FACE_OUTER_BOUND('',#1011,.T.);
#576=FACE_OUTER_BOUND('',#1012,.T.);
#577=FACE_OUTER_BOUND('',#1013,.T.);
#578=FACE_OUTER_BOUND('',#1014,.T.);
#579=FACE_OUTER_BOUND('',#1015,.T.);
#580=FACE_OUTER_BOUND('',#1016,.T.);
#581=FACE_OUTER_BOUND('',#1017,.T.);
#582=FACE_OUTER_BOUND('',#1018,.T.);
#583=FACE_OUTER_BOUND('',#1019,.T.);
#584=FACE_OUTER_BOUND('',#1020,.T.);
#585=FACE_OUTER_BOUND('',#1021,.T.);
#586=FACE_OUTER_BOUND('',#1022,.T.);
#587=FACE_OUTER_BOUND('',#1023,.T.);
#588=FACE_OUTER_BOUND('',#1024,.T.);
#589=FACE_OUTER_BOUND('',#1025,.T.);
#590=FACE_OUTER_BOUND('',#1026,.T.);
#591=FACE_OUTER_BOUND('',#1027,.T.);
#592=FACE_OUTER_BOUND('',#1028,.T.);
#593=FACE_OUTER_BOUND('',#1029,.T.);
#594=FACE_OUTER_BOUND('',#1030,.T.);
#595=FACE_OUTER_BOUND('',#1031,.T.);
#596=FACE_OUTER_BOUND('',#1032,.T.);
#597=FACE_OUTER_BOUND('',#1033,.T.);
#598=FACE_OUTER_BOUND('',#1034,.T.);
#599=FACE_OUTER_BOUND('',#1035,.T.);
#600=FACE_OUTER_BOUND('',#1036,.T.);
#601=FACE_OUTER_BOUND('',#1037,.T.);
#602=FACE_OUTER_BOUND('',#1038,.T.);
#603=FACE_OUTER_BOUND('',#1039,.T.);
#604=FACE_OUTER_BOUND('',#1040,.T.);
#605=FACE_OUTER_BOUND('',#1041,.T.);
#606=FACE_OUTER_BOUND('',#1043,.T.);
#607=FACE_OUTER_BOUND('',#1044,.T.);
#608=FACE_OUTER_BOUND('',#1045,.T.);
#609=FACE_OUTER_BOUND('',#1046,.T.);
#610=FACE_OUTER_BOUND('',#1047,.T.);
#611=FACE_OUTER_BOUND('',#1048,.T.);
#612=FACE_OUTER_BOUND('',#1049,.T.);
#613=FACE_OUTER_BOUND('',#1050,.T.);
#614=FACE_OUTER_BOUND('',#1051,.T.);
#615=FACE_OUTER_BOUND('',#1052,.T.);
#616=FACE_OUTER_BOUND('',#1053,.T.);
#617=FACE_OUTER_BOUND('',#1054,.T.);
#618=FACE_OUTER_BOUND('',#1055,.T.);
#619=FACE_OUTER_BOUND('',#1056,.T.);
#620=FACE_OUTER_BOUND('',#1057,.T.);
#621=FACE_OUTER_BOUND('',#1058,.T.);
#622=FACE_OUTER_BOUND('',#1059,.T.);
#623=FACE_OUTER_BOUND('',#1060,.T.);
#624=FACE_OUTER_BOUND('',#1061,.T.);
#625=FACE_OUTER_BOUND('',#1062,.T.);
#626=FACE_OUTER_BOUND('',#1063,.T.);
#627=FACE_OUTER_BOUND('',#1067,.T.);
#628=FACE_OUTER_BOUND('',#1068,.T.);
#629=FACE_OUTER_BOUND('',#1069,.T.);
#630=FACE_OUTER_BOUND('',#1071,.T.);
#631=FACE_OUTER_BOUND('',#1072,.T.);
#632=FACE_OUTER_BOUND('',#1073,.T.);
#633=FACE_OUTER_BOUND('',#1074,.T.);
#634=FACE_OUTER_BOUND('',#1075,.T.);
#635=FACE_OUTER_BOUND('',#1076,.T.);
#636=FACE_OUTER_BOUND('',#1077,.T.);
#637=FACE_OUTER_BOUND('',#1079,.T.);
#638=FACE_OUTER_BOUND('',#1080,.T.);
#639=FACE_OUTER_BOUND('',#1081,.T.);
#640=FACE_OUTER_BOUND('',#1082,.T.);
#641=FACE_OUTER_BOUND('',#1083,.T.);
#642=FACE_OUTER_BOUND('',#1084,.T.);
#643=FACE_OUTER_BOUND('',#1085,.T.);
#644=FACE_OUTER_BOUND('',#1087,.T.);
#645=FACE_OUTER_BOUND('',#1088,.T.);
#646=FACE_OUTER_BOUND('',#1089,.T.);
#647=FACE_OUTER_BOUND('',#1090,.T.);
#648=FACE_OUTER_BOUND('',#1091,.T.);
#649=FACE_OUTER_BOUND('',#1092,.T.);
#650=FACE_OUTER_BOUND('',#1093,.T.);
#651=FACE_OUTER_BOUND('',#1094,.T.);
#652=FACE_OUTER_BOUND('',#1095,.T.);
#653=FACE_OUTER_BOUND('',#1096,.T.);
#654=FACE_OUTER_BOUND('',#1097,.T.);
#655=FACE_OUTER_BOUND('',#1098,.T.);
#656=FACE_OUTER_BOUND('',#1099,.T.);
#657=FACE_OUTER_BOUND('',#1100,.T.);
#658=FACE_OUTER_BOUND('',#1101,.T.);
#659=FACE_OUTER_BOUND('',#1102,.T.);
#660=FACE_OUTER_BOUND('',#1103,.T.);
#661=FACE_OUTER_BOUND('',#1104,.T.);
#662=FACE_OUTER_BOUND('',#1105,.T.);
#663=FACE_OUTER_BOUND('',#1106,.T.);
#664=FACE_OUTER_BOUND('',#1107,.T.);
#665=FACE_OUTER_BOUND('',#1108,.T.);
#666=FACE_OUTER_BOUND('',#1109,.T.);
#667=FACE_OUTER_BOUND('',#1110,.T.);
#668=FACE_OUTER_BOUND('',#1111,.T.);
#669=FACE_OUTER_BOUND('',#1112,.T.);
#670=FACE_OUTER_BOUND('',#1113,.T.);
#671=FACE_OUTER_BOUND('',#1114,.T.);
#672=FACE_OUTER_BOUND('',#1115,.T.);
#673=FACE_OUTER_BOUND('',#1116,.T.);
#674=FACE_OUTER_BOUND('',#1117,.T.);
#675=FACE_OUTER_BOUND('',#1118,.T.);
#676=FACE_OUTER_BOUND('',#1119,.T.);
#677=FACE_OUTER_BOUND('',#1121,.T.);
#678=FACE_OUTER_BOUND('',#1122,.T.);
#679=FACE_OUTER_BOUND('',#1123,.T.);
#680=FACE_OUTER_BOUND('',#1125,.T.);
#681=FACE_OUTER_BOUND('',#1126,.T.);
#682=FACE_OUTER_BOUND('',#1127,.T.);
#683=FACE_OUTER_BOUND('',#1128,.T.);
#684=FACE_OUTER_BOUND('',#1129,.T.);
#685=FACE_OUTER_BOUND('',#1130,.T.);
#686=FACE_OUTER_BOUND('',#1131,.T.);
#687=FACE_OUTER_BOUND('',#1132,.T.);
#688=FACE_OUTER_BOUND('',#1133,.T.);
#689=FACE_OUTER_BOUND('',#1134,.T.);
#690=FACE_OUTER_BOUND('',#1135,.T.);
#691=FACE_OUTER_BOUND('',#1136,.T.);
#692=FACE_OUTER_BOUND('',#1137,.T.);
#693=FACE_OUTER_BOUND('',#1138,.T.);
#694=FACE_OUTER_BOUND('',#1139,.T.);
#695=FACE_OUTER_BOUND('',#1141,.T.);
#696=FACE_OUTER_BOUND('',#1143,.T.);
#697=FACE_OUTER_BOUND('',#1144,.T.);
#698=FACE_OUTER_BOUND('',#1145,.T.);
#699=FACE_OUTER_BOUND('',#1146,.T.);
#700=FACE_OUTER_BOUND('',#1147,.T.);
#701=FACE_OUTER_BOUND('',#1148,.T.);
#702=FACE_OUTER_BOUND('',#1149,.T.);
#703=FACE_OUTER_BOUND('',#1150,.T.);
#704=FACE_OUTER_BOUND('',#1151,.T.);
#705=FACE_OUTER_BOUND('',#1152,.T.);
#706=FACE_OUTER_BOUND('',#1153,.T.);
#707=FACE_OUTER_BOUND('',#1154,.T.);
#708=FACE_OUTER_BOUND('',#1155,.T.);
#709=FACE_OUTER_BOUND('',#1156,.T.);
#710=FACE_OUTER_BOUND('',#1157,.T.);
#711=FACE_OUTER_BOUND('',#1158,.T.);
#712=FACE_OUTER_BOUND('',#1159,.T.);
#713=FACE_OUTER_BOUND('',#1160,.T.);
#714=EDGE_LOOP('',(#4548,#4549,#4550,#4551,#4552,#4553,#4554,#4555,#4556,
#4557));
#715=EDGE_LOOP('',(#4558,#4559,#4560,#4561));
#716=EDGE_LOOP('',(#4562,#4563,#4564,#4565));
#717=EDGE_LOOP('',(#4566,#4567,#4568,#4569));
#718=EDGE_LOOP('',(#4570,#4571,#4572,#4573));
#719=EDGE_LOOP('',(#4574,#4575,#4576,#4577));
#720=EDGE_LOOP('',(#4578,#4579,#4580,#4581));
#721=EDGE_LOOP('',(#4582,#4583,#4584,#4585));
#722=EDGE_LOOP('',(#4586,#4587,#4588,#4589));
#723=EDGE_LOOP('',(#4590,#4591,#4592,#4593));
#724=EDGE_LOOP('',(#4594,#4595,#4596,#4597));
#725=EDGE_LOOP('',(#4598,#4599,#4600,#4601));
#726=EDGE_LOOP('',(#4602,#4603,#4604,#4605));
#727=EDGE_LOOP('',(#4606,#4607,#4608,#4609));
#728=EDGE_LOOP('',(#4610,#4611,#4612,#4613));
#729=EDGE_LOOP('',(#4614,#4615,#4616,#4617));
#730=EDGE_LOOP('',(#4618,#4619,#4620,#4621));
#731=EDGE_LOOP('',(#4622,#4623,#4624,#4625));
#732=EDGE_LOOP('',(#4626,#4627,#4628,#4629));
#733=EDGE_LOOP('',(#4630,#4631,#4632,#4633));
#734=EDGE_LOOP('',(#4634,#4635,#4636,#4637));
#735=EDGE_LOOP('',(#4638,#4639,#4640,#4641,#4642,#4643,#4644,#4645,#4646,
#4647));
#736=EDGE_LOOP('',(#4648,#4649,#4650,#4651,#4652,#4653,#4654,#4655,#4656,
#4657,#4658,#4659));
#737=EDGE_LOOP('',(#4660,#4661,#4662,#4663));
#738=EDGE_LOOP('',(#4664,#4665,#4666,#4667));
#739=EDGE_LOOP('',(#4668,#4669,#4670,#4671));
#740=EDGE_LOOP('',(#4672,#4673,#4674,#4675));
#741=EDGE_LOOP('',(#4676,#4677,#4678,#4679));
#742=EDGE_LOOP('',(#4680,#4681,#4682,#4683));
#743=EDGE_LOOP('',(#4684,#4685,#4686,#4687));
#744=EDGE_LOOP('',(#4688,#4689,#4690,#4691));
#745=EDGE_LOOP('',(#4692,#4693,#4694,#4695));
#746=EDGE_LOOP('',(#4696,#4697,#4698,#4699));
#747=EDGE_LOOP('',(#4700,#4701,#4702,#4703));
#748=EDGE_LOOP('',(#4704,#4705,#4706,#4707));
#749=EDGE_LOOP('',(#4708,#4709,#4710,#4711));
#750=EDGE_LOOP('',(#4712,#4713,#4714,#4715));
#751=EDGE_LOOP('',(#4716,#4717,#4718,#4719));
#752=EDGE_LOOP('',(#4720,#4721,#4722,#4723));
#753=EDGE_LOOP('',(#4724,#4725,#4726,#4727));
#754=EDGE_LOOP('',(#4728,#4729,#4730,#4731));
#755=EDGE_LOOP('',(#4732,#4733,#4734,#4735));
#756=EDGE_LOOP('',(#4736,#4737,#4738,#4739));
#757=EDGE_LOOP('',(#4740,#4741,#4742,#4743));
#758=EDGE_LOOP('',(#4744,#4745,#4746,#4747));
#759=EDGE_LOOP('',(#4748,#4749,#4750,#4751));
#760=EDGE_LOOP('',(#4752,#4753,#4754,#4755));
#761=EDGE_LOOP('',(#4756,#4757,#4758,#4759));
#762=EDGE_LOOP('',(#4760,#4761,#4762,#4763));
#763=EDGE_LOOP('',(#4764,#4765,#4766,#4767));
#764=EDGE_LOOP('',(#4768,#4769,#4770,#4771));
#765=EDGE_LOOP('',(#4772,#4773,#4774,#4775));
#766=EDGE_LOOP('',(#4776,#4777,#4778,#4779));
#767=EDGE_LOOP('',(#4780,#4781,#4782,#4783));
#768=EDGE_LOOP('',(#4784,#4785,#4786,#4787));
#769=EDGE_LOOP('',(#4788,#4789,#4790,#4791,#4792,#4793,#4794,#4795,#4796,
#4797,#4798,#4799,#4800,#4801,#4802,#4803,#4804,#4805,#4806,#4807));
#770=EDGE_LOOP('',(#4808,#4809,#4810,#4811,#4812,#4813,#4814,#4815));
#771=EDGE_LOOP('',(#4816,#4817,#4818));
#772=EDGE_LOOP('',(#4819,#4820,#4821,#4822));
#773=EDGE_LOOP('',(#4823,#4824,#4825,#4826));
#774=EDGE_LOOP('',(#4827,#4828,#4829,#4830));
#775=EDGE_LOOP('',(#4831,#4832,#4833,#4834));
#776=EDGE_LOOP('',(#4835,#4836,#4837,#4838));
#777=EDGE_LOOP('',(#4839,#4840,#4841,#4842));
#778=EDGE_LOOP('',(#4843,#4844,#4845,#4846));
#779=EDGE_LOOP('',(#4847,#4848,#4849,#4850));
#780=EDGE_LOOP('',(#4851,#4852,#4853,#4854));
#781=EDGE_LOOP('',(#4855,#4856,#4857,#4858));
#782=EDGE_LOOP('',(#4859,#4860,#4861,#4862));
#783=EDGE_LOOP('',(#4863,#4864,#4865,#4866));
#784=EDGE_LOOP('',(#4867,#4868,#4869,#4870));
#785=EDGE_LOOP('',(#4871,#4872,#4873,#4874));
#786=EDGE_LOOP('',(#4875,#4876,#4877,#4878));
#787=EDGE_LOOP('',(#4879,#4880,#4881,#4882));
#788=EDGE_LOOP('',(#4883,#4884,#4885,#4886));
#789=EDGE_LOOP('',(#4887,#4888,#4889,#4890));
#790=EDGE_LOOP('',(#4891,#4892,#4893,#4894));
#791=EDGE_LOOP('',(#4895,#4896,#4897,#4898));
#792=EDGE_LOOP('',(#4899,#4900,#4901,#4902));
#793=EDGE_LOOP('',(#4903,#4904,#4905,#4906));
#794=EDGE_LOOP('',(#4907,#4908,#4909,#4910));
#795=EDGE_LOOP('',(#4911,#4912,#4913,#4914));
#796=EDGE_LOOP('',(#4915,#4916,#4917,#4918));
#797=EDGE_LOOP('',(#4919,#4920,#4921,#4922));
#798=EDGE_LOOP('',(#4923,#4924,#4925,#4926));
#799=EDGE_LOOP('',(#4927,#4928,#4929,#4930));
#800=EDGE_LOOP('',(#4931,#4932,#4933,#4934));
#801=EDGE_LOOP('',(#4935,#4936,#4937,#4938,#4939,#4940,#4941,#4942,#4943,
#4944,#4945));
#802=EDGE_LOOP('',(#4946,#4947,#4948,#4949,#4950,#4951,#4952));
#803=EDGE_LOOP('',(#4953,#4954,#4955,#4956,#4957,#4958));
#804=EDGE_LOOP('',(#4959,#4960,#4961,#4962));
#805=EDGE_LOOP('',(#4963,#4964,#4965,#4966));
#806=EDGE_LOOP('',(#4967,#4968,#4969,#4970));
#807=EDGE_LOOP('',(#4971,#4972,#4973,#4974));
#808=EDGE_LOOP('',(#4975,#4976,#4977,#4978));
#809=EDGE_LOOP('',(#4979,#4980,#4981,#4982));
#810=EDGE_LOOP('',(#4983,#4984,#4985,#4986));
#811=EDGE_LOOP('',(#4987,#4988,#4989,#4990));
#812=EDGE_LOOP('',(#4991,#4992,#4993,#4994));
#813=EDGE_LOOP('',(#4995,#4996,#4997,#4998));
#814=EDGE_LOOP('',(#4999,#5000,#5001,#5002));
#815=EDGE_LOOP('',(#5003,#5004,#5005,#5006));
#816=EDGE_LOOP('',(#5007,#5008,#5009,#5010));
#817=EDGE_LOOP('',(#5011,#5012,#5013,#5014));
#818=EDGE_LOOP('',(#5015,#5016,#5017,#5018));
#819=EDGE_LOOP('',(#5019,#5020,#5021,#5022));
#820=EDGE_LOOP('',(#5023,#5024,#5025,#5026));
#821=EDGE_LOOP('',(#5027,#5028,#5029,#5030));
#822=EDGE_LOOP('',(#5031,#5032,#5033,#5034,#5035,#5036,#5037,#5038,#5039,
#5040,#5041,#5042));
#823=EDGE_LOOP('',(#5043,#5044,#5045,#5046,#5047,#5048,#5049,#5050,#5051,
#5052,#5053,#5054,#5055,#5056));
#824=EDGE_LOOP('',(#5057,#5058,#5059,#5060));
#825=EDGE_LOOP('',(#5061,#5062,#5063,#5064));
#826=EDGE_LOOP('',(#5065,#5066,#5067,#5068));
#827=EDGE_LOOP('',(#5069,#5070,#5071,#5072));
#828=EDGE_LOOP('',(#5073,#5074,#5075,#5076));
#829=EDGE_LOOP('',(#5077,#5078,#5079,#5080));
#830=EDGE_LOOP('',(#5081,#5082,#5083,#5084));
#831=EDGE_LOOP('',(#5085,#5086,#5087,#5088));
#832=EDGE_LOOP('',(#5089,#5090,#5091,#5092));
#833=EDGE_LOOP('',(#5093,#5094,#5095,#5096));
#834=EDGE_LOOP('',(#5097,#5098,#5099,#5100));
#835=EDGE_LOOP('',(#5101,#5102,#5103,#5104));
#836=EDGE_LOOP('',(#5105,#5106,#5107,#5108));
#837=EDGE_LOOP('',(#5109,#5110,#5111,#5112));
#838=EDGE_LOOP('',(#5113,#5114,#5115,#5116));
#839=EDGE_LOOP('',(#5117,#5118,#5119,#5120));
#840=EDGE_LOOP('',(#5121,#5122,#5123,#5124));
#841=EDGE_LOOP('',(#5125,#5126,#5127,#5128));
#842=EDGE_LOOP('',(#5129,#5130,#5131,#5132));
#843=EDGE_LOOP('',(#5133,#5134,#5135,#5136));
#844=EDGE_LOOP('',(#5137,#5138,#5139,#5140));
#845=EDGE_LOOP('',(#5141,#5142,#5143,#5144));
#846=EDGE_LOOP('',(#5145,#5146,#5147,#5148));
#847=EDGE_LOOP('',(#5149,#5150,#5151,#5152));
#848=EDGE_LOOP('',(#5153,#5154,#5155,#5156,#5157,#5158,#5159,#5160,#5161,
#5162));
#849=EDGE_LOOP('',(#5163,#5164,#5165,#5166,#5167,#5168,#5169,#5170,#5171,
#5172));
#850=EDGE_LOOP('',(#5173,#5174,#5175,#5176,#5177,#5178,#5179));
#851=EDGE_LOOP('',(#5180,#5181,#5182,#5183,#5184,#5185,#5186));
#852=EDGE_LOOP('',(#5187,#5188,#5189,#5190));
#853=EDGE_LOOP('',(#5191,#5192,#5193,#5194));
#854=EDGE_LOOP('',(#5195,#5196,#5197,#5198));
#855=EDGE_LOOP('',(#5199,#5200,#5201,#5202));
#856=EDGE_LOOP('',(#5203,#5204,#5205,#5206));
#857=EDGE_LOOP('',(#5207,#5208,#5209,#5210));
#858=EDGE_LOOP('',(#5211,#5212,#5213,#5214));
#859=EDGE_LOOP('',(#5215,#5216,#5217,#5218));
#860=EDGE_LOOP('',(#5219,#5220,#5221,#5222));
#861=EDGE_LOOP('',(#5223,#5224,#5225,#5226));
#862=EDGE_LOOP('',(#5227,#5228,#5229,#5230));
#863=EDGE_LOOP('',(#5231,#5232,#5233,#5234));
#864=EDGE_LOOP('',(#5235,#5236,#5237,#5238));
#865=EDGE_LOOP('',(#5239,#5240,#5241,#5242));
#866=EDGE_LOOP('',(#5243,#5244,#5245,#5246));
#867=EDGE_LOOP('',(#5247,#5248,#5249,#5250));
#868=EDGE_LOOP('',(#5251,#5252,#5253,#5254));
#869=EDGE_LOOP('',(#5255,#5256,#5257,#5258));
#870=EDGE_LOOP('',(#5259,#5260,#5261,#5262));
#871=EDGE_LOOP('',(#5263,#5264,#5265,#5266));
#872=EDGE_LOOP('',(#5267,#5268,#5269,#5270));
#873=EDGE_LOOP('',(#5271,#5272,#5273,#5274));
#874=EDGE_LOOP('',(#5275,#5276,#5277,#5278));
#875=EDGE_LOOP('',(#5279,#5280,#5281,#5282));
#876=EDGE_LOOP('',(#5283,#5284,#5285,#5286));
#877=EDGE_LOOP('',(#5287,#5288,#5289,#5290));
#878=EDGE_LOOP('',(#5291,#5292,#5293,#5294));
#879=EDGE_LOOP('',(#5295,#5296,#5297,#5298));
#880=EDGE_LOOP('',(#5299,#5300,#5301,#5302));
#881=EDGE_LOOP('',(#5303,#5304,#5305,#5306));
#882=EDGE_LOOP('',(#5307,#5308,#5309,#5310));
#883=EDGE_LOOP('',(#5311,#5312,#5313,#5314));
#884=EDGE_LOOP('',(#5315,#5316,#5317,#5318));
#885=EDGE_LOOP('',(#5319,#5320,#5321,#5322));
#886=EDGE_LOOP('',(#5323,#5324,#5325,#5326));
#887=EDGE_LOOP('',(#5327,#5328,#5329,#5330));
#888=EDGE_LOOP('',(#5331,#5332,#5333,#5334));
#889=EDGE_LOOP('',(#5335,#5336,#5337,#5338,#5339,#5340,#5341,#5342,#5343,
#5344,#5345,#5346,#5347));
#890=EDGE_LOOP('',(#5348,#5349,#5350,#5351,#5352,#5353,#5354,#5355,#5356,
#5357,#5358));
#891=EDGE_LOOP('',(#5359,#5360,#5361,#5362,#5363,#5364,#5365));
#892=EDGE_LOOP('',(#5366,#5367,#5368,#5369));
#893=EDGE_LOOP('',(#5370,#5371,#5372,#5373));
#894=EDGE_LOOP('',(#5374,#5375,#5376,#5377));
#895=EDGE_LOOP('',(#5378,#5379,#5380,#5381));
#896=EDGE_LOOP('',(#5382,#5383,#5384,#5385));
#897=EDGE_LOOP('',(#5386,#5387,#5388,#5389));
#898=EDGE_LOOP('',(#5390,#5391,#5392,#5393));
#899=EDGE_LOOP('',(#5394,#5395,#5396,#5397));
#900=EDGE_LOOP('',(#5398,#5399,#5400,#5401));
#901=EDGE_LOOP('',(#5402,#5403,#5404,#5405));
#902=EDGE_LOOP('',(#5406,#5407,#5408,#5409));
#903=EDGE_LOOP('',(#5410,#5411,#5412,#5413));
#904=EDGE_LOOP('',(#5414,#5415,#5416,#5417));
#905=EDGE_LOOP('',(#5418,#5419,#5420,#5421));
#906=EDGE_LOOP('',(#5422,#5423,#5424,#5425));
#907=EDGE_LOOP('',(#5426,#5427,#5428,#5429));
#908=EDGE_LOOP('',(#5430,#5431,#5432,#5433));
#909=EDGE_LOOP('',(#5434,#5435,#5436,#5437));
#910=EDGE_LOOP('',(#5438,#5439,#5440,#5441));
#911=EDGE_LOOP('',(#5442,#5443,#5444,#5445));
#912=EDGE_LOOP('',(#5446,#5447,#5448,#5449));
#913=EDGE_LOOP('',(#5450,#5451,#5452,#5453));
#914=EDGE_LOOP('',(#5454,#5455,#5456,#5457));
#915=EDGE_LOOP('',(#5458,#5459,#5460,#5461));
#916=EDGE_LOOP('',(#5462,#5463,#5464,#5465));
#917=EDGE_LOOP('',(#5466,#5467,#5468,#5469));
#918=EDGE_LOOP('',(#5470,#5471,#5472,#5473));
#919=EDGE_LOOP('',(#5474,#5475,#5476,#5477));
#920=EDGE_LOOP('',(#5478,#5479,#5480,#5481));
#921=EDGE_LOOP('',(#5482,#5483,#5484,#5485));
#922=EDGE_LOOP('',(#5486,#5487,#5488,#5489,#5490,#5491,#5492,#5493,#5494,
#5495,#5496,#5497));
#923=EDGE_LOOP('',(#5498));
#924=EDGE_LOOP('',(#5499,#5500,#5501,#5502,#5503,#5504,#5505,#5506,#5507,
#5508));
#925=EDGE_LOOP('',(#5509,#5510,#5511,#5512,#5513,#5514,#5515,#5516,#5517,
#5518));
#926=EDGE_LOOP('',(#5519,#5520,#5521,#5522,#5523,#5524,#5525,#5526,#5527,
#5528,#5529,#5530));
#927=EDGE_LOOP('',(#5531,#5532,#5533,#5534,#5535,#5536,#5537,#5538,#5539,
#5540,#5541,#5542,#5543,#5544,#5545,#5546,#5547,#5548,#5549,#5550));
#928=EDGE_LOOP('',(#5551,#5552,#5553,#5554,#5555,#5556,#5557,#5558));
#929=EDGE_LOOP('',(#5559,#5560,#5561,#5562,#5563,#5564,#5565,#5566,#5567,
#5568,#5569));
#930=EDGE_LOOP('',(#5570,#5571,#5572,#5573,#5574,#5575));
#931=EDGE_LOOP('',(#5576,#5577,#5578,#5579,#5580,#5581,#5582,#5583,#5584,
#5585,#5586,#5587));
#932=EDGE_LOOP('',(#5588,#5589,#5590,#5591,#5592,#5593,#5594,#5595,#5596,
#5597,#5598,#5599,#5600,#5601));
#933=EDGE_LOOP('',(#5602,#5603,#5604,#5605,#5606,#5607,#5608,#5609,#5610,
#5611));
#934=EDGE_LOOP('',(#5612,#5613,#5614,#5615,#5616,#5617,#5618,#5619,#5620,
#5621));
#935=EDGE_LOOP('',(#5622,#5623,#5624,#5625,#5626,#5627,#5628,#5629,#5630,
#5631,#5632,#5633,#5634));
#936=EDGE_LOOP('',(#5635,#5636,#5637,#5638,#5639,#5640,#5641,#5642,#5643,
#5644,#5645));
#937=EDGE_LOOP('',(#5646,#5647,#5648,#5649,#5650,#5651,#5652,#5653,#5654,
#5655,#5656,#5657));
#938=EDGE_LOOP('',(#5658,#5659,#5660,#5661,#5662,#5663,#5664));
#939=EDGE_LOOP('',(#5665,#5666,#5667,#5668,#5669));
#940=EDGE_LOOP('',(#5670,#5671,#5672,#5673,#5674));
#941=EDGE_LOOP('',(#5675,#5676,#5677));
#942=EDGE_LOOP('',(#5678,#5679,#5680,#5681,#5682,#5683,#5684));
#943=EDGE_LOOP('',(#5685,#5686,#5687,#5688,#5689,#5690,#5691));
#944=EDGE_LOOP('',(#5692,#5693,#5694,#5695,#5696));
#945=EDGE_LOOP('',(#5697,#5698,#5699,#5700,#5701));
#946=EDGE_LOOP('',(#5702,#5703,#5704,#5705,#5706,#5707,#5708));
#947=EDGE_LOOP('',(#5709,#5710,#5711,#5712,#5713,#5714));
#948=EDGE_LOOP('',(#5715,#5716,#5717,#5718,#5719,#5720));
#949=EDGE_LOOP('',(#5721,#5722,#5723,#5724,#5725,#5726,#5727));
#950=EDGE_LOOP('',(#5728,#5729,#5730,#5731,#5732,#5733));
#951=EDGE_LOOP('',(#5734,#5735,#5736,#5737,#5738,#5739,#5740));
#952=EDGE_LOOP('',(#5741,#5742,#5743,#5744,#5745,#5746,#5747));
#953=EDGE_LOOP('',(#5748,#5749,#5750,#5751,#5752,#5753,#5754));
#954=EDGE_LOOP('',(#5755,#5756,#5757,#5758,#5759,#5760,#5761));
#955=EDGE_LOOP('',(#5762,#5763,#5764,#5765,#5766,#5767,#5768));
#956=EDGE_LOOP('',(#5769,#5770,#5771));
#957=EDGE_LOOP('',(#5772,#5773,#5774,#5775));
#958=EDGE_LOOP('',(#5776,#5777,#5778,#5779));
#959=EDGE_LOOP('',(#5780,#5781,#5782,#5783));
#960=EDGE_LOOP('',(#5784,#5785,#5786,#5787));
#961=EDGE_LOOP('',(#5788,#5789,#5790,#5791));
#962=EDGE_LOOP('',(#5792,#5793,#5794,#5795));
#963=EDGE_LOOP('',(#5796,#5797,#5798,#5799));
#964=EDGE_LOOP('',(#5800,#5801,#5802,#5803));
#965=EDGE_LOOP('',(#5804,#5805,#5806,#5807));
#966=EDGE_LOOP('',(#5808,#5809,#5810,#5811));
#967=EDGE_LOOP('',(#5812,#5813,#5814,#5815));
#968=EDGE_LOOP('',(#5816,#5817,#5818,#5819));
#969=EDGE_LOOP('',(#5820,#5821,#5822,#5823));
#970=EDGE_LOOP('',(#5824,#5825,#5826,#5827));
#971=EDGE_LOOP('',(#5828,#5829,#5830,#5831));
#972=EDGE_LOOP('',(#5832,#5833,#5834,#5835));
#973=EDGE_LOOP('',(#5836,#5837,#5838,#5839));
#974=EDGE_LOOP('',(#5840,#5841,#5842,#5843));
#975=EDGE_LOOP('',(#5844,#5845,#5846,#5847));
#976=EDGE_LOOP('',(#5848,#5849,#5850,#5851));
#977=EDGE_LOOP('',(#5852,#5853,#5854,#5855));
#978=EDGE_LOOP('',(#5856,#5857,#5858,#5859));
#979=EDGE_LOOP('',(#5860,#5861,#5862,#5863));
#980=EDGE_LOOP('',(#5864,#5865,#5866,#5867));
#981=EDGE_LOOP('',(#5868,#5869,#5870,#5871));
#982=EDGE_LOOP('',(#5872,#5873,#5874,#5875));
#983=EDGE_LOOP('',(#5876,#5877,#5878,#5879));
#984=EDGE_LOOP('',(#5880,#5881,#5882,#5883));
#985=EDGE_LOOP('',(#5884,#5885,#5886,#5887));
#986=EDGE_LOOP('',(#5888,#5889,#5890,#5891));
#987=EDGE_LOOP('',(#5892,#5893,#5894,#5895));
#988=EDGE_LOOP('',(#5896,#5897,#5898,#5899));
#989=EDGE_LOOP('',(#5900,#5901,#5902,#5903));
#990=EDGE_LOOP('',(#5904,#5905,#5906,#5907));
#991=EDGE_LOOP('',(#5908,#5909,#5910,#5911));
#992=EDGE_LOOP('',(#5912,#5913,#5914,#5915));
#993=EDGE_LOOP('',(#5916,#5917,#5918,#5919));
#994=EDGE_LOOP('',(#5920,#5921,#5922,#5923));
#995=EDGE_LOOP('',(#5924,#5925,#5926,#5927));
#996=EDGE_LOOP('',(#5928,#5929,#5930,#5931));
#997=EDGE_LOOP('',(#5932,#5933,#5934,#5935));
#998=EDGE_LOOP('',(#5936,#5937,#5938,#5939));
#999=EDGE_LOOP('',(#5940,#5941,#5942,#5943));
#1000=EDGE_LOOP('',(#5944,#5945,#5946,#5947));
#1001=EDGE_LOOP('',(#5948,#5949,#5950,#5951));
#1002=EDGE_LOOP('',(#5952,#5953,#5954,#5955));
#1003=EDGE_LOOP('',(#5956,#5957,#5958,#5959));
#1004=EDGE_LOOP('',(#5960,#5961,#5962,#5963));
#1005=EDGE_LOOP('',(#5964,#5965,#5966,#5967));
#1006=EDGE_LOOP('',(#5968,#5969,#5970,#5971));
#1007=EDGE_LOOP('',(#5972,#5973,#5974,#5975));
#1008=EDGE_LOOP('',(#5976,#5977,#5978,#5979));
#1009=EDGE_LOOP('',(#5980,#5981,#5982,#5983));
#1010=EDGE_LOOP('',(#5984,#5985,#5986,#5987));
#1011=EDGE_LOOP('',(#5988,#5989,#5990,#5991));
#1012=EDGE_LOOP('',(#5992,#5993,#5994,#5995));
#1013=EDGE_LOOP('',(#5996,#5997,#5998,#5999));
#1014=EDGE_LOOP('',(#6000,#6001,#6002,#6003));
#1015=EDGE_LOOP('',(#6004,#6005,#6006,#6007));
#1016=EDGE_LOOP('',(#6008,#6009,#6010,#6011));
#1017=EDGE_LOOP('',(#6012,#6013,#6014,#6015));
#1018=EDGE_LOOP('',(#6016,#6017,#6018,#6019));
#1019=EDGE_LOOP('',(#6020,#6021,#6022,#6023));
#1020=EDGE_LOOP('',(#6024,#6025,#6026,#6027));
#1021=EDGE_LOOP('',(#6028,#6029,#6030,#6031));
#1022=EDGE_LOOP('',(#6032,#6033,#6034,#6035));
#1023=EDGE_LOOP('',(#6036,#6037,#6038,#6039));
#1024=EDGE_LOOP('',(#6040,#6041,#6042,#6043));
#1025=EDGE_LOOP('',(#6044,#6045,#6046,#6047));
#1026=EDGE_LOOP('',(#6048,#6049,#6050,#6051));
#1027=EDGE_LOOP('',(#6052,#6053,#6054,#6055));
#1028=EDGE_LOOP('',(#6056,#6057,#6058,#6059));
#1029=EDGE_LOOP('',(#6060,#6061,#6062,#6063));
#1030=EDGE_LOOP('',(#6064,#6065,#6066,#6067));
#1031=EDGE_LOOP('',(#6068,#6069,#6070,#6071));
#1032=EDGE_LOOP('',(#6072,#6073,#6074,#6075));
#1033=EDGE_LOOP('',(#6076,#6077,#6078,#6079));
#1034=EDGE_LOOP('',(#6080,#6081,#6082,#6083));
#1035=EDGE_LOOP('',(#6084,#6085,#6086,#6087));
#1036=EDGE_LOOP('',(#6088,#6089,#6090,#6091));
#1037=EDGE_LOOP('',(#6092,#6093,#6094,#6095));
#1038=EDGE_LOOP('',(#6096,#6097,#6098,#6099));
#1039=EDGE_LOOP('',(#6100,#6101,#6102,#6103));
#1040=EDGE_LOOP('',(#6104,#6105,#6106,#6107));
#1041=EDGE_LOOP('',(#6108));
#1042=EDGE_LOOP('',(#6109));
#1043=EDGE_LOOP('',(#6110,#6111,#6112,#6113,#6114,#6115,#6116));
#1044=EDGE_LOOP('',(#6117,#6118,#6119,#6120,#6121,#6122));
#1045=EDGE_LOOP('',(#6123,#6124,#6125,#6126,#6127,#6128,#6129));
#1046=EDGE_LOOP('',(#6130,#6131,#6132,#6133,#6134,#6135));
#1047=EDGE_LOOP('',(#6136,#6137,#6138,#6139,#6140,#6141));
#1048=EDGE_LOOP('',(#6142,#6143,#6144,#6145,#6146,#6147,#6148));
#1049=EDGE_LOOP('',(#6149,#6150,#6151,#6152,#6153));
#1050=EDGE_LOOP('',(#6154,#6155,#6156,#6157,#6158));
#1051=EDGE_LOOP('',(#6159,#6160,#6161,#6162,#6163,#6164,#6165));
#1052=EDGE_LOOP('',(#6166,#6167,#6168,#6169,#6170,#6171,#6172));
#1053=EDGE_LOOP('',(#6173,#6174,#6175));
#1054=EDGE_LOOP('',(#6176,#6177,#6178,#6179,#6180));
#1055=EDGE_LOOP('',(#6181,#6182,#6183,#6184,#6185));
#1056=EDGE_LOOP('',(#6186,#6187,#6188,#6189));
#1057=EDGE_LOOP('',(#6190,#6191,#6192,#6193,#6194,#6195,#6196,#6197,#6198,
#6199,#6200,#6201,#6202,#6203,#6204,#6205));
#1058=EDGE_LOOP('',(#6206,#6207,#6208,#6209,#6210,#6211,#6212));
#1059=EDGE_LOOP('',(#6213,#6214,#6215,#6216));
#1060=EDGE_LOOP('',(#6217,#6218,#6219,#6220));
#1061=EDGE_LOOP('',(#6221,#6222,#6223,#6224));
#1062=EDGE_LOOP('',(#6225,#6226,#6227,#6228));
#1063=EDGE_LOOP('',(#6229,#6230,#6231,#6232,#6233,#6234,#6235,#6236,#6237,
#6238,#6239,#6240,#6241,#6242,#6243,#6244));
#1064=EDGE_LOOP('',(#6245));
#1065=EDGE_LOOP('',(#6246));
#1066=EDGE_LOOP('',(#6247));
#1067=EDGE_LOOP('',(#6248,#6249,#6250,#6251));
#1068=EDGE_LOOP('',(#6252,#6253,#6254,#6255));
#1069=EDGE_LOOP('',(#6256));
#1070=EDGE_LOOP('',(#6257));
#1071=EDGE_LOOP('',(#6258,#6259,#6260,#6261));
#1072=EDGE_LOOP('',(#6262,#6263,#6264,#6265));
#1073=EDGE_LOOP('',(#6266,#6267,#6268,#6269));
#1074=EDGE_LOOP('',(#6270,#6271,#6272,#6273));
#1075=EDGE_LOOP('',(#6274,#6275,#6276,#6277));
#1076=EDGE_LOOP('',(#6278,#6279,#6280,#6281));
#1077=EDGE_LOOP('',(#6282,#6283,#6284,#6285,#6286,#6287,#6288));
#1078=EDGE_LOOP('',(#6289));
#1079=EDGE_LOOP('',(#6290,#6291,#6292,#6293));
#1080=EDGE_LOOP('',(#6294,#6295,#6296,#6297));
#1081=EDGE_LOOP('',(#6298,#6299,#6300,#6301));
#1082=EDGE_LOOP('',(#6302,#6303,#6304,#6305));
#1083=EDGE_LOOP('',(#6306,#6307,#6308,#6309));
#1084=EDGE_LOOP('',(#6310,#6311,#6312,#6313));
#1085=EDGE_LOOP('',(#6314,#6315,#6316,#6317,#6318,#6319));
#1086=EDGE_LOOP('',(#6320));
#1087=EDGE_LOOP('',(#6321));
#1088=EDGE_LOOP('',(#6322,#6323,#6324,#6325));
#1089=EDGE_LOOP('',(#6326,#6327,#6328,#6329));
#1090=EDGE_LOOP('',(#6330,#6331,#6332,#6333));
#1091=EDGE_LOOP('',(#6334,#6335,#6336,#6337));
#1092=EDGE_LOOP('',(#6338,#6339,#6340,#6341));
#1093=EDGE_LOOP('',(#6342,#6343,#6344,#6345));
#1094=EDGE_LOOP('',(#6346,#6347,#6348,#6349));
#1095=EDGE_LOOP('',(#6350,#6351,#6352,#6353));
#1096=EDGE_LOOP('',(#6354,#6355,#6356,#6357));
#1097=EDGE_LOOP('',(#6358,#6359,#6360,#6361));
#1098=EDGE_LOOP('',(#6362,#6363,#6364,#6365));
#1099=EDGE_LOOP('',(#6366,#6367,#6368,#6369,#6370,#6371,#6372,#6373,#6374,
#6375,#6376,#6377,#6378,#6379,#6380,#6381,#6382,#6383,#6384,#6385,#6386,
#6387,#6388,#6389));
#1100=EDGE_LOOP('',(#6390,#6391,#6392,#6393));
#1101=EDGE_LOOP('',(#6394,#6395,#6396,#6397));
#1102=EDGE_LOOP('',(#6398,#6399,#6400,#6401,#6402,#6403,#6404,#6405));
#1103=EDGE_LOOP('',(#6406,#6407,#6408,#6409));
#1104=EDGE_LOOP('',(#6410,#6411,#6412,#6413));
#1105=EDGE_LOOP('',(#6414,#6415,#6416,#6417));
#1106=EDGE_LOOP('',(#6418,#6419,#6420,#6421));
#1107=EDGE_LOOP('',(#6422,#6423,#6424,#6425));
#1108=EDGE_LOOP('',(#6426,#6427,#6428,#6429));
#1109=EDGE_LOOP('',(#6430,#6431,#6432,#6433,#6434,#6435));
#1110=EDGE_LOOP('',(#6436,#6437,#6438,#6439,#6440,#6441,#6442,#6443,#6444,
#6445,#6446,#6447));
#1111=EDGE_LOOP('',(#6448,#6449,#6450,#6451));
#1112=EDGE_LOOP('',(#6452,#6453,#6454,#6455,#6456,#6457,#6458,#6459));
#1113=EDGE_LOOP('',(#6460,#6461,#6462,#6463));
#1114=EDGE_LOOP('',(#6464,#6465,#6466,#6467,#6468,#6469,#6470,#6471));
#1115=EDGE_LOOP('',(#6472,#6473,#6474,#6475));
#1116=EDGE_LOOP('',(#6476,#6477,#6478,#6479));
#1117=EDGE_LOOP('',(#6480,#6481,#6482,#6483,#6484,#6485,#6486,#6487,#6488,
#6489,#6490,#6491));
#1118=EDGE_LOOP('',(#6492,#6493,#6494,#6495));
#1119=EDGE_LOOP('',(#6496,#6497,#6498,#6499));
#1120=EDGE_LOOP('',(#6500,#6501,#6502,#6503));
#1121=EDGE_LOOP('',(#6504,#6505,#6506,#6507));
#1122=EDGE_LOOP('',(#6508,#6509,#6510,#6511,#6512,#6513));
#1123=EDGE_LOOP('',(#6514,#6515,#6516,#6517));
#1124=EDGE_LOOP('',(#6518,#6519,#6520,#6521));
#1125=EDGE_LOOP('',(#6522,#6523,#6524,#6525,#6526,#6527));
#1126=EDGE_LOOP('',(#6528,#6529,#6530,#6531));
#1127=EDGE_LOOP('',(#6532,#6533,#6534,#6535,#6536,#6537));
#1128=EDGE_LOOP('',(#6538,#6539,#6540,#6541));
#1129=EDGE_LOOP('',(#6542,#6543,#6544,#6545,#6546,#6547));
#1130=EDGE_LOOP('',(#6548,#6549,#6550,#6551,#6552,#6553,#6554,#6555,#6556,
#6557,#6558));
#1131=EDGE_LOOP('',(#6559,#6560,#6561,#6562));
#1132=EDGE_LOOP('',(#6563,#6564,#6565,#6566,#6567,#6568));
#1133=EDGE_LOOP('',(#6569));
#1134=EDGE_LOOP('',(#6570,#6571,#6572,#6573));
#1135=EDGE_LOOP('',(#6574,#6575));
#1136=EDGE_LOOP('',(#6576,#6577));
#1137=EDGE_LOOP('',(#6578,#6579,#6580,#6581));
#1138=EDGE_LOOP('',(#6582,#6583,#6584,#6585));
#1139=EDGE_LOOP('',(#6586));
#1140=EDGE_LOOP('',(#6587));
#1141=EDGE_LOOP('',(#6588));
#1142=EDGE_LOOP('',(#6589));
#1143=EDGE_LOOP('',(#6590));
#1144=EDGE_LOOP('',(#6591,#6592,#6593,#6594));
#1145=EDGE_LOOP('',(#6595));
#1146=EDGE_LOOP('',(#6596));
#1147=EDGE_LOOP('',(#6597,#6598,#6599,#6600));
#1148=EDGE_LOOP('',(#6601));
#1149=EDGE_LOOP('',(#6602));
#1150=EDGE_LOOP('',(#6603,#6604,#6605,#6606));
#1151=EDGE_LOOP('',(#6607));
#1152=EDGE_LOOP('',(#6608));
#1153=EDGE_LOOP('',(#6609,#6610,#6611,#6612));
#1154=EDGE_LOOP('',(#6613));
#1155=EDGE_LOOP('',(#6614));
#1156=EDGE_LOOP('',(#6615,#6616,#6617,#6618));
#1157=EDGE_LOOP('',(#6619));
#1158=EDGE_LOOP('',(#6620,#6621,#6622,#6623));
#1159=EDGE_LOOP('',(#6624));
#1160=EDGE_LOOP('',(#6625));
#1161=B_SPLINE_CURVE_WITH_KNOTS('',3,(#9118,#9119,#9120,#9121,#9122,#9123,
#9124),.UNSPECIFIED.,.F.,.F.,(4,3,4),(-0.347516049566265,-0.173758024783133,
0.),.UNSPECIFIED.);
#1162=B_SPLINE_CURVE_WITH_KNOTS('',3,(#9126,#9127,#9128,#9129,#9130,#9131,
#9132),.UNSPECIFIED.,.F.,.F.,(4,3,4),(-0.304820204658995,-0.152410102329497,
0.),.UNSPECIFIED.);
#1163=B_SPLINE_CURVE_WITH_KNOTS('',3,(#9138,#9139,#9140,#9141,#9142,#9143,
#9144),.UNSPECIFIED.,.F.,.F.,(4,3,4),(-0.126596123465564,-0.0632980617327821,
0.),.UNSPECIFIED.);
#1164=B_SPLINE_CURVE_WITH_KNOTS('',3,(#9146,#9147,#9148,#9149,#9150,#9151,
#9152),.UNSPECIFIED.,.F.,.F.,(4,3,4),(-0.167383469664467,-0.0836917348322335,
0.),.UNSPECIFIED.);
#1165=B_SPLINE_CURVE_WITH_KNOTS('',3,(#9154,#9155,#9156,#9157,#9158,#9159,
#9160),.UNSPECIFIED.,.F.,.F.,(4,3,4),(-0.176943404610248,-0.0884717023051242,
0.),.UNSPECIFIED.);
#1166=B_SPLINE_CURVE_WITH_KNOTS('',3,(#9162,#9163,#9164,#9165,#9166,#9167,
#9168),.UNSPECIFIED.,.F.,.F.,(4,3,4),(-0.106659552856365,-0.0533297764281826,
0.),.UNSPECIFIED.);
#1167=B_SPLINE_CURVE_WITH_KNOTS('',2,(#9190,#9191,#9192,#9193),
 .UNSPECIFIED.,.F.,.F.,(3,1,3),(0.,1.,2.),.UNSPECIFIED.);
#1168=B_SPLINE_CURVE_WITH_KNOTS('',2,(#9204,#9205,#9206,#9207),
 .UNSPECIFIED.,.F.,.F.,(3,1,3),(0.,1.,2.),.UNSPECIFIED.);
#1169=B_SPLINE_CURVE_WITH_KNOTS('',2,(#9226,#9227,#9228,#9229),
 .UNSPECIFIED.,.F.,.F.,(3,1,3),(0.,1.,2.),.UNSPECIFIED.);
#1170=B_SPLINE_CURVE_WITH_KNOTS('',2,(#9240,#9241,#9242,#9243),
 .UNSPECIFIED.,.F.,.F.,(3,1,3),(0.,1.,2.),.UNSPECIFIED.);
#1171=B_SPLINE_CURVE_WITH_KNOTS('',2,(#9254,#9255,#9256,#9257),
 .UNSPECIFIED.,.F.,.F.,(3,1,3),(0.,1.,2.),.UNSPECIFIED.);
#1172=B_SPLINE_CURVE_WITH_KNOTS('',2,(#9266,#9267,#9268,#9269),
 .UNSPECIFIED.,.F.,.F.,(3,1,3),(0.,1.,2.),.UNSPECIFIED.);
#1173=B_SPLINE_CURVE_WITH_KNOTS('',3,(#9280,#9281,#9282,#9283,#9284,#9285,
#9286),.UNSPECIFIED.,.F.,.F.,(4,3,4),(-0.179665881470865,-0.0898329407354326,
0.),.UNSPECIFIED.);
#1174=B_SPLINE_CURVE_WITH_KNOTS('',2,(#9290,#9291,#9292,#9293),
 .UNSPECIFIED.,.F.,.F.,(3,1,3),(0.,1.,2.),.UNSPECIFIED.);
#1175=B_SPLINE_CURVE_WITH_KNOTS('',3,(#9304,#9305,#9306,#9307,#9308,#9309,
#9310),.UNSPECIFIED.,.F.,.F.,(4,3,4),(-0.152538638490345,-0.0762693192451723,
0.),.UNSPECIFIED.);
#1176=B_SPLINE_CURVE_WITH_KNOTS('',2,(#9312,#9313,#9314,#9315),
 .UNSPECIFIED.,.F.,.F.,(3,1,3),(0.,1.,2.),.UNSPECIFIED.);
#1177=B_SPLINE_CURVE_WITH_KNOTS('',3,(#9338,#9339,#9340,#9341,#9342,#9343,
#9344),.UNSPECIFIED.,.F.,.F.,(4,3,4),(-0.340618122312065,-0.170309061156032,
0.),.UNSPECIFIED.);
#1178=B_SPLINE_CURVE_WITH_KNOTS('',2,(#9346,#9347,#9348,#9349),
 .UNSPECIFIED.,.F.,.F.,(3,1,3),(0.,1.,2.),.UNSPECIFIED.);
#1179=B_SPLINE_CURVE_WITH_KNOTS('',3,(#9360,#9361,#9362,#9363,#9364,#9365,
#9366),.UNSPECIFIED.,.F.,.F.,(4,3,4),(-0.316529430316644,-0.158264715158322,
0.),.UNSPECIFIED.);
#1180=B_SPLINE_CURVE_WITH_KNOTS('',2,(#9368,#9369,#9370,#9371),
 .UNSPECIFIED.,.F.,.F.,(3,1,3),(0.,1.,2.),.UNSPECIFIED.);
#1181=B_SPLINE_CURVE_WITH_KNOTS('',3,(#9394,#9395,#9396,#9397,#9398,#9399,
#9400),.UNSPECIFIED.,.F.,.F.,(4,3,4),(-0.121759316799012,-0.0608796583995062,
0.),.UNSPECIFIED.);
#1182=B_SPLINE_CURVE_WITH_KNOTS('',2,(#9402,#9403,#9404,#9405),
 .UNSPECIFIED.,.F.,.F.,(3,1,3),(0.,1.,2.),.UNSPECIFIED.);
#1183=B_SPLINE_CURVE_WITH_KNOTS('',3,(#9415,#9416,#9417,#9418,#9419,#9420),
 .UNSPECIFIED.,.F.,.F.,(4,2,4),(-0.183898634486213,-0.0622518786788065,
0.),.UNSPECIFIED.);
#1184=B_SPLINE_CURVE_WITH_KNOTS('',2,(#9421,#9422,#9423,#9424),
 .UNSPECIFIED.,.F.,.F.,(3,1,3),(0.,1.,2.),.UNSPECIFIED.);
#1185=B_SPLINE_CURVE_WITH_KNOTS('',3,(#9517,#9518,#9519,#9520,#9521,#9522,
#9523),.UNSPECIFIED.,.F.,.F.,(4,3,4),(-0.0934869142025855,-0.0467434571012928,
0.),.UNSPECIFIED.);
#1186=B_SPLINE_CURVE_WITH_KNOTS('',2,(#9525,#9526,#9527,#9528),
 .UNSPECIFIED.,.F.,.F.,(3,1,3),(0.,1.,2.),.UNSPECIFIED.);
#1187=B_SPLINE_CURVE_WITH_KNOTS('',3,(#9539,#9540,#9541,#9542,#9543,#9544,
#9545),.UNSPECIFIED.,.F.,.F.,(4,3,4),(-0.140569929125622,-0.0702849645628111,
0.),.UNSPECIFIED.);
#1188=B_SPLINE_CURVE_WITH_KNOTS('',2,(#9547,#9548,#9549,#9550),
 .UNSPECIFIED.,.F.,.F.,(3,1,3),(0.,1.,2.),.UNSPECIFIED.);
#1189=B_SPLINE_CURVE_WITH_KNOTS('',3,(#9561,#9562,#9563,#9564,#9565,#9566,
#9567),.UNSPECIFIED.,.F.,.F.,(4,3,4),(-0.027911496502733,-0.0139557482513665,
0.),.UNSPECIFIED.);
#1190=B_SPLINE_CURVE_WITH_KNOTS('',2,(#9569,#9570,#9571,#9572),
 .UNSPECIFIED.,.F.,.F.,(3,1,3),(0.,1.,2.),.UNSPECIFIED.);
#1191=B_SPLINE_CURVE_WITH_KNOTS('',3,(#9583,#9584,#9585,#9586,#9587,#9588,
#9589),.UNSPECIFIED.,.F.,.F.,(4,3,4),(-0.0769453279152909,-0.0384726639576454,
0.),.UNSPECIFIED.);
#1192=B_SPLINE_CURVE_WITH_KNOTS('',2,(#9591,#9592,#9593,#9594),
 .UNSPECIFIED.,.F.,.F.,(3,1,3),(0.,1.,2.),.UNSPECIFIED.);
#1193=B_SPLINE_CURVE_WITH_KNOTS('',3,(#9605,#9606,#9607,#9608,#9609,#9610,
#9611),.UNSPECIFIED.,.F.,.F.,(4,3,4),(-0.0300577751485702,-0.0150288875742851,
0.),.UNSPECIFIED.);
#1194=B_SPLINE_CURVE_WITH_KNOTS('',2,(#9613,#9614,#9615,#9616),
 .UNSPECIFIED.,.F.,.F.,(3,1,3),(0.,1.,2.),.UNSPECIFIED.);
#1195=B_SPLINE_CURVE_WITH_KNOTS('',3,(#9627,#9628,#9629,#9630,#9631,#9632,
#9633),.UNSPECIFIED.,.F.,.F.,(4,3,4),(-0.0276720907315268,-0.0138360453657634,
0.),.UNSPECIFIED.);
#1196=B_SPLINE_CURVE_WITH_KNOTS('',2,(#9635,#9636,#9637,#9638),
 .UNSPECIFIED.,.F.,.F.,(3,1,3),(0.,1.,2.),.UNSPECIFIED.);
#1197=B_SPLINE_CURVE_WITH_KNOTS('',3,(#9649,#9650,#9651,#9652,#9653,#9654,
#9655),.UNSPECIFIED.,.F.,.F.,(4,3,4),(-0.0825508391533968,-0.0412754195766984,
0.),.UNSPECIFIED.);
#1198=B_SPLINE_CURVE_WITH_KNOTS('',2,(#9657,#9658,#9659,#9660),
 .UNSPECIFIED.,.F.,.F.,(3,1,3),(0.,1.,2.),.UNSPECIFIED.);
#1199=B_SPLINE_CURVE_WITH_KNOTS('',3,(#9671,#9672,#9673,#9674,#9675,#9676,
#9677),.UNSPECIFIED.,.F.,.F.,(4,3,4),(-0.0553693959204918,-0.0276846979602459,
0.),.UNSPECIFIED.);
#1200=B_SPLINE_CURVE_WITH_KNOTS('',2,(#9679,#9680,#9681,#9682),
 .UNSPECIFIED.,.F.,.F.,(3,1,3),(0.,1.,2.),.UNSPECIFIED.);
#1201=B_SPLINE_CURVE_WITH_KNOTS('',3,(#9705,#9706,#9707,#9708,#9709,#9710,
#9711),.UNSPECIFIED.,.F.,.F.,(4,3,4),(-0.186978682030568,-0.0934893410152838,
0.),.UNSPECIFIED.);
#1202=B_SPLINE_CURVE_WITH_KNOTS('',2,(#9713,#9714,#9715,#9716),
 .UNSPECIFIED.,.F.,.F.,(3,1,3),(0.,1.,2.),.UNSPECIFIED.);
#1203=B_SPLINE_CURVE_WITH_KNOTS('',3,(#9727,#9728,#9729,#9730,#9731,#9732,
#9733),.UNSPECIFIED.,.F.,.F.,(4,3,4),(-0.126316412906326,-0.0631582064531628,
0.),.UNSPECIFIED.);
#1204=B_SPLINE_CURVE_WITH_KNOTS('',2,(#9735,#9736,#9737,#9738),
 .UNSPECIFIED.,.F.,.F.,(3,1,3),(0.,1.,2.),.UNSPECIFIED.);
#1205=B_SPLINE_CURVE_WITH_KNOTS('',3,(#9749,#9750,#9751,#9752,#9753,#9754,
#9755),.UNSPECIFIED.,.F.,.F.,(4,3,4),(-0.0489753088356293,-0.0244876544178147,
0.),.UNSPECIFIED.);
#1206=B_SPLINE_CURVE_WITH_KNOTS('',2,(#9757,#9758,#9759,#9760),
 .UNSPECIFIED.,.F.,.F.,(3,1,3),(0.,1.,2.),.UNSPECIFIED.);
#1207=B_SPLINE_CURVE_WITH_KNOTS('',3,(#9771,#9772,#9773,#9774,#9775,#9776,
#9777),.UNSPECIFIED.,.F.,.F.,(4,3,4),(-0.0643285401813063,-0.0321642700906531,
0.),.UNSPECIFIED.);
#1208=B_SPLINE_CURVE_WITH_KNOTS('',2,(#9779,#9780,#9781,#9782),
 .UNSPECIFIED.,.F.,.F.,(3,1,3),(0.,1.,2.),.UNSPECIFIED.);
#1209=B_SPLINE_CURVE_WITH_KNOTS('',3,(#9793,#9794,#9795,#9796,#9797,#9798,
#9799),.UNSPECIFIED.,.F.,.F.,(4,3,4),(-0.0863841864076186,-0.0431920932038093,
0.),.UNSPECIFIED.);
#1210=B_SPLINE_CURVE_WITH_KNOTS('',2,(#9801,#9802,#9803,#9804),
 .UNSPECIFIED.,.F.,.F.,(3,1,3),(0.,1.,2.),.UNSPECIFIED.);
#1211=B_SPLINE_CURVE_WITH_KNOTS('',3,(#9815,#9816,#9817,#9818,#9819,#9820,
#9821),.UNSPECIFIED.,.F.,.F.,(4,3,4),(-0.0411250473564352,-0.0205625236782176,
0.),.UNSPECIFIED.);
#1212=B_SPLINE_CURVE_WITH_KNOTS('',2,(#9823,#9824,#9825,#9826),
 .UNSPECIFIED.,.F.,.F.,(3,1,3),(0.,1.,2.),.UNSPECIFIED.);
#1213=B_SPLINE_CURVE_WITH_KNOTS('',3,(#9837,#9838,#9839,#9840,#9841,#9842,
#9843),.UNSPECIFIED.,.F.,.F.,(4,3,4),(-0.0550749879252646,-0.0275374939626323,
0.),.UNSPECIFIED.);
#1214=B_SPLINE_CURVE_WITH_KNOTS('',2,(#9845,#9846,#9847,#9848),
 .UNSPECIFIED.,.F.,.F.,(3,1,3),(0.,1.,2.),.UNSPECIFIED.);
#1215=B_SPLINE_CURVE_WITH_KNOTS('',3,(#9859,#9860,#9861,#9862,#9863,#9864,
#9865),.UNSPECIFIED.,.F.,.F.,(4,3,4),(-0.0337808651295769,-0.0168904325647884,
0.),.UNSPECIFIED.);
#1216=B_SPLINE_CURVE_WITH_KNOTS('',2,(#9867,#9868,#9869,#9870),
 .UNSPECIFIED.,.F.,.F.,(3,1,3),(0.,1.,2.),.UNSPECIFIED.);
#1217=B_SPLINE_CURVE_WITH_KNOTS('',3,(#9986,#9987,#9988,#9989,#9990,#9991,
#9992),.UNSPECIFIED.,.F.,.F.,(4,3,4),(-0.0229324481229104,-0.0114662240614552,
0.),.UNSPECIFIED.);
#1218=B_SPLINE_CURVE_WITH_KNOTS('',2,(#9996,#9997,#9998,#9999),
 .UNSPECIFIED.,.F.,.F.,(3,1,3),(0.,1.,2.),.UNSPECIFIED.);
#1219=B_SPLINE_CURVE_WITH_KNOTS('',3,(#10010,#10011,#10012,#10013,#10014,
#10015,#10016),.UNSPECIFIED.,.F.,.F.,(4,3,4),(-0.0164081447274479,-0.00820407236372394,
0.),.UNSPECIFIED.);
#1220=B_SPLINE_CURVE_WITH_KNOTS('',2,(#10019,#10020,#10021,#10022),
 .UNSPECIFIED.,.F.,.F.,(3,1,3),(0.,1.,2.),.UNSPECIFIED.);
#1221=B_SPLINE_CURVE_WITH_KNOTS('',3,(#10056,#10057,#10058,#10059,#10060,
#10061,#10062),.UNSPECIFIED.,.F.,.F.,(4,3,4),(-0.0960988723237018,-0.0480494361618509,
0.),.UNSPECIFIED.);
#1222=B_SPLINE_CURVE_WITH_KNOTS('',2,(#10064,#10065,#10066,#10067),
 .UNSPECIFIED.,.F.,.F.,(3,1,3),(0.,1.,2.),.UNSPECIFIED.);
#1223=B_SPLINE_CURVE_WITH_KNOTS('',3,(#10078,#10079,#10080,#10081,#10082,
#10083,#10084),.UNSPECIFIED.,.F.,.F.,(4,3,4),(-0.0316674295205063,-0.0158337147602531,
0.),.UNSPECIFIED.);
#1224=B_SPLINE_CURVE_WITH_KNOTS('',2,(#10086,#10087,#10088,#10089),
 .UNSPECIFIED.,.F.,.F.,(3,1,3),(0.,1.,2.),.UNSPECIFIED.);
#1225=B_SPLINE_CURVE_WITH_KNOTS('',3,(#10099,#10100,#10101,#10102,#10103,
#10104,#10105),.UNSPECIFIED.,.F.,.F.,(4,3,4),(-0.0446655782271904,-0.0223327891135952,
0.),.UNSPECIFIED.);
#1226=B_SPLINE_CURVE_WITH_KNOTS('',2,(#10106,#10107,#10108,#10109),
 .UNSPECIFIED.,.F.,.F.,(3,1,3),(0.,1.,2.),.UNSPECIFIED.);
#1227=B_SPLINE_CURVE_WITH_KNOTS('',3,(#10119,#10120,#10121,#10122,#10123,
#10124,#10125),.UNSPECIFIED.,.F.,.F.,(4,3,4),(-0.0289561799268493,-0.0144780899634247,
0.),.UNSPECIFIED.);
#1228=B_SPLINE_CURVE_WITH_KNOTS('',2,(#10127,#10128,#10129,#10130),
 .UNSPECIFIED.,.F.,.F.,(3,1,3),(0.,1.,2.),.UNSPECIFIED.);
#1229=B_SPLINE_CURVE_WITH_KNOTS('',3,(#10141,#10142,#10143,#10144,#10145,
#10146,#10147),.UNSPECIFIED.,.F.,.F.,(4,3,4),(-0.0258769859335613,-0.0129384929667807,
0.),.UNSPECIFIED.);
#1230=B_SPLINE_CURVE_WITH_KNOTS('',2,(#10149,#10150,#10151,#10152),
 .UNSPECIFIED.,.F.,.F.,(3,1,3),(0.,1.,2.),.UNSPECIFIED.);
#1231=B_SPLINE_CURVE_WITH_KNOTS('',3,(#10277,#10278,#10279,#10280,#10281,
#10282,#10283),.UNSPECIFIED.,.F.,.F.,(4,3,4),(-0.0498456415612344,-0.0249228207806172,
0.),.UNSPECIFIED.);
#1232=B_SPLINE_CURVE_WITH_KNOTS('',3,(#10285,#10286,#10287,#10288,#10289,
#10290,#10291),.UNSPECIFIED.,.F.,.F.,(4,3,4),(-0.0965833925976574,-0.0482916962988287,
0.),.UNSPECIFIED.);
#1233=B_SPLINE_CURVE_WITH_KNOTS('',3,(#10293,#10294,#10295,#10296,#10297,
#10298,#10299),.UNSPECIFIED.,.F.,.F.,(4,3,4),(-0.0883823063532704,-0.0441911531766352,
0.),.UNSPECIFIED.);
#1234=B_SPLINE_CURVE_WITH_KNOTS('',3,(#10301,#10302,#10303,#10304,#10305,
#10306,#10307),.UNSPECIFIED.,.F.,.F.,(4,3,4),(-0.154580826709589,-0.0772904133547945,
0.),.UNSPECIFIED.);
#1235=B_SPLINE_CURVE_WITH_KNOTS('',3,(#10315,#10316,#10317,#10318,#10319,
#10320,#10321),.UNSPECIFIED.,.F.,.F.,(4,3,4),(-0.0883056210244585,-0.0441528105122293,
0.),.UNSPECIFIED.);
#1236=B_SPLINE_CURVE_WITH_KNOTS('',3,(#10323,#10324,#10325,#10326,#10327,
#10328,#10329),.UNSPECIFIED.,.F.,.F.,(4,3,4),(-0.0652705755121958,-0.0326352877560979,
0.),.UNSPECIFIED.);
#1237=B_SPLINE_CURVE_WITH_KNOTS('',3,(#10331,#10332,#10333,#10334,#10335,
#10336,#10337),.UNSPECIFIED.,.F.,.F.,(4,3,4),(-0.0519991736218805,-0.0259995868109402,
0.),.UNSPECIFIED.);
#1238=B_SPLINE_CURVE_WITH_KNOTS('',3,(#10339,#10340,#10341,#10342,#10343,
#10344,#10345),.UNSPECIFIED.,.F.,.F.,(4,3,4),(-0.0904762938164296,-0.0452381469082148,
0.),.UNSPECIFIED.);
#1239=B_SPLINE_CURVE_WITH_KNOTS('',2,(#10375,#10376,#10377,#10378),
 .UNSPECIFIED.,.F.,.F.,(3,1,3),(0.,1.,2.),.UNSPECIFIED.);
#1240=B_SPLINE_CURVE_WITH_KNOTS('',2,(#10389,#10390,#10391,#10392),
 .UNSPECIFIED.,.F.,.F.,(3,1,3),(0.,1.,2.),.UNSPECIFIED.);
#1241=B_SPLINE_CURVE_WITH_KNOTS('',2,(#10403,#10404,#10405,#10406),
 .UNSPECIFIED.,.F.,.F.,(3,1,3),(0.,1.,2.),.UNSPECIFIED.);
#1242=B_SPLINE_CURVE_WITH_KNOTS('',2,(#10417,#10418,#10419,#10420),
 .UNSPECIFIED.,.F.,.F.,(3,1,3),(0.,1.,2.),.UNSPECIFIED.);
#1243=B_SPLINE_CURVE_WITH_KNOTS('',2,(#10443,#10444,#10445,#10446),
 .UNSPECIFIED.,.F.,.F.,(3,1,3),(0.,1.,2.),.UNSPECIFIED.);
#1244=B_SPLINE_CURVE_WITH_KNOTS('',2,(#10457,#10458,#10459,#10460),
 .UNSPECIFIED.,.F.,.F.,(3,1,3),(0.,1.,2.),.UNSPECIFIED.);
#1245=B_SPLINE_CURVE_WITH_KNOTS('',2,(#10471,#10472,#10473,#10474),
 .UNSPECIFIED.,.F.,.F.,(3,1,3),(0.,1.,2.),.UNSPECIFIED.);
#1246=B_SPLINE_CURVE_WITH_KNOTS('',2,(#10483,#10484,#10485,#10486),
 .UNSPECIFIED.,.F.,.F.,(3,1,3),(0.,1.,2.),.UNSPECIFIED.);
#1247=B_SPLINE_CURVE_WITH_KNOTS('',3,(#10551,#10552,#10553,#10554,#10555,
#10556,#10557),.UNSPECIFIED.,.F.,.F.,(4,3,4),(-0.098629299752214,-0.049314649876107,
0.),.UNSPECIFIED.);
#1248=B_SPLINE_CURVE_WITH_KNOTS('',3,(#10559,#10560,#10561,#10562,#10563,
#10564,#10565),.UNSPECIFIED.,.F.,.F.,(4,3,4),(-0.111313979406027,-0.0556569897030133,
0.),.UNSPECIFIED.);
#1249=B_SPLINE_CURVE_WITH_KNOTS('',3,(#10567,#10568,#10569,#10570,#10571,
#10572,#10573),.UNSPECIFIED.,.F.,.F.,(4,3,4),(-0.0424349321339169,-0.0212174660669584,
0.),.UNSPECIFIED.);
#1250=B_SPLINE_CURVE_WITH_KNOTS('',3,(#10577,#10578,#10579,#10580,#10581,
#10582,#10583),.UNSPECIFIED.,.F.,.F.,(4,3,4),(-0.0413663653843444,-0.0206831826921722,
0.),.UNSPECIFIED.);
#1251=B_SPLINE_CURVE_WITH_KNOTS('',3,(#10585,#10586,#10587,#10588,#10589,
#10590,#10591),.UNSPECIFIED.,.F.,.F.,(4,3,4),(-0.0278442465821919,-0.013922123291096,
0.),.UNSPECIFIED.);
#1252=B_SPLINE_CURVE_WITH_KNOTS('',3,(#10593,#10594,#10595,#10596,#10597,
#10598,#10599),.UNSPECIFIED.,.F.,.F.,(4,3,4),(-0.0461021451780143,-0.0230510725890072,
0.),.UNSPECIFIED.);
#1253=B_SPLINE_CURVE_WITH_KNOTS('',3,(#10607,#10608,#10609,#10610,#10611,
#10612,#10613),.UNSPECIFIED.,.F.,.F.,(4,3,4),(-0.0261346091024362,-0.0130673045512181,
0.),.UNSPECIFIED.);
#1254=B_SPLINE_CURVE_WITH_KNOTS('',3,(#10615,#10616,#10617,#10618,#10619,
#10620,#10621),.UNSPECIFIED.,.F.,.F.,(4,3,4),(-0.0330505774119778,-0.0165252887059889,
0.),.UNSPECIFIED.);
#1255=B_SPLINE_CURVE_WITH_KNOTS('',3,(#10629,#10630,#10631,#10632,#10633,
#10634,#10635),.UNSPECIFIED.,.F.,.F.,(4,3,4),(-0.0161453042729659,-0.00807265213648295,
0.),.UNSPECIFIED.);
#1256=B_SPLINE_CURVE_WITH_KNOTS('',3,(#10636,#10637,#10638,#10639,#10640,
#10641,#10642),.UNSPECIFIED.,.F.,.F.,(4,3,4),(-0.0340372479018246,-0.0170186239509123,
0.),.UNSPECIFIED.);
#1257=B_SPLINE_CURVE_WITH_KNOTS('',3,(#10645,#10646,#10647,#10648,#10649,
#10650,#10651),.UNSPECIFIED.,.F.,.F.,(4,3,4),(-0.0234673557741892,-0.0117336778870946,
0.),.UNSPECIFIED.);
#1258=B_SPLINE_CURVE_WITH_KNOTS('',3,(#10653,#10654,#10655,#10656,#10657,
#10658,#10659),.UNSPECIFIED.,.F.,.F.,(4,3,4),(-0.0269113017634314,-0.0134556508817157,
0.),.UNSPECIFIED.);
#1259=B_SPLINE_CURVE_WITH_KNOTS('',3,(#10667,#10668,#10669,#10670,#10671,
#10672,#10673),.UNSPECIFIED.,.F.,.F.,(4,3,4),(-0.0318776947985591,-0.0159388473992795,
0.),.UNSPECIFIED.);
#1260=B_SPLINE_CURVE_WITH_KNOTS('',3,(#10674,#10675,#10676,#10677,#10678,
#10679,#10680),.UNSPECIFIED.,.F.,.F.,(4,3,4),(-0.0209685577460733,-0.0104842788730366,
0.),.UNSPECIFIED.);
#1261=B_SPLINE_CURVE_WITH_KNOTS('',2,(#10701,#10702,#10703,#10704),
 .UNSPECIFIED.,.F.,.F.,(3,1,3),(0.,1.,2.),.UNSPECIFIED.);
#1262=B_SPLINE_CURVE_WITH_KNOTS('',2,(#10715,#10716,#10717,#10718),
 .UNSPECIFIED.,.F.,.F.,(3,1,3),(0.,1.,2.),.UNSPECIFIED.);
#1263=B_SPLINE_CURVE_WITH_KNOTS('',2,(#10739,#10740,#10741,#10742),
 .UNSPECIFIED.,.F.,.F.,(3,1,3),(0.,1.,2.),.UNSPECIFIED.);
#1264=B_SPLINE_CURVE_WITH_KNOTS('',2,(#10753,#10754,#10755,#10756),
 .UNSPECIFIED.,.F.,.F.,(3,1,3),(0.,1.,2.),.UNSPECIFIED.);
#1265=B_SPLINE_CURVE_WITH_KNOTS('',2,(#10768,#10769,#10770,#10771),
 .UNSPECIFIED.,.F.,.F.,(3,1,3),(0.,1.,2.),.UNSPECIFIED.);
#1266=B_SPLINE_CURVE_WITH_KNOTS('',2,(#10787,#10788,#10789,#10790),
 .UNSPECIFIED.,.F.,.F.,(3,1,3),(0.,1.,2.),.UNSPECIFIED.);
#1267=B_SPLINE_CURVE_WITH_KNOTS('',2,(#10801,#10802,#10803,#10804),
 .UNSPECIFIED.,.F.,.F.,(3,1,3),(0.,1.,2.),.UNSPECIFIED.);
#1268=B_SPLINE_CURVE_WITH_KNOTS('',2,(#10815,#10816,#10817,#10818),
 .UNSPECIFIED.,.F.,.F.,(3,1,3),(0.,1.,2.),.UNSPECIFIED.);
#1269=B_SPLINE_CURVE_WITH_KNOTS('',2,(#10832,#10833,#10834,#10835),
 .UNSPECIFIED.,.F.,.F.,(3,1,3),(0.,1.,2.),.UNSPECIFIED.);
#1270=B_SPLINE_CURVE_WITH_KNOTS('',2,(#10845,#10846,#10847,#10848),
 .UNSPECIFIED.,.F.,.F.,(3,1,3),(0.,1.,2.),.UNSPECIFIED.);
#1271=B_SPLINE_CURVE_WITH_KNOTS('',2,(#10862,#10863,#10864,#10865),
 .UNSPECIFIED.,.F.,.F.,(3,1,3),(0.,1.,2.),.UNSPECIFIED.);
#1272=B_SPLINE_CURVE_WITH_KNOTS('',2,(#10875,#10876,#10877,#10878),
 .UNSPECIFIED.,.F.,.F.,(3,1,3),(0.,1.,2.),.UNSPECIFIED.);
#1273=B_SPLINE_CURVE_WITH_KNOTS('',2,(#10901,#10902,#10903,#10904),
 .UNSPECIFIED.,.F.,.F.,(3,1,3),(0.,1.,2.),.UNSPECIFIED.);
#1274=B_SPLINE_CURVE_WITH_KNOTS('',2,(#10913,#10914,#10915,#10916),
 .UNSPECIFIED.,.F.,.F.,(3,1,3),(0.,1.,2.),.UNSPECIFIED.);
#1275=B_SPLINE_CURVE_WITH_KNOTS('',3,(#11005,#11006,#11007,#11008,#11009,
#11010,#11011),.UNSPECIFIED.,.F.,.F.,(4,3,4),(-0.0960988723236709,-0.0480494361618355,
0.),.UNSPECIFIED.);
#1276=B_SPLINE_CURVE_WITH_KNOTS('',3,(#11013,#11014,#11015,#11016,#11017,
#11018,#11019),.UNSPECIFIED.,.F.,.F.,(4,3,4),(-0.0316674295205074,-0.0158337147602537,
0.),.UNSPECIFIED.);
#1277=B_SPLINE_CURVE_WITH_KNOTS('',3,(#11021,#11022,#11023,#11024,#11025,
#11026,#11027),.UNSPECIFIED.,.F.,.F.,(4,3,4),(-0.0446655782271904,-0.0223327891135952,
0.),.UNSPECIFIED.);
#1278=B_SPLINE_CURVE_WITH_KNOTS('',3,(#11039,#11040,#11041,#11042,#11043,
#11044,#11045),.UNSPECIFIED.,.F.,.F.,(4,3,4),(-0.0289561799268493,-0.0144780899634247,
0.),.UNSPECIFIED.);
#1279=B_SPLINE_CURVE_WITH_KNOTS('',3,(#11047,#11048,#11049,#11050,#11051,
#11052,#11053),.UNSPECIFIED.,.F.,.F.,(4,3,4),(-0.0258769859335613,-0.0129384929667807,
0.),.UNSPECIFIED.);
#1280=B_SPLINE_CURVE_WITH_KNOTS('',3,(#11061,#11062,#11063,#11064,#11065,
#11066,#11067),.UNSPECIFIED.,.F.,.F.,(4,3,4),(-0.0164081447274479,-0.00820407236372394,
0.),.UNSPECIFIED.);
#1281=B_SPLINE_CURVE_WITH_KNOTS('',3,(#11068,#11069,#11070,#11071,#11072,
#11073,#11074),.UNSPECIFIED.,.F.,.F.,(4,3,4),(-0.0229324481229644,-0.0114662240614822,
0.),.UNSPECIFIED.);
#1282=B_SPLINE_CURVE_WITH_KNOTS('',2,(#11095,#11096,#11097,#11098),
 .UNSPECIFIED.,.F.,.F.,(3,1,3),(0.,1.,2.),.UNSPECIFIED.);
#1283=B_SPLINE_CURVE_WITH_KNOTS('',2,(#11109,#11110,#11111,#11112),
 .UNSPECIFIED.,.F.,.F.,(3,1,3),(0.,1.,2.),.UNSPECIFIED.);
#1284=B_SPLINE_CURVE_WITH_KNOTS('',2,(#11124,#11125,#11126,#11127),
 .UNSPECIFIED.,.F.,.F.,(3,1,3),(0.,1.,2.),.UNSPECIFIED.);
#1285=B_SPLINE_CURVE_WITH_KNOTS('',2,(#11139,#11140,#11141,#11142),
 .UNSPECIFIED.,.F.,.F.,(3,1,3),(0.,1.,2.),.UNSPECIFIED.);
#1286=B_SPLINE_CURVE_WITH_KNOTS('',2,(#11153,#11154,#11155,#11156),
 .UNSPECIFIED.,.F.,.F.,(3,1,3),(0.,1.,2.),.UNSPECIFIED.);
#1287=B_SPLINE_CURVE_WITH_KNOTS('',2,(#11182,#11183,#11184,#11185),
 .UNSPECIFIED.,.F.,.F.,(3,1,3),(0.,1.,2.),.UNSPECIFIED.);
#1288=B_SPLINE_CURVE_WITH_KNOTS('',2,(#11195,#11196,#11197,#11198),
 .UNSPECIFIED.,.F.,.F.,(3,1,3),(0.,1.,2.),.UNSPECIFIED.);
#1289=B_SPLINE_CURVE_WITH_KNOTS('',3,(#11295,#11296,#11297,#11298,#11299,
#11300,#11301),.UNSPECIFIED.,.F.,.F.,(4,3,4),(-0.0904990044348772,-0.0452495022174386,
0.),.UNSPECIFIED.);
#1290=B_SPLINE_CURVE_WITH_KNOTS('',3,(#11303,#11304,#11305,#11306,#11307,
#11308,#11309),.UNSPECIFIED.,.F.,.F.,(4,3,4),(-0.0424641344149766,-0.0212320672074883,
0.),.UNSPECIFIED.);
#1291=B_SPLINE_CURVE_WITH_KNOTS('',3,(#11317,#11318,#11319,#11320,#11321,
#11322,#11323),.UNSPECIFIED.,.F.,.F.,(4,3,4),(-0.0400446917468924,-0.0200223458734462,
0.),.UNSPECIFIED.);
#1292=B_SPLINE_CURVE_WITH_KNOTS('',3,(#11324,#11325,#11326,#11327,#11328,
#11329,#11330,#11331),.UNSPECIFIED.,.F.,.F.,(4,2,2,4),(-0.0749910436742975,
-0.0560239525370122,-0.0367356338806273,0.),.UNSPECIFIED.);
#1293=B_SPLINE_CURVE_WITH_KNOTS('',3,(#11334,#11335,#11336,#11337,#11338,
#11339,#11340),.UNSPECIFIED.,.F.,.F.,(4,3,4),(-0.0277643278608715,-0.0138821639304357,
0.),.UNSPECIFIED.);
#1294=B_SPLINE_CURVE_WITH_KNOTS('',3,(#11342,#11343,#11344,#11345,#11346,
#11347,#11348),.UNSPECIFIED.,.F.,.F.,(4,3,4),(-0.0179336919302082,-0.0089668459651041,
0.),.UNSPECIFIED.);
#1295=B_SPLINE_CURVE_WITH_KNOTS('',3,(#11350,#11351,#11352,#11353,#11354,
#11355,#11356),.UNSPECIFIED.,.F.,.F.,(4,3,4),(-0.0257047766667564,-0.0128523883333782,
0.),.UNSPECIFIED.);
#1296=B_SPLINE_CURVE_WITH_KNOTS('',3,(#11358,#11359,#11360,#11361,#11362,
#11363,#11364),.UNSPECIFIED.,.F.,.F.,(4,3,4),(-0.0743083932097056,-0.0371541966048528,
0.),.UNSPECIFIED.);
#1297=B_SPLINE_CURVE_WITH_KNOTS('',3,(#11365,#11366,#11367,#11368,#11369,
#11370,#11371,#11372,#11373,#11374),.UNSPECIFIED.,.F.,.F.,(4,2,2,2,4),(-0.039548567904677,
-0.0319502378438313,-0.0246664966544746,-0.0130501916963095,0.),
 .UNSPECIFIED.);
#1298=B_SPLINE_CURVE_WITH_KNOTS('',3,(#11377,#11378,#11379,#11380,#11381,
#11382,#11383),.UNSPECIFIED.,.F.,.F.,(4,3,4),(-0.0941216331646905,-0.0470608165823452,
0.),.UNSPECIFIED.);
#1299=B_SPLINE_CURVE_WITH_KNOTS('',3,(#11385,#11386,#11387,#11388,#11389,
#11390,#11391),.UNSPECIFIED.,.F.,.F.,(4,3,4),(-0.0766526855572578,-0.0383263427786289,
0.),.UNSPECIFIED.);
#1300=B_SPLINE_CURVE_WITH_KNOTS('',3,(#11393,#11394,#11395,#11396,#11397,
#11398,#11399),.UNSPECIFIED.,.F.,.F.,(4,3,4),(-0.0701734264340866,-0.0350867132170433,
0.),.UNSPECIFIED.);
#1301=B_SPLINE_CURVE_WITH_KNOTS('',3,(#11401,#11402,#11403,#11404,#11405,
#11406,#11407),.UNSPECIFIED.,.F.,.F.,(4,3,4),(-0.0312915639690473,-0.0156457819845236,
0.),.UNSPECIFIED.);
#1302=B_SPLINE_CURVE_WITH_KNOTS('',3,(#11408,#11409,#11410,#11411,#11412,
#11413,#11414),.UNSPECIFIED.,.F.,.F.,(4,3,4),(-0.0521218910871309,-0.0260609455435655,
0.),.UNSPECIFIED.);
#1303=B_SPLINE_CURVE_WITH_KNOTS('',3,(#11423,#11424,#11425,#11426,#11427,
#11428,#11429),.UNSPECIFIED.,.F.,.F.,(4,3,4),(-0.0211846607871343,-0.0105923303935671,
0.),.UNSPECIFIED.);
#1304=B_SPLINE_CURVE_WITH_KNOTS('',3,(#11431,#11432,#11433,#11434,#11435,
#11436,#11437),.UNSPECIFIED.,.F.,.F.,(4,3,4),(-0.0370253165791439,-0.0185126582895719,
0.),.UNSPECIFIED.);
#1305=B_SPLINE_CURVE_WITH_KNOTS('',3,(#11445,#11446,#11447,#11448,#11449,
#11450,#11451),.UNSPECIFIED.,.F.,.F.,(4,3,4),(-0.0372248660704551,-0.0186124330352276,
0.),.UNSPECIFIED.);
#1306=B_SPLINE_CURVE_WITH_KNOTS('',3,(#11452,#11453,#11454,#11455,#11456,
#11457,#11458),.UNSPECIFIED.,.F.,.F.,(4,3,4),(-0.0211448944598906,-0.0105724472299453,
0.),.UNSPECIFIED.);
#1307=B_SPLINE_CURVE_WITH_KNOTS('',3,(#11461,#11462,#11463,#11464,#11465,
#11466,#11467),.UNSPECIFIED.,.F.,.F.,(4,3,4),(-0.0302668905683882,-0.0151334452841941,
0.),.UNSPECIFIED.);
#1308=B_SPLINE_CURVE_WITH_KNOTS('',3,(#11469,#11470,#11471,#11472,#11473,
#11474,#11475),.UNSPECIFIED.,.F.,.F.,(4,3,4),(-0.0389315465533483,-0.0194657732766741,
0.),.UNSPECIFIED.);
#1309=B_SPLINE_CURVE_WITH_KNOTS('',3,(#11483,#11484,#11485,#11486,#11487,
#11488,#11489),.UNSPECIFIED.,.F.,.F.,(4,3,4),(-0.022536332914726,-0.011268166457363,
0.),.UNSPECIFIED.);
#1310=B_SPLINE_CURVE_WITH_KNOTS('',3,(#11490,#11491,#11492,#11493,#11494,
#11495,#11496),.UNSPECIFIED.,.F.,.F.,(4,3,4),(-0.0305672183127601,-0.0152836091563801,
0.),.UNSPECIFIED.);
#1311=B_SPLINE_CURVE_WITH_KNOTS('',3,(#11499,#11500,#11501,#11502,#11503,
#11504,#11505),.UNSPECIFIED.,.F.,.F.,(4,3,4),(-0.0277643278608729,-0.0138821639304364,
0.),.UNSPECIFIED.);
#1312=B_SPLINE_CURVE_WITH_KNOTS('',3,(#11507,#11508,#11509,#11510,#11511,
#11512,#11513),.UNSPECIFIED.,.F.,.F.,(4,3,4),(-0.0179336919302084,-0.00896684596510419,
0.),.UNSPECIFIED.);
#1313=B_SPLINE_CURVE_WITH_KNOTS('',3,(#11515,#11516,#11517,#11518,#11519,
#11520,#11521),.UNSPECIFIED.,.F.,.F.,(4,3,4),(-0.0257047766667739,-0.012852388333387,
0.),.UNSPECIFIED.);
#1314=B_SPLINE_CURVE_WITH_KNOTS('',3,(#11523,#11524,#11525,#11526,#11527,
#11528,#11529),.UNSPECIFIED.,.F.,.F.,(4,3,4),(-0.0743083932097115,-0.0371541966048558,
0.),.UNSPECIFIED.);
#1315=B_SPLINE_CURVE_WITH_KNOTS('',3,(#11530,#11531,#11532,#11533,#11534,
#11535,#11536),.UNSPECIFIED.,.F.,.F.,(4,3,4),(-0.0395485679046544,-0.0197742839523272,
0.),.UNSPECIFIED.);
#1316=B_SPLINE_CURVE_WITH_KNOTS('',3,(#11539,#11540,#11541,#11542,#11543,
#11544,#11545),.UNSPECIFIED.,.F.,.F.,(4,3,4),(-0.09412163316471,-0.047060816582355,
0.),.UNSPECIFIED.);
#1317=B_SPLINE_CURVE_WITH_KNOTS('',3,(#11547,#11548,#11549,#11550,#11551,
#11552,#11553),.UNSPECIFIED.,.F.,.F.,(4,3,4),(-0.0766526855572582,-0.0383263427786291,
0.),.UNSPECIFIED.);
#1318=B_SPLINE_CURVE_WITH_KNOTS('',3,(#11555,#11556,#11557,#11558,#11559,
#11560,#11561),.UNSPECIFIED.,.F.,.F.,(4,3,4),(-0.0701734264340105,-0.0350867132170052,
0.),.UNSPECIFIED.);
#1319=B_SPLINE_CURVE_WITH_KNOTS('',3,(#11563,#11564,#11565,#11566,#11567,
#11568,#11569),.UNSPECIFIED.,.F.,.F.,(4,3,4),(-0.0312915639690473,-0.0156457819845236,
0.),.UNSPECIFIED.);
#1320=B_SPLINE_CURVE_WITH_KNOTS('',3,(#11570,#11571,#11572,#11573,#11574,
#11575,#11576),.UNSPECIFIED.,.F.,.F.,(4,3,4),(-0.0521218910870651,-0.0260609455435326,
0.),.UNSPECIFIED.);
#1321=B_SPLINE_CURVE_WITH_KNOTS('',3,(#11579,#11580,#11581,#11582,#11583,
#11584,#11585),.UNSPECIFIED.,.F.,.F.,(4,3,4),(-0.0307402026543061,-0.0153701013271531,
0.),.UNSPECIFIED.);
#1322=B_SPLINE_CURVE_WITH_KNOTS('',3,(#11587,#11588,#11589,#11590,#11591,
#11592,#11593),.UNSPECIFIED.,.F.,.F.,(4,3,4),(-0.0277437652418512,-0.0138718826209256,
0.),.UNSPECIFIED.);
#1323=B_SPLINE_CURVE_WITH_KNOTS('',3,(#11601,#11602,#11603,#11604,#11605,
#11606),.UNSPECIFIED.,.F.,.F.,(4,2,4),(-0.0345411765507056,-0.0132759828274569,
0.),.UNSPECIFIED.);
#1324=B_SPLINE_CURVE_WITH_KNOTS('',3,(#11607,#11608,#11609,#11610,#11611,
#11612,#11613,#11614),.UNSPECIFIED.,.F.,.F.,(4,2,2,4),(-0.026782096500983,
-0.0212286724389927,-0.014815073120365,0.),.UNSPECIFIED.);
#1325=B_SPLINE_CURVE_WITH_KNOTS('',3,(#11617,#11618,#11619,#11620,#11621,
#11622,#11623),.UNSPECIFIED.,.F.,.F.,(4,3,4),(-0.0829740744191892,-0.0414870372095946,
0.),.UNSPECIFIED.);
#1326=B_SPLINE_CURVE_WITH_KNOTS('',3,(#11625,#11626,#11627,#11628,#11629,
#11630,#11631,#11632,#11633,#11634,#11635,#11636),.UNSPECIFIED.,.F.,.F.,
(4,2,2,2,2,4),(-0.104666935143985,-0.0935529919500394,-0.0830987996488513,
-0.065196018736709,-0.0411097668330532,0.),.UNSPECIFIED.);
#1327=B_SPLINE_CURVE_WITH_KNOTS('',3,(#11638,#11639,#11640,#11641,#11642,
#11643,#11644),.UNSPECIFIED.,.F.,.F.,(4,3,4),(-0.0692483866032763,-0.0346241933016381,
0.),.UNSPECIFIED.);
#1328=B_SPLINE_CURVE_WITH_KNOTS('',3,(#11646,#11647,#11648,#11649,#11650,
#11651,#11652),.UNSPECIFIED.,.F.,.F.,(4,3,4),(-0.0434607928910599,-0.0217303964455299,
0.),.UNSPECIFIED.);
#1329=B_SPLINE_CURVE_WITH_KNOTS('',3,(#11654,#11655,#11656,#11657,#11658,
#11659,#11660),.UNSPECIFIED.,.F.,.F.,(4,3,4),(-0.0511198753376077,-0.0255599376688038,
0.),.UNSPECIFIED.);
#1330=B_SPLINE_CURVE_WITH_KNOTS('',3,(#11661,#11662,#11663,#11664,#11665,
#11666,#11667),.UNSPECIFIED.,.F.,.F.,(4,3,4),(-0.0532908210248639,-0.026645410512432,
0.),.UNSPECIFIED.);
#1331=B_SPLINE_CURVE_WITH_KNOTS('',3,(#11670,#11671,#11672,#11673,#11674,
#11675,#11676),.UNSPECIFIED.,.F.,.F.,(4,3,4),(-0.0829740744191632,-0.0414870372095816,
0.),.UNSPECIFIED.);
#1332=B_SPLINE_CURVE_WITH_KNOTS('',3,(#11678,#11679,#11680,#11681,#11682,
#11683,#11684),.UNSPECIFIED.,.F.,.F.,(4,3,4),(-0.104666935144281,-0.0523334675721407,
0.),.UNSPECIFIED.);
#1333=B_SPLINE_CURVE_WITH_KNOTS('',3,(#11686,#11687,#11688,#11689,#11690,
#11691,#11692),.UNSPECIFIED.,.F.,.F.,(4,3,4),(-0.069248386603295,-0.0346241933016475,
0.),.UNSPECIFIED.);
#1334=B_SPLINE_CURVE_WITH_KNOTS('',3,(#11694,#11695,#11696,#11697,#11698,
#11699,#11700),.UNSPECIFIED.,.F.,.F.,(4,3,4),(-0.0434607928909491,-0.0217303964454745,
0.),.UNSPECIFIED.);
#1335=B_SPLINE_CURVE_WITH_KNOTS('',3,(#11702,#11703,#11704,#11705,#11706,
#11707,#11708),.UNSPECIFIED.,.F.,.F.,(4,3,4),(-0.0511198753375969,-0.0255599376687985,
0.),.UNSPECIFIED.);
#1336=B_SPLINE_CURVE_WITH_KNOTS('',3,(#11709,#11710,#11711,#11712,#11713,
#11714,#11715),.UNSPECIFIED.,.F.,.F.,(4,3,4),(-0.0532908210248638,-0.0266454105124319,
0.),.UNSPECIFIED.);
#1337=B_SPLINE_CURVE_WITH_KNOTS('',3,(#11718,#11719,#11720,#11721,#11722,
#11723,#11724),.UNSPECIFIED.,.F.,.F.,(4,3,4),(-0.027321803790247,-0.0136609018951235,
0.),.UNSPECIFIED.);
#1338=B_SPLINE_CURVE_WITH_KNOTS('',3,(#11726,#11727,#11728,#11729,#11730,
#11731,#11732),.UNSPECIFIED.,.F.,.F.,(4,3,4),(-0.0387992431396649,-0.0193996215698324,
0.),.UNSPECIFIED.);
#1339=B_SPLINE_CURVE_WITH_KNOTS('',3,(#11740,#11741,#11742,#11743,#11744,
#11745,#11746),.UNSPECIFIED.,.F.,.F.,(4,3,4),(-0.0377597520767224,-0.0188798760383612,
0.),.UNSPECIFIED.);
#1340=B_SPLINE_CURVE_WITH_KNOTS('',3,(#11747,#11748,#11749,#11750,#11751,
#11752,#11753),.UNSPECIFIED.,.F.,.F.,(4,3,4),(-0.0354443475543152,-0.0177221737771576,
0.),.UNSPECIFIED.);
#1341=B_SPLINE_CURVE_WITH_KNOTS('',3,(#11756,#11757,#11758,#11759,#11760,
#11761,#11762),.UNSPECIFIED.,.F.,.F.,(4,3,4),(-0.0746766688318461,-0.0373383344159231,
0.),.UNSPECIFIED.);
#1342=B_SPLINE_CURVE_WITH_KNOTS('',3,(#11764,#11765,#11766,#11767,#11768,
#11769,#11770),.UNSPECIFIED.,.F.,.F.,(4,3,4),(-0.094200243969247,-0.0471001219846235,
0.),.UNSPECIFIED.);
#1343=B_SPLINE_CURVE_WITH_KNOTS('',3,(#11772,#11773,#11774,#11775,#11776,
#11777,#11778),.UNSPECIFIED.,.F.,.F.,(4,3,4),(-0.0623235494907735,-0.0311617747453868,
0.),.UNSPECIFIED.);
#1344=B_SPLINE_CURVE_WITH_KNOTS('',3,(#11780,#11781,#11782,#11783,#11784,
#11785,#11786),.UNSPECIFIED.,.F.,.F.,(4,3,4),(-0.0391147145732389,-0.0195573572866195,
0.),.UNSPECIFIED.);
#1345=B_SPLINE_CURVE_WITH_KNOTS('',3,(#11788,#11789,#11790,#11791,#11792,
#11793,#11794),.UNSPECIFIED.,.F.,.F.,(4,3,4),(-0.0460078889464619,-0.0230039444732309,
0.),.UNSPECIFIED.);
#1346=B_SPLINE_CURVE_WITH_KNOTS('',3,(#11795,#11796,#11797,#11798,#11799,
#11800,#11801),.UNSPECIFIED.,.F.,.F.,(4,3,4),(-0.0479617401135198,-0.0239808700567599,
0.),.UNSPECIFIED.);
#1347=B_SPLINE_CURVE_WITH_KNOTS('',3,(#11804,#11805,#11806,#11807,#11808,
#11809,#11810),.UNSPECIFIED.,.F.,.F.,(4,3,4),(-0.0276661830759645,-0.0138330915379822,
0.),.UNSPECIFIED.);
#1348=B_SPLINE_CURVE_WITH_KNOTS('',3,(#11812,#11813,#11814,#11815,#11816,
#11817,#11818),.UNSPECIFIED.,.F.,.F.,(4,3,4),(-0.0249693893377848,-0.0124846946688924,
0.),.UNSPECIFIED.);
#1349=B_SPLINE_CURVE_WITH_KNOTS('',3,(#11826,#11827,#11828,#11829,#11830,
#11831,#11832),.UNSPECIFIED.,.F.,.F.,(4,3,4),(-0.03108705966766,-0.01554352983383,
0.),.UNSPECIFIED.);
#1350=B_SPLINE_CURVE_WITH_KNOTS('',3,(#11833,#11834,#11835,#11836,#11837,
#11838,#11839),.UNSPECIFIED.,.F.,.F.,(4,3,4),(-0.0241038874495025,-0.0120519437247513,
0.),.UNSPECIFIED.);
#1351=B_SPLINE_CURVE_WITH_KNOTS('',2,(#11865,#11866,#11867,#11868),
 .UNSPECIFIED.,.F.,.F.,(3,1,3),(0.,1.,2.),.UNSPECIFIED.);
#1352=B_SPLINE_CURVE_WITH_KNOTS('',2,(#11879,#11880,#11881,#11882),
 .UNSPECIFIED.,.F.,.F.,(3,1,3),(0.,1.,2.),.UNSPECIFIED.);
#1353=B_SPLINE_CURVE_WITH_KNOTS('',2,(#11894,#11895,#11896,#11897),
 .UNSPECIFIED.,.F.,.F.,(3,1,3),(0.,1.,2.),.UNSPECIFIED.);
#1354=B_SPLINE_CURVE_WITH_KNOTS('',2,(#11909,#11910,#11911,#11912),
 .UNSPECIFIED.,.F.,.F.,(3,1,3),(0.,1.,2.),.UNSPECIFIED.);
#1355=B_SPLINE_CURVE_WITH_KNOTS('',2,(#11923,#11924,#11925,#11926),
 .UNSPECIFIED.,.F.,.F.,(3,1,3),(0.,1.,2.),.UNSPECIFIED.);
#1356=B_SPLINE_CURVE_WITH_KNOTS('',2,(#11938,#11939,#11940,#11941),
 .UNSPECIFIED.,.F.,.F.,(3,1,3),(0.,1.,2.),.UNSPECIFIED.);
#1357=B_SPLINE_CURVE_WITH_KNOTS('',2,(#11953,#11954,#11955,#11956),
 .UNSPECIFIED.,.F.,.F.,(3,1,3),(0.,1.,2.),.UNSPECIFIED.);
#1358=B_SPLINE_CURVE_WITH_KNOTS('',2,(#11967,#11968,#11969,#11970),
 .UNSPECIFIED.,.F.,.F.,(3,1,3),(0.,1.,2.),.UNSPECIFIED.);
#1359=B_SPLINE_CURVE_WITH_KNOTS('',2,(#12001,#12002,#12003,#12004),
 .UNSPECIFIED.,.F.,.F.,(3,1,3),(0.,1.,2.),.UNSPECIFIED.);
#1360=B_SPLINE_CURVE_WITH_KNOTS('',2,(#12015,#12016,#12017,#12018),
 .UNSPECIFIED.,.F.,.F.,(3,1,3),(0.,1.,2.),.UNSPECIFIED.);
#1361=B_SPLINE_CURVE_WITH_KNOTS('',2,(#12039,#12040,#12041,#12042),
 .UNSPECIFIED.,.F.,.F.,(3,1,3),(0.,1.,2.),.UNSPECIFIED.);
#1362=B_SPLINE_CURVE_WITH_KNOTS('',2,(#12053,#12054,#12055,#12056),
 .UNSPECIFIED.,.F.,.F.,(3,1,3),(0.,1.,2.),.UNSPECIFIED.);
#1363=B_SPLINE_CURVE_WITH_KNOTS('',2,(#12068,#12069,#12070,#12071),
 .UNSPECIFIED.,.F.,.F.,(3,1,3),(0.,1.,2.),.UNSPECIFIED.);
#1364=B_SPLINE_CURVE_WITH_KNOTS('',2,(#12083,#12084,#12085,#12086),
 .UNSPECIFIED.,.F.,.F.,(3,1,3),(0.,1.,2.),.UNSPECIFIED.);
#1365=B_SPLINE_CURVE_WITH_KNOTS('',2,(#12097,#12098,#12099,#12100),
 .UNSPECIFIED.,.F.,.F.,(3,1,3),(0.,1.,2.),.UNSPECIFIED.);
#1366=B_SPLINE_CURVE_WITH_KNOTS('',2,(#12112,#12113,#12114,#12115),
 .UNSPECIFIED.,.F.,.F.,(3,1,3),(0.,1.,2.),.UNSPECIFIED.);
#1367=B_SPLINE_CURVE_WITH_KNOTS('',2,(#12127,#12128,#12129,#12130),
 .UNSPECIFIED.,.F.,.F.,(3,1,3),(0.,1.,2.),.UNSPECIFIED.);
#1368=B_SPLINE_CURVE_WITH_KNOTS('',2,(#12141,#12142,#12143,#12144),
 .UNSPECIFIED.,.F.,.F.,(3,1,3),(0.,1.,2.),.UNSPECIFIED.);
#1369=B_SPLINE_CURVE_WITH_KNOTS('',2,(#12165,#12166,#12167,#12168),
 .UNSPECIFIED.,.F.,.F.,(3,1,3),(0.,1.,2.),.UNSPECIFIED.);
#1370=B_SPLINE_CURVE_WITH_KNOTS('',2,(#12179,#12180,#12181,#12182),
 .UNSPECIFIED.,.F.,.F.,(3,1,3),(0.,1.,2.),.UNSPECIFIED.);
#1371=B_SPLINE_CURVE_WITH_KNOTS('',2,(#12194,#12195,#12196,#12197),
 .UNSPECIFIED.,.F.,.F.,(3,1,3),(0.,1.,2.),.UNSPECIFIED.);
#1372=B_SPLINE_CURVE_WITH_KNOTS('',2,(#12209,#12210,#12211,#12212),
 .UNSPECIFIED.,.F.,.F.,(3,1,3),(0.,1.,2.),.UNSPECIFIED.);
#1373=B_SPLINE_CURVE_WITH_KNOTS('',2,(#12223,#12224,#12225,#12226),
 .UNSPECIFIED.,.F.,.F.,(3,1,3),(0.,1.,2.),.UNSPECIFIED.);
#1374=B_SPLINE_CURVE_WITH_KNOTS('',2,(#12238,#12239,#12240,#12241),
 .UNSPECIFIED.,.F.,.F.,(3,1,3),(0.,1.,2.),.UNSPECIFIED.);
#1375=B_SPLINE_CURVE_WITH_KNOTS('',2,(#12253,#12254,#12255,#12256),
 .UNSPECIFIED.,.F.,.F.,(3,1,3),(0.,1.,2.),.UNSPECIFIED.);
#1376=B_SPLINE_CURVE_WITH_KNOTS('',2,(#12267,#12268,#12269,#12270),
 .UNSPECIFIED.,.F.,.F.,(3,1,3),(0.,1.,2.),.UNSPECIFIED.);
#1377=B_SPLINE_CURVE_WITH_KNOTS('',2,(#12291,#12292,#12293,#12294),
 .UNSPECIFIED.,.F.,.F.,(3,1,3),(0.,1.,2.),.UNSPECIFIED.);
#1378=B_SPLINE_CURVE_WITH_KNOTS('',2,(#12305,#12306,#12307,#12308),
 .UNSPECIFIED.,.F.,.F.,(3,1,3),(0.,1.,2.),.UNSPECIFIED.);
#1379=B_SPLINE_CURVE_WITH_KNOTS('',2,(#12320,#12321,#12322,#12323),
 .UNSPECIFIED.,.F.,.F.,(3,1,3),(0.,1.,2.),.UNSPECIFIED.);
#1380=B_SPLINE_CURVE_WITH_KNOTS('',2,(#12335,#12336,#12337,#12338),
 .UNSPECIFIED.,.F.,.F.,(3,1,3),(0.,1.,2.),.UNSPECIFIED.);
#1381=B_SPLINE_CURVE_WITH_KNOTS('',2,(#12349,#12350,#12351,#12352),
 .UNSPECIFIED.,.F.,.F.,(3,1,3),(0.,1.,2.),.UNSPECIFIED.);
#1382=B_SPLINE_CURVE_WITH_KNOTS('',2,(#12373,#12374,#12375,#12376),
 .UNSPECIFIED.,.F.,.F.,(3,1,3),(0.,1.,2.),.UNSPECIFIED.);
#1383=B_SPLINE_CURVE_WITH_KNOTS('',2,(#12387,#12388,#12389,#12390),
 .UNSPECIFIED.,.F.,.F.,(3,1,3),(0.,1.,2.),.UNSPECIFIED.);
#1384=B_SPLINE_CURVE_WITH_KNOTS('',2,(#12408,#12409,#12410,#12411),
 .UNSPECIFIED.,.F.,.F.,(3,1,3),(0.,1.,2.),.UNSPECIFIED.);
#1385=B_SPLINE_CURVE_WITH_KNOTS('',2,(#12421,#12422,#12423,#12424),
 .UNSPECIFIED.,.F.,.F.,(3,1,3),(0.,1.,2.),.UNSPECIFIED.);
#1386=B_SPLINE_CURVE_WITH_KNOTS('',2,(#12434,#12435,#12436,#12437),
 .UNSPECIFIED.,.F.,.F.,(3,1,3),(0.,1.,2.),.UNSPECIFIED.);
#1387=B_SPLINE_CURVE_WITH_KNOTS('',2,(#12447,#12448,#12449,#12450),
 .UNSPECIFIED.,.F.,.F.,(3,1,3),(0.,1.,2.),.UNSPECIFIED.);
#1388=B_SPLINE_CURVE_WITH_KNOTS('',2,(#12460,#12461,#12462,#12463),
 .UNSPECIFIED.,.F.,.F.,(3,1,3),(0.,1.,2.),.UNSPECIFIED.);
#1389=B_SPLINE_CURVE_WITH_KNOTS('',2,(#12473,#12474,#12475,#12476),
 .UNSPECIFIED.,.F.,.F.,(3,1,3),(0.,1.,2.),.UNSPECIFIED.);
#1390=B_SPLINE_CURVE_WITH_KNOTS('',2,(#12492,#12493,#12494,#12495),
 .UNSPECIFIED.,.F.,.F.,(3,1,3),(0.,1.,2.),.UNSPECIFIED.);
#1391=B_SPLINE_CURVE_WITH_KNOTS('',2,(#12505,#12506,#12507,#12508),
 .UNSPECIFIED.,.F.,.F.,(3,1,3),(0.,1.,2.),.UNSPECIFIED.);
#1392=B_SPLINE_CURVE_WITH_KNOTS('',2,(#12522,#12523,#12524,#12525),
 .UNSPECIFIED.,.F.,.F.,(3,1,3),(0.,1.,2.),.UNSPECIFIED.);
#1393=B_SPLINE_CURVE_WITH_KNOTS('',2,(#12535,#12536,#12537,#12538),
 .UNSPECIFIED.,.F.,.F.,(3,1,3),(0.,1.,2.),.UNSPECIFIED.);
#1394=B_SPLINE_CURVE_WITH_KNOTS('',2,(#12548,#12549,#12550,#12551),
 .UNSPECIFIED.,.F.,.F.,(3,1,3),(0.,1.,2.),.UNSPECIFIED.);
#1395=B_SPLINE_CURVE_WITH_KNOTS('',2,(#12561,#12562,#12563,#12564),
 .UNSPECIFIED.,.F.,.F.,(3,1,3),(0.,1.,2.),.UNSPECIFIED.);
#1396=B_SPLINE_CURVE_WITH_KNOTS('',2,(#12574,#12575,#12576,#12577),
 .UNSPECIFIED.,.F.,.F.,(3,1,3),(0.,1.,2.),.UNSPECIFIED.);
#1397=B_SPLINE_CURVE_WITH_KNOTS('',2,(#12587,#12588,#12589,#12590),
 .UNSPECIFIED.,.F.,.F.,(3,1,3),(0.,1.,2.),.UNSPECIFIED.);
#1398=B_SPLINE_CURVE_WITH_KNOTS('',2,(#12604,#12605,#12606,#12607),
 .UNSPECIFIED.,.F.,.F.,(3,1,3),(0.,1.,2.),.UNSPECIFIED.);
#1399=B_SPLINE_CURVE_WITH_KNOTS('',2,(#12617,#12618,#12619,#12620),
 .UNSPECIFIED.,.F.,.F.,(3,1,3),(0.,1.,2.),.UNSPECIFIED.);
#1400=B_SPLINE_CURVE_WITH_KNOTS('',2,(#12630,#12631,#12632,#12633),
 .UNSPECIFIED.,.F.,.F.,(3,1,3),(0.,1.,2.),.UNSPECIFIED.);
#1401=B_SPLINE_CURVE_WITH_KNOTS('',2,(#12644,#12645,#12646,#12647),
 .UNSPECIFIED.,.F.,.F.,(3,1,3),(0.,1.,2.),.UNSPECIFIED.);
#1402=B_SPLINE_CURVE_WITH_KNOTS('',2,(#12657,#12658,#12659,#12660),
 .UNSPECIFIED.,.F.,.F.,(3,1,3),(0.,1.,2.),.UNSPECIFIED.);
#1403=B_SPLINE_CURVE_WITH_KNOTS('',2,(#12670,#12671,#12672,#12673),
 .UNSPECIFIED.,.F.,.F.,(3,1,3),(0.,1.,2.),.UNSPECIFIED.);
#1404=B_SPLINE_CURVE_WITH_KNOTS('',2,(#12684,#12685,#12686,#12687),
 .UNSPECIFIED.,.F.,.F.,(3,1,3),(0.,1.,2.),.UNSPECIFIED.);
#1405=B_SPLINE_CURVE_WITH_KNOTS('',2,(#12697,#12698,#12699,#12700),
 .UNSPECIFIED.,.F.,.F.,(3,1,3),(0.,1.,2.),.UNSPECIFIED.);
#1406=B_SPLINE_CURVE_WITH_KNOTS('',2,(#12714,#12715,#12716,#12717),
 .UNSPECIFIED.,.F.,.F.,(3,1,3),(0.,1.,2.),.UNSPECIFIED.);
#1407=B_SPLINE_CURVE_WITH_KNOTS('',2,(#12727,#12728,#12729,#12730),
 .UNSPECIFIED.,.F.,.F.,(3,1,3),(0.,1.,2.),.UNSPECIFIED.);
#1408=B_SPLINE_CURVE_WITH_KNOTS('',2,(#12740,#12741,#12742,#12743),
 .UNSPECIFIED.,.F.,.F.,(3,1,3),(0.,1.,2.),.UNSPECIFIED.);
#1409=B_SPLINE_CURVE_WITH_KNOTS('',2,(#12754,#12755,#12756,#12757),
 .UNSPECIFIED.,.F.,.F.,(3,1,3),(0.,1.,2.),.UNSPECIFIED.);
#1410=B_SPLINE_CURVE_WITH_KNOTS('',2,(#12767,#12768,#12769,#12770),
 .UNSPECIFIED.,.F.,.F.,(3,1,3),(0.,1.,2.),.UNSPECIFIED.);
#1411=B_SPLINE_CURVE_WITH_KNOTS('',2,(#12784,#12785,#12786,#12787),
 .UNSPECIFIED.,.F.,.F.,(3,1,3),(0.,1.,2.),.UNSPECIFIED.);
#1412=B_SPLINE_CURVE_WITH_KNOTS('',2,(#12797,#12798,#12799,#12800),
 .UNSPECIFIED.,.F.,.F.,(3,1,3),(0.,1.,2.),.UNSPECIFIED.);
#1413=B_SPLINE_CURVE_WITH_KNOTS('',3,(#12984,#12985,#12986,#12987,#12988,
#12989,#12990,#12991,#12992,#12993,#12994,#12995,#12996,#12997,#12998,#12999,
#13000,#13001,#13002),.UNSPECIFIED.,.F.,.F.,(4,2,2,2,3,2,2,2,4),(-0.114874643327477,
-0.0856722638756063,-0.0564698844237355,-0.0282349422118677,0.,0.0282349422118677,
0.0564698844237354,0.0856722638756062,0.114874643327477),.UNSPECIFIED.);
#1414=B_SPLINE_CURVE_WITH_KNOTS('',3,(#13005,#13006,#13007,#13008,#13009,
#13010,#13011,#13012,#13013,#13014,#13015,#13016,#13017,#13018,#13019,#13020,
#13021,#13022,#13023),.UNSPECIFIED.,.F.,.F.,(4,2,2,2,3,2,2,2,4),(-0.114959292447987,
-0.085714040107845,-0.0564687877677032,-0.0282343938838516,0.,0.0282343938838516,
0.0564687877677032,0.085714040107845,0.114959292447987),.UNSPECIFIED.);
#1415=B_SPLINE_CURVE_WITH_KNOTS('',3,(#13041,#13042,#13043,#13044,#13045,
#13046,#13047,#13048,#13049,#13050,#13051,#13052,#13053,#13054,#13055,#13056,
#13057,#13058),.UNSPECIFIED.,.F.,.F.,(4,2,2,2,2,2,2,2,4),(0.114243640645373,
0.143446020097243,0.172648399549114,0.200883341760982,0.22911828397285,
0.257353226184717,0.285588168396585,0.314790547848456,0.343992927300327),
 .UNSPECIFIED.);
#1416=B_SPLINE_CURVE_WITH_KNOTS('',3,(#13060,#13061,#13062,#13063,#13064,
#13065,#13066,#13067,#13068,#13069,#13070,#13071,#13072,#13073,#13074,#13075,
#13076,#13077),.UNSPECIFIED.,.F.,.F.,(4,2,2,2,2,2,2,2,4),(0.114298594330531,
0.143543846670673,0.172789099010815,0.201023492894667,0.229257886778518,
0.25749228066237,0.285726674546221,0.314971926886363,0.344217179226505),
 .UNSPECIFIED.);
#1417=LINE('',#9116,#2117);
#1418=LINE('',#9134,#2118);
#1419=LINE('',#9136,#2119);
#1420=LINE('',#9169,#2120);
#1421=LINE('',#9172,#2121);
#1422=LINE('',#9174,#2122);
#1423=LINE('',#9175,#2123);
#1424=LINE('',#9178,#2124);
#1425=LINE('',#9179,#2125);
#1426=LINE('',#9189,#2126);
#1427=LINE('',#9203,#2127);
#1428=LINE('',#9210,#2128);
#1429=LINE('',#9211,#2129);
#1430=LINE('',#9214,#2130);
#1431=LINE('',#9215,#2131);
#1432=LINE('',#9225,#2132);
#1433=LINE('',#9239,#2133);
#1434=LINE('',#9253,#2134);
#1435=LINE('',#9288,#2135);
#1436=LINE('',#9294,#2136);
#1437=LINE('',#9316,#2137);
#1438=LINE('',#9319,#2138);
#1439=LINE('',#9321,#2139);
#1440=LINE('',#9322,#2140);
#1441=LINE('',#9325,#2141);
#1442=LINE('',#9327,#2142);
#1443=LINE('',#9328,#2143);
#1444=LINE('',#9350,#2144);
#1445=LINE('',#9372,#2145);
#1446=LINE('',#9375,#2146);
#1447=LINE('',#9377,#2147);
#1448=LINE('',#9378,#2148);
#1449=LINE('',#9381,#2149);
#1450=LINE('',#9383,#2150);
#1451=LINE('',#9384,#2151);
#1452=LINE('',#9406,#2152);
#1453=LINE('',#9429,#2153);
#1454=LINE('',#9431,#2154);
#1455=LINE('',#9433,#2155);
#1456=LINE('',#9435,#2156);
#1457=LINE('',#9437,#2157);
#1458=LINE('',#9439,#2158);
#1459=LINE('',#9441,#2159);
#1460=LINE('',#9443,#2160);
#1461=LINE('',#9445,#2161);
#1462=LINE('',#9447,#2162);
#1463=LINE('',#9449,#2163);
#1464=LINE('',#9450,#2164);
#1465=LINE('',#9453,#2165);
#1466=LINE('',#9455,#2166);
#1467=LINE('',#9456,#2167);
#1468=LINE('',#9459,#2168);
#1469=LINE('',#9460,#2169);
#1470=LINE('',#9463,#2170);
#1471=LINE('',#9464,#2171);
#1472=LINE('',#9467,#2172);
#1473=LINE('',#9468,#2173);
#1474=LINE('',#9471,#2174);
#1475=LINE('',#9472,#2175);
#1476=LINE('',#9475,#2176);
#1477=LINE('',#9476,#2177);
#1478=LINE('',#9479,#2178);
#1479=LINE('',#9480,#2179);
#1480=LINE('',#9483,#2180);
#1481=LINE('',#9484,#2181);
#1482=LINE('',#9487,#2182);
#1483=LINE('',#9488,#2183);
#1484=LINE('',#9491,#2184);
#1485=LINE('',#9492,#2185);
#1486=LINE('',#9495,#2186);
#1487=LINE('',#9496,#2187);
#1488=LINE('',#9498,#2188);
#1489=LINE('',#9502,#2189);
#1490=LINE('',#9504,#2190);
#1491=LINE('',#9506,#2191);
#1492=LINE('',#9507,#2192);
#1493=LINE('',#9529,#2193);
#1494=LINE('',#9551,#2194);
#1495=LINE('',#9573,#2195);
#1496=LINE('',#9595,#2196);
#1497=LINE('',#9617,#2197);
#1498=LINE('',#9639,#2198);
#1499=LINE('',#9661,#2199);
#1500=LINE('',#9683,#2200);
#1501=LINE('',#9686,#2201);
#1502=LINE('',#9688,#2202);
#1503=LINE('',#9689,#2203);
#1504=LINE('',#9692,#2204);
#1505=LINE('',#9694,#2205);
#1506=LINE('',#9695,#2206);
#1507=LINE('',#9717,#2207);
#1508=LINE('',#9739,#2208);
#1509=LINE('',#9761,#2209);
#1510=LINE('',#9783,#2210);
#1511=LINE('',#9805,#2211);
#1512=LINE('',#9827,#2212);
#1513=LINE('',#9849,#2213);
#1514=LINE('',#9871,#2214);
#1515=LINE('',#9873,#2215);
#1516=LINE('',#9874,#2216);
#1517=LINE('',#9879,#2217);
#1518=LINE('',#9881,#2218);
#1519=LINE('',#9883,#2219);
#1520=LINE('',#9885,#2220);
#1521=LINE('',#9887,#2221);
#1522=LINE('',#9889,#2222);
#1523=LINE('',#9891,#2223);
#1524=LINE('',#9892,#2224);
#1525=LINE('',#9895,#2225);
#1526=LINE('',#9897,#2226);
#1527=LINE('',#9898,#2227);
#1528=LINE('',#9901,#2228);
#1529=LINE('',#9903,#2229);
#1530=LINE('',#9904,#2230);
#1531=LINE('',#9907,#2231);
#1532=LINE('',#9908,#2232);
#1533=LINE('',#9911,#2233);
#1534=LINE('',#9913,#2234);
#1535=LINE('',#9914,#2235);
#1536=LINE('',#9917,#2236);
#1537=LINE('',#9918,#2237);
#1538=LINE('',#9921,#2238);
#1539=LINE('',#9922,#2239);
#1540=LINE('',#9925,#2240);
#1541=LINE('',#9926,#2241);
#1542=LINE('',#9928,#2242);
#1543=LINE('',#9931,#2243);
#1544=LINE('',#9932,#2244);
#1545=LINE('',#9935,#2245);
#1546=LINE('',#9936,#2246);
#1547=LINE('',#9939,#2247);
#1548=LINE('',#9940,#2248);
#1549=LINE('',#9942,#2249);
#1550=LINE('',#9946,#2250);
#1551=LINE('',#9948,#2251);
#1552=LINE('',#9950,#2252);
#1553=LINE('',#9951,#2253);
#1554=LINE('',#9954,#2254);
#1555=LINE('',#9956,#2255);
#1556=LINE('',#9957,#2256);
#1557=LINE('',#9960,#2257);
#1558=LINE('',#9962,#2258);
#1559=LINE('',#9963,#2259);
#1560=LINE('',#9966,#2260);
#1561=LINE('',#9968,#2261);
#1562=LINE('',#9969,#2262);
#1563=LINE('',#9972,#2263);
#1564=LINE('',#9974,#2264);
#1565=LINE('',#9975,#2265);
#1566=LINE('',#9994,#2266);
#1567=LINE('',#10000,#2267);
#1568=LINE('',#10018,#2268);
#1569=LINE('',#10025,#2269);
#1570=LINE('',#10027,#2270);
#1571=LINE('',#10028,#2271);
#1572=LINE('',#10031,#2272);
#1573=LINE('',#10033,#2273);
#1574=LINE('',#10034,#2274);
#1575=LINE('',#10037,#2275);
#1576=LINE('',#10039,#2276);
#1577=LINE('',#10040,#2277);
#1578=LINE('',#10043,#2278);
#1579=LINE('',#10045,#2279);
#1580=LINE('',#10046,#2280);
#1581=LINE('',#10068,#2281);
#1582=LINE('',#10090,#2282);
#1583=LINE('',#10131,#2283);
#1584=LINE('',#10153,#2284);
#1585=LINE('',#10156,#2285);
#1586=LINE('',#10158,#2286);
#1587=LINE('',#10159,#2287);
#1588=LINE('',#10161,#2288);
#1589=LINE('',#10162,#2289);
#1590=LINE('',#10167,#2290);
#1591=LINE('',#10169,#2291);
#1592=LINE('',#10171,#2292);
#1593=LINE('',#10173,#2293);
#1594=LINE('',#10175,#2294);
#1595=LINE('',#10176,#2295);
#1596=LINE('',#10179,#2296);
#1597=LINE('',#10181,#2297);
#1598=LINE('',#10182,#2298);
#1599=LINE('',#10185,#2299);
#1600=LINE('',#10186,#2300);
#1601=LINE('',#10189,#2301);
#1602=LINE('',#10190,#2302);
#1603=LINE('',#10193,#2303);
#1604=LINE('',#10194,#2304);
#1605=LINE('',#10197,#2305);
#1606=LINE('',#10198,#2306);
#1607=LINE('',#10200,#2307);
#1608=LINE('',#10204,#2308);
#1609=LINE('',#10206,#2309);
#1610=LINE('',#10208,#2310);
#1611=LINE('',#10209,#2311);
#1612=LINE('',#10212,#2312);
#1613=LINE('',#10214,#2313);
#1614=LINE('',#10215,#2314);
#1615=LINE('',#10218,#2315);
#1616=LINE('',#10220,#2316);
#1617=LINE('',#10221,#2317);
#1618=LINE('',#10224,#2318);
#1619=LINE('',#10226,#2319);
#1620=LINE('',#10227,#2320);
#1621=LINE('',#10230,#2321);
#1622=LINE('',#10232,#2322);
#1623=LINE('',#10233,#2323);
#1624=LINE('',#10236,#2324);
#1625=LINE('',#10238,#2325);
#1626=LINE('',#10239,#2326);
#1627=LINE('',#10242,#2327);
#1628=LINE('',#10244,#2328);
#1629=LINE('',#10245,#2329);
#1630=LINE('',#10248,#2330);
#1631=LINE('',#10250,#2331);
#1632=LINE('',#10251,#2332);
#1633=LINE('',#10254,#2333);
#1634=LINE('',#10256,#2334);
#1635=LINE('',#10257,#2335);
#1636=LINE('',#10260,#2336);
#1637=LINE('',#10262,#2337);
#1638=LINE('',#10263,#2338);
#1639=LINE('',#10266,#2339);
#1640=LINE('',#10268,#2340);
#1641=LINE('',#10269,#2341);
#1642=LINE('',#10271,#2342);
#1643=LINE('',#10272,#2343);
#1644=LINE('',#10309,#2344);
#1645=LINE('',#10311,#2345);
#1646=LINE('',#10313,#2346);
#1647=LINE('',#10347,#2347);
#1648=LINE('',#10349,#2348);
#1649=LINE('',#10350,#2349);
#1650=LINE('',#10353,#2350);
#1651=LINE('',#10355,#2351);
#1652=LINE('',#10356,#2352);
#1653=LINE('',#10359,#2353);
#1654=LINE('',#10360,#2354);
#1655=LINE('',#10363,#2355);
#1656=LINE('',#10364,#2356);
#1657=LINE('',#10374,#2357);
#1658=LINE('',#10388,#2358);
#1659=LINE('',#10402,#2359);
#1660=LINE('',#10416,#2360);
#1661=LINE('',#10423,#2361);
#1662=LINE('',#10424,#2362);
#1663=LINE('',#10427,#2363);
#1664=LINE('',#10428,#2364);
#1665=LINE('',#10431,#2365);
#1666=LINE('',#10432,#2366);
#1667=LINE('',#10442,#2367);
#1668=LINE('',#10456,#2368);
#1669=LINE('',#10470,#2369);
#1670=LINE('',#10490,#2370);
#1671=LINE('',#10492,#2371);
#1672=LINE('',#10494,#2372);
#1673=LINE('',#10495,#2373);
#1674=LINE('',#10498,#2374);
#1675=LINE('',#10500,#2375);
#1676=LINE('',#10501,#2376);
#1677=LINE('',#10504,#2377);
#1678=LINE('',#10506,#2378);
#1679=LINE('',#10507,#2379);
#1680=LINE('',#10510,#2380);
#1681=LINE('',#10512,#2381);
#1682=LINE('',#10513,#2382);
#1683=LINE('',#10516,#2383);
#1684=LINE('',#10518,#2384);
#1685=LINE('',#10519,#2385);
#1686=LINE('',#10522,#2386);
#1687=LINE('',#10524,#2387);
#1688=LINE('',#10525,#2388);
#1689=LINE('',#10528,#2389);
#1690=LINE('',#10530,#2390);
#1691=LINE('',#10531,#2391);
#1692=LINE('',#10534,#2392);
#1693=LINE('',#10536,#2393);
#1694=LINE('',#10537,#2394);
#1695=LINE('',#10540,#2395);
#1696=LINE('',#10542,#2396);
#1697=LINE('',#10543,#2397);
#1698=LINE('',#10545,#2398);
#1699=LINE('',#10546,#2399);
#1700=LINE('',#10575,#2400);
#1701=LINE('',#10601,#2401);
#1702=LINE('',#10603,#2402);
#1703=LINE('',#10604,#2403);
#1704=LINE('',#10623,#2404);
#1705=LINE('',#10625,#2405);
#1706=LINE('',#10627,#2406);
#1707=LINE('',#10661,#2407);
#1708=LINE('',#10663,#2408);
#1709=LINE('',#10665,#2409);
#1710=LINE('',#10683,#2410);
#1711=LINE('',#10685,#2411);
#1712=LINE('',#10686,#2412);
#1713=LINE('',#10689,#2413);
#1714=LINE('',#10690,#2414);
#1715=LINE('',#10700,#2415);
#1716=LINE('',#10714,#2416);
#1717=LINE('',#10721,#2417);
#1718=LINE('',#10723,#2418);
#1719=LINE('',#10724,#2419);
#1720=LINE('',#10727,#2420);
#1721=LINE('',#10728,#2421);
#1722=LINE('',#10738,#2422);
#1723=LINE('',#10752,#2423);
#1724=LINE('',#10766,#2424);
#1725=LINE('',#10772,#2425);
#1726=LINE('',#10775,#2426);
#1727=LINE('',#10776,#2427);
#1728=LINE('',#10786,#2428);
#1729=LINE('',#10800,#2429);
#1730=LINE('',#10814,#2430);
#1731=LINE('',#10821,#2431);
#1732=LINE('',#10822,#2432);
#1733=LINE('',#10836,#2433);
#1734=LINE('',#10851,#2434);
#1735=LINE('',#10852,#2435);
#1736=LINE('',#10866,#2436);
#1737=LINE('',#10881,#2437);
#1738=LINE('',#10882,#2438);
#1739=LINE('',#10885,#2439);
#1740=LINE('',#10886,#2440);
#1741=LINE('',#10889,#2441);
#1742=LINE('',#10890,#2442);
#1743=LINE('',#10900,#2443);
#1744=LINE('',#10920,#2444);
#1745=LINE('',#10922,#2445);
#1746=LINE('',#10924,#2446);
#1747=LINE('',#10925,#2447);
#1748=LINE('',#10928,#2448);
#1749=LINE('',#10930,#2449);
#1750=LINE('',#10931,#2450);
#1751=LINE('',#10934,#2451);
#1752=LINE('',#10936,#2452);
#1753=LINE('',#10937,#2453);
#1754=LINE('',#10940,#2454);
#1755=LINE('',#10942,#2455);
#1756=LINE('',#10943,#2456);
#1757=LINE('',#10946,#2457);
#1758=LINE('',#10948,#2458);
#1759=LINE('',#10949,#2459);
#1760=LINE('',#10952,#2460);
#1761=LINE('',#10954,#2461);
#1762=LINE('',#10955,#2462);
#1763=LINE('',#10958,#2463);
#1764=LINE('',#10960,#2464);
#1765=LINE('',#10961,#2465);
#1766=LINE('',#10964,#2466);
#1767=LINE('',#10966,#2467);
#1768=LINE('',#10967,#2468);
#1769=LINE('',#10970,#2469);
#1770=LINE('',#10972,#2470);
#1771=LINE('',#10973,#2471);
#1772=LINE('',#10976,#2472);
#1773=LINE('',#10978,#2473);
#1774=LINE('',#10979,#2474);
#1775=LINE('',#10982,#2475);
#1776=LINE('',#10984,#2476);
#1777=LINE('',#10985,#2477);
#1778=LINE('',#10988,#2478);
#1779=LINE('',#10990,#2479);
#1780=LINE('',#10991,#2480);
#1781=LINE('',#10993,#2481);
#1782=LINE('',#10994,#2482);
#1783=LINE('',#10999,#2483);
#1784=LINE('',#11001,#2484);
#1785=LINE('',#11003,#2485);
#1786=LINE('',#11029,#2486);
#1787=LINE('',#11031,#2487);
#1788=LINE('',#11033,#2488);
#1789=LINE('',#11035,#2489);
#1790=LINE('',#11036,#2490);
#1791=LINE('',#11055,#2491);
#1792=LINE('',#11057,#2492);
#1793=LINE('',#11059,#2493);
#1794=LINE('',#11077,#2494);
#1795=LINE('',#11079,#2495);
#1796=LINE('',#11080,#2496);
#1797=LINE('',#11083,#2497);
#1798=LINE('',#11084,#2498);
#1799=LINE('',#11094,#2499);
#1800=LINE('',#11108,#2500);
#1801=LINE('',#11122,#2501);
#1802=LINE('',#11128,#2502);
#1803=LINE('',#11138,#2503);
#1804=LINE('',#11152,#2504);
#1805=LINE('',#11159,#2505);
#1806=LINE('',#11160,#2506);
#1807=LINE('',#11163,#2507);
#1808=LINE('',#11164,#2508);
#1809=LINE('',#11167,#2509);
#1810=LINE('',#11168,#2510);
#1811=LINE('',#11171,#2511);
#1812=LINE('',#11172,#2512);
#1813=LINE('',#11186,#2513);
#1814=LINE('',#11201,#2514);
#1815=LINE('',#11202,#2515);
#1816=LINE('',#11205,#2516);
#1817=LINE('',#11206,#2517);
#1818=LINE('',#11209,#2518);
#1819=LINE('',#11210,#2519);
#1820=LINE('',#11213,#2520);
#1821=LINE('',#11214,#2521);
#1822=LINE('',#11216,#2522);
#1823=LINE('',#11220,#2523);
#1824=LINE('',#11222,#2524);
#1825=LINE('',#11224,#2525);
#1826=LINE('',#11225,#2526);
#1827=LINE('',#11228,#2527);
#1828=LINE('',#11230,#2528);
#1829=LINE('',#11231,#2529);
#1830=LINE('',#11234,#2530);
#1831=LINE('',#11236,#2531);
#1832=LINE('',#11237,#2532);
#1833=LINE('',#11240,#2533);
#1834=LINE('',#11242,#2534);
#1835=LINE('',#11243,#2535);
#1836=LINE('',#11246,#2536);
#1837=LINE('',#11248,#2537);
#1838=LINE('',#11249,#2538);
#1839=LINE('',#11252,#2539);
#1840=LINE('',#11254,#2540);
#1841=LINE('',#11255,#2541);
#1842=LINE('',#11258,#2542);
#1843=LINE('',#11260,#2543);
#1844=LINE('',#11261,#2544);
#1845=LINE('',#11264,#2545);
#1846=LINE('',#11266,#2546);
#1847=LINE('',#11267,#2547);
#1848=LINE('',#11270,#2548);
#1849=LINE('',#11272,#2549);
#1850=LINE('',#11273,#2550);
#1851=LINE('',#11276,#2551);
#1852=LINE('',#11278,#2552);
#1853=LINE('',#11279,#2553);
#1854=LINE('',#11282,#2554);
#1855=LINE('',#11284,#2555);
#1856=LINE('',#11285,#2556);
#1857=LINE('',#11287,#2557);
#1858=LINE('',#11288,#2558);
#1859=LINE('',#11311,#2559);
#1860=LINE('',#11313,#2560);
#1861=LINE('',#11315,#2561);
#1862=LINE('',#11417,#2562);
#1863=LINE('',#11419,#2563);
#1864=LINE('',#11420,#2564);
#1865=LINE('',#11439,#2565);
#1866=LINE('',#11441,#2566);
#1867=LINE('',#11443,#2567);
#1868=LINE('',#11477,#2568);
#1869=LINE('',#11479,#2569);
#1870=LINE('',#11481,#2570);
#1871=LINE('',#11595,#2571);
#1872=LINE('',#11597,#2572);
#1873=LINE('',#11599,#2573);
#1874=LINE('',#11734,#2574);
#1875=LINE('',#11736,#2575);
#1876=LINE('',#11738,#2576);
#1877=LINE('',#11820,#2577);
#1878=LINE('',#11822,#2578);
#1879=LINE('',#11824,#2579);
#1880=LINE('',#11847,#2580);
#1881=LINE('',#11849,#2581);
#1882=LINE('',#11850,#2582);
#1883=LINE('',#11853,#2583);
#1884=LINE('',#11854,#2584);
#1885=LINE('',#11864,#2585);
#1886=LINE('',#11878,#2586);
#1887=LINE('',#11892,#2587);
#1888=LINE('',#11898,#2588);
#1889=LINE('',#11908,#2589);
#1890=LINE('',#11922,#2590);
#1891=LINE('',#11936,#2591);
#1892=LINE('',#11942,#2592);
#1893=LINE('',#11952,#2593);
#1894=LINE('',#11966,#2594);
#1895=LINE('',#11973,#2595);
#1896=LINE('',#11975,#2596);
#1897=LINE('',#11976,#2597);
#1898=LINE('',#11979,#2598);
#1899=LINE('',#11980,#2599);
#1900=LINE('',#11983,#2600);
#1901=LINE('',#11985,#2601);
#1902=LINE('',#11986,#2602);
#1903=LINE('',#11989,#2603);
#1904=LINE('',#11990,#2604);
#1905=LINE('',#12000,#2605);
#1906=LINE('',#12014,#2606);
#1907=LINE('',#12021,#2607);
#1908=LINE('',#12023,#2608);
#1909=LINE('',#12024,#2609);
#1910=LINE('',#12027,#2610);
#1911=LINE('',#12028,#2611);
#1912=LINE('',#12038,#2612);
#1913=LINE('',#12052,#2613);
#1914=LINE('',#12066,#2614);
#1915=LINE('',#12072,#2615);
#1916=LINE('',#12082,#2616);
#1917=LINE('',#12096,#2617);
#1918=LINE('',#12110,#2618);
#1919=LINE('',#12116,#2619);
#1920=LINE('',#12126,#2620);
#1921=LINE('',#12140,#2621);
#1922=LINE('',#12147,#2622);
#1923=LINE('',#12149,#2623);
#1924=LINE('',#12150,#2624);
#1925=LINE('',#12153,#2625);
#1926=LINE('',#12154,#2626);
#1927=LINE('',#12164,#2627);
#1928=LINE('',#12178,#2628);
#1929=LINE('',#12192,#2629);
#1930=LINE('',#12198,#2630);
#1931=LINE('',#12208,#2631);
#1932=LINE('',#12222,#2632);
#1933=LINE('',#12236,#2633);
#1934=LINE('',#12242,#2634);
#1935=LINE('',#12252,#2635);
#1936=LINE('',#12266,#2636);
#1937=LINE('',#12273,#2637);
#1938=LINE('',#12275,#2638);
#1939=LINE('',#12276,#2639);
#1940=LINE('',#12279,#2640);
#1941=LINE('',#12280,#2641);
#1942=LINE('',#12290,#2642);
#1943=LINE('',#12304,#2643);
#1944=LINE('',#12318,#2644);
#1945=LINE('',#12324,#2645);
#1946=LINE('',#12334,#2646);
#1947=LINE('',#12348,#2647);
#1948=LINE('',#12355,#2648);
#1949=LINE('',#12357,#2649);
#1950=LINE('',#12358,#2650);
#1951=LINE('',#12361,#2651);
#1952=LINE('',#12362,#2652);
#1953=LINE('',#12372,#2653);
#1954=LINE('',#12386,#2654);
#1955=LINE('',#12393,#2655);
#1956=LINE('',#12397,#2656);
#1957=LINE('',#12398,#2657);
#1958=LINE('',#12412,#2658);
#1959=LINE('',#12438,#2659);
#1960=LINE('',#12464,#2660);
#1961=LINE('',#12478,#2661);
#1962=LINE('',#12481,#2662);
#1963=LINE('',#12482,#2663);
#1964=LINE('',#12496,#2664);
#1965=LINE('',#12511,#2665);
#1966=LINE('',#12512,#2666);
#1967=LINE('',#12526,#2667);
#1968=LINE('',#12552,#2668);
#1969=LINE('',#12578,#2669);
#1970=LINE('',#12593,#2670);
#1971=LINE('',#12594,#2671);
#1972=LINE('',#12608,#2672);
#1973=LINE('',#12634,#2673);
#1974=LINE('',#12648,#2674);
#1975=LINE('',#12674,#2675);
#1976=LINE('',#12688,#2676);
#1977=LINE('',#12703,#2677);
#1978=LINE('',#12704,#2678);
#1979=LINE('',#12718,#2679);
#1980=LINE('',#12744,#2680);
#1981=LINE('',#12758,#2681);
#1982=LINE('',#12773,#2682);
#1983=LINE('',#12774,#2683);
#1984=LINE('',#12788,#2684);
#1985=LINE('',#12823,#2685);
#1986=LINE('',#12827,#2686);
#1987=LINE('',#12831,#2687);
#1988=LINE('',#12835,#2688);
#1989=LINE('',#12839,#2689);
#1990=LINE('',#12843,#2690);
#1991=LINE('',#12847,#2691);
#1992=LINE('',#12852,#2692);
#1993=LINE('',#12854,#2693);
#1994=LINE('',#12855,#2694);
#1995=LINE('',#12858,#2695);
#1996=LINE('',#12859,#2696);
#1997=LINE('',#12862,#2697);
#1998=LINE('',#12863,#2698);
#1999=LINE('',#12865,#2699);
#2000=LINE('',#12868,#2700);
#2001=LINE('',#12872,#2701);
#2002=LINE('',#12875,#2702);
#2003=LINE('',#12877,#2703);
#2004=LINE('',#12881,#2704);
#2005=LINE('',#12884,#2705);
#2006=LINE('',#12895,#2706);
#2007=LINE('',#12900,#2707);
#2008=LINE('',#12905,#2708);
#2009=LINE('',#12908,#2709);
#2010=LINE('',#12911,#2710);
#2011=LINE('',#12914,#2711);
#2012=LINE('',#12915,#2712);
#2013=LINE('',#12919,#2713);
#2014=LINE('',#12921,#2714);
#2015=LINE('',#12923,#2715);
#2016=LINE('',#12928,#2716);
#2017=LINE('',#12931,#2717);
#2018=LINE('',#12934,#2718);
#2019=LINE('',#12937,#2719);
#2020=LINE('',#12938,#2720);
#2021=LINE('',#12942,#2721);
#2022=LINE('',#12944,#2722);
#2023=LINE('',#12946,#2723);
#2024=LINE('',#12954,#2724);
#2025=LINE('',#12957,#2725);
#2026=LINE('',#12960,#2726);
#2027=LINE('',#12962,#2727);
#2028=LINE('',#12963,#2728);
#2029=LINE('',#12969,#2729);
#2030=LINE('',#12972,#2730);
#2031=LINE('',#12976,#2731);
#2032=LINE('',#12980,#2732);
#2033=LINE('',#13004,#2733);
#2034=LINE('',#13029,#2734);
#2035=LINE('',#13031,#2735);
#2036=LINE('',#13032,#2736);
#2037=LINE('',#13037,#2737);
#2038=LINE('',#13078,#2738);
#2039=LINE('',#13082,#2739);
#2040=LINE('',#13087,#2740);
#2041=LINE('',#13089,#2741);
#2042=LINE('',#13090,#2742);
#2043=LINE('',#13094,#2743);
#2044=LINE('',#13096,#2744);
#2045=LINE('',#13100,#2745);
#2046=LINE('',#13104,#2746);
#2047=LINE('',#13108,#2747);
#2048=LINE('',#13112,#2748);
#2049=LINE('',#13116,#2749);
#2050=LINE('',#13120,#2750);
#2051=LINE('',#13123,#2751);
#2052=LINE('',#13126,#2752);
#2053=LINE('',#13127,#2753);
#2054=LINE('',#13130,#2754);
#2055=LINE('',#13131,#2755);
#2056=LINE('',#13135,#2756);
#2057=LINE('',#13137,#2757);
#2058=LINE('',#13141,#2758);
#2059=LINE('',#13144,#2759);
#2060=LINE('',#13146,#2760);
#2061=LINE('',#13147,#2761);
#2062=LINE('',#13152,#2762);
#2063=LINE('',#13159,#2763);
#2064=LINE('',#13162,#2764);
#2065=LINE('',#13165,#2765);
#2066=LINE('',#13167,#2766);
#2067=LINE('',#13168,#2767);
#2068=LINE('',#13171,#2768);
#2069=LINE('',#13173,#2769);
#2070=LINE('',#13174,#2770);
#2071=LINE('',#13177,#2771);
#2072=LINE('',#13179,#2772);
#2073=LINE('',#13180,#2773);
#2074=LINE('',#13182,#2774);
#2075=LINE('',#13183,#2775);
#2076=LINE('',#13186,#2776);
#2077=LINE('',#13190,#2777);
#2078=LINE('',#13192,#2778);
#2079=LINE('',#13194,#2779);
#2080=LINE('',#13197,#2780);
#2081=LINE('',#13199,#2781);
#2082=LINE('',#13200,#2782);
#2083=LINE('',#13202,#2783);
#2084=LINE('',#13204,#2784);
#2085=LINE('',#13207,#2785);
#2086=LINE('',#13209,#2786);
#2087=LINE('',#13210,#2787);
#2088=LINE('',#13212,#2788);
#2089=LINE('',#13215,#2789);
#2090=LINE('',#13217,#2790);
#2091=LINE('',#13219,#2791);
#2092=LINE('',#13221,#2792);
#2093=LINE('',#13222,#2793);
#2094=LINE('',#13224,#2794);
#2095=LINE('',#13226,#2795);
#2096=LINE('',#13229,#2796);
#2097=LINE('',#13231,#2797);
#2098=LINE('',#13233,#2798);
#2099=LINE('',#13235,#2799);
#2100=LINE('',#13252,#2800);
#2101=LINE('',#13254,#2801);
#2102=LINE('',#13256,#2802);
#2103=LINE('',#13261,#2803);
#2104=LINE('',#13264,#2804);
#2105=LINE('',#13268,#2805);
#2106=LINE('',#13271,#2806);
#2107=LINE('',#13281,#2807);
#2108=LINE('',#13282,#2808);
#2109=LINE('',#13291,#2809);
#2110=LINE('',#13297,#2810);
#2111=LINE('',#13307,#2811);
#2112=LINE('',#13315,#2812);
#2113=LINE('',#13323,#2813);
#2114=LINE('',#13331,#2814);
#2115=LINE('',#13339,#2815);
#2116=LINE('',#13345,#2816);
#2117=VECTOR('',#7700,10.);
#2118=VECTOR('',#7701,10.);
#2119=VECTOR('',#7702,10.);
#2120=VECTOR('',#7703,10.);
#2121=VECTOR('',#7706,10.);
#2122=VECTOR('',#7707,10.);
#2123=VECTOR('',#7708,10.);
#2124=VECTOR('',#7711,10.);
#2125=VECTOR('',#7712,10.);
#2126=VECTOR('',#7713,10.);
#2127=VECTOR('',#7714,10.);
#2128=VECTOR('',#7717,10.);
#2129=VECTOR('',#7718,10.);
#2130=VECTOR('',#7721,10.);
#2131=VECTOR('',#7722,10.);
#2132=VECTOR('',#7723,10.);
#2133=VECTOR('',#7724,10.);
#2134=VECTOR('',#7725,10.);
#2135=VECTOR('',#7726,10.);
#2136=VECTOR('',#7727,10.);
#2137=VECTOR('',#7728,10.);
#2138=VECTOR('',#7731,10.);
#2139=VECTOR('',#7732,10.);
#2140=VECTOR('',#7733,10.);
#2141=VECTOR('',#7736,10.);
#2142=VECTOR('',#7737,10.);
#2143=VECTOR('',#7738,10.);
#2144=VECTOR('',#7739,10.);
#2145=VECTOR('',#7740,10.);
#2146=VECTOR('',#7743,10.);
#2147=VECTOR('',#7744,10.);
#2148=VECTOR('',#7745,10.);
#2149=VECTOR('',#7748,10.);
#2150=VECTOR('',#7749,10.);
#2151=VECTOR('',#7750,10.);
#2152=VECTOR('',#7751,10.);
#2153=VECTOR('',#7756,10.);
#2154=VECTOR('',#7757,10.);
#2155=VECTOR('',#7758,10.);
#2156=VECTOR('',#7759,10.);
#2157=VECTOR('',#7760,10.);
#2158=VECTOR('',#7761,10.);
#2159=VECTOR('',#7762,10.);
#2160=VECTOR('',#7763,10.);
#2161=VECTOR('',#7764,10.);
#2162=VECTOR('',#7765,10.);
#2163=VECTOR('',#7766,10.);
#2164=VECTOR('',#7767,10.);
#2165=VECTOR('',#7770,10.);
#2166=VECTOR('',#7771,10.);
#2167=VECTOR('',#7772,10.);
#2168=VECTOR('',#7775,10.);
#2169=VECTOR('',#7776,10.);
#2170=VECTOR('',#7779,10.);
#2171=VECTOR('',#7780,10.);
#2172=VECTOR('',#7783,10.);
#2173=VECTOR('',#7784,10.);
#2174=VECTOR('',#7787,10.);
#2175=VECTOR('',#7788,10.);
#2176=VECTOR('',#7791,10.);
#2177=VECTOR('',#7792,10.);
#2178=VECTOR('',#7795,10.);
#2179=VECTOR('',#7796,10.);
#2180=VECTOR('',#7799,10.);
#2181=VECTOR('',#7800,10.);
#2182=VECTOR('',#7803,10.);
#2183=VECTOR('',#7804,10.);
#2184=VECTOR('',#7807,10.);
#2185=VECTOR('',#7808,10.);
#2186=VECTOR('',#7811,10.);
#2187=VECTOR('',#7812,10.);
#2188=VECTOR('',#7815,10.);
#2189=VECTOR('',#7818,10.);
#2190=VECTOR('',#7819,10.);
#2191=VECTOR('',#7820,10.);
#2192=VECTOR('',#7821,10.);
#2193=VECTOR('',#7822,10.);
#2194=VECTOR('',#7823,10.);
#2195=VECTOR('',#7824,10.);
#2196=VECTOR('',#7825,10.);
#2197=VECTOR('',#7826,10.);
#2198=VECTOR('',#7827,10.);
#2199=VECTOR('',#7828,10.);
#2200=VECTOR('',#7829,10.);
#2201=VECTOR('',#7832,10.);
#2202=VECTOR('',#7833,10.);
#2203=VECTOR('',#7834,10.);
#2204=VECTOR('',#7837,10.);
#2205=VECTOR('',#7838,10.);
#2206=VECTOR('',#7839,10.);
#2207=VECTOR('',#7840,10.);
#2208=VECTOR('',#7841,10.);
#2209=VECTOR('',#7842,10.);
#2210=VECTOR('',#7843,10.);
#2211=VECTOR('',#7844,10.);
#2212=VECTOR('',#7845,10.);
#2213=VECTOR('',#7846,10.);
#2214=VECTOR('',#7847,10.);
#2215=VECTOR('',#7850,10.);
#2216=VECTOR('',#7851,10.);
#2217=VECTOR('',#7856,10.);
#2218=VECTOR('',#7857,10.);
#2219=VECTOR('',#7858,10.);
#2220=VECTOR('',#7859,10.);
#2221=VECTOR('',#7860,10.);
#2222=VECTOR('',#7861,10.);
#2223=VECTOR('',#7862,10.);
#2224=VECTOR('',#7863,10.);
#2225=VECTOR('',#7864,10.);
#2226=VECTOR('',#7865,10.);
#2227=VECTOR('',#7866,10.);
#2228=VECTOR('',#7869,10.);
#2229=VECTOR('',#7870,10.);
#2230=VECTOR('',#7871,10.);
#2231=VECTOR('',#7874,10.);
#2232=VECTOR('',#7875,10.);
#2233=VECTOR('',#7878,10.);
#2234=VECTOR('',#7879,10.);
#2235=VECTOR('',#7880,10.);
#2236=VECTOR('',#7883,10.);
#2237=VECTOR('',#7884,10.);
#2238=VECTOR('',#7887,10.);
#2239=VECTOR('',#7888,10.);
#2240=VECTOR('',#7891,10.);
#2241=VECTOR('',#7892,10.);
#2242=VECTOR('',#7895,10.);
#2243=VECTOR('',#7898,10.);
#2244=VECTOR('',#7899,10.);
#2245=VECTOR('',#7902,10.);
#2246=VECTOR('',#7903,10.);
#2247=VECTOR('',#7906,10.);
#2248=VECTOR('',#7907,10.);
#2249=VECTOR('',#7910,10.);
#2250=VECTOR('',#7913,10.);
#2251=VECTOR('',#7914,10.);
#2252=VECTOR('',#7915,10.);
#2253=VECTOR('',#7916,10.);
#2254=VECTOR('',#7919,10.);
#2255=VECTOR('',#7920,10.);
#2256=VECTOR('',#7921,10.);
#2257=VECTOR('',#7924,10.);
#2258=VECTOR('',#7925,10.);
#2259=VECTOR('',#7926,10.);
#2260=VECTOR('',#7929,10.);
#2261=VECTOR('',#7930,10.);
#2262=VECTOR('',#7931,10.);
#2263=VECTOR('',#7934,10.);
#2264=VECTOR('',#7935,10.);
#2265=VECTOR('',#7936,10.);
#2266=VECTOR('',#7937,10.);
#2267=VECTOR('',#7938,10.);
#2268=VECTOR('',#7939,10.);
#2269=VECTOR('',#7942,10.);
#2270=VECTOR('',#7943,10.);
#2271=VECTOR('',#7944,10.);
#2272=VECTOR('',#7947,10.);
#2273=VECTOR('',#7948,10.);
#2274=VECTOR('',#7949,10.);
#2275=VECTOR('',#7952,10.);
#2276=VECTOR('',#7953,10.);
#2277=VECTOR('',#7954,10.);
#2278=VECTOR('',#7957,10.);
#2279=VECTOR('',#7958,10.);
#2280=VECTOR('',#7959,10.);
#2281=VECTOR('',#7960,10.);
#2282=VECTOR('',#7961,10.);
#2283=VECTOR('',#7962,10.);
#2284=VECTOR('',#7963,10.);
#2285=VECTOR('',#7966,10.);
#2286=VECTOR('',#7967,10.);
#2287=VECTOR('',#7968,10.);
#2288=VECTOR('',#7971,10.);
#2289=VECTOR('',#7972,10.);
#2290=VECTOR('',#7977,10.);
#2291=VECTOR('',#7978,10.);
#2292=VECTOR('',#7979,10.);
#2293=VECTOR('',#7980,10.);
#2294=VECTOR('',#7981,10.);
#2295=VECTOR('',#7982,10.);
#2296=VECTOR('',#7985,10.);
#2297=VECTOR('',#7986,10.);
#2298=VECTOR('',#7987,10.);
#2299=VECTOR('',#7990,10.);
#2300=VECTOR('',#7991,10.);
#2301=VECTOR('',#7994,10.);
#2302=VECTOR('',#7995,10.);
#2303=VECTOR('',#7998,10.);
#2304=VECTOR('',#7999,10.);
#2305=VECTOR('',#8002,10.);
#2306=VECTOR('',#8003,10.);
#2307=VECTOR('',#8006,10.);
#2308=VECTOR('',#8009,10.);
#2309=VECTOR('',#8010,10.);
#2310=VECTOR('',#8011,10.);
#2311=VECTOR('',#8012,10.);
#2312=VECTOR('',#8015,10.);
#2313=VECTOR('',#8016,10.);
#2314=VECTOR('',#8017,10.);
#2315=VECTOR('',#8020,10.);
#2316=VECTOR('',#8021,10.);
#2317=VECTOR('',#8022,10.);
#2318=VECTOR('',#8025,10.);
#2319=VECTOR('',#8026,10.);
#2320=VECTOR('',#8027,10.);
#2321=VECTOR('',#8030,10.);
#2322=VECTOR('',#8031,10.);
#2323=VECTOR('',#8032,10.);
#2324=VECTOR('',#8035,10.);
#2325=VECTOR('',#8036,10.);
#2326=VECTOR('',#8037,10.);
#2327=VECTOR('',#8040,10.);
#2328=VECTOR('',#8041,10.);
#2329=VECTOR('',#8042,10.);
#2330=VECTOR('',#8045,10.);
#2331=VECTOR('',#8046,10.);
#2332=VECTOR('',#8047,10.);
#2333=VECTOR('',#8050,10.);
#2334=VECTOR('',#8051,10.);
#2335=VECTOR('',#8052,10.);
#2336=VECTOR('',#8055,10.);
#2337=VECTOR('',#8056,10.);
#2338=VECTOR('',#8057,10.);
#2339=VECTOR('',#8060,10.);
#2340=VECTOR('',#8061,10.);
#2341=VECTOR('',#8062,10.);
#2342=VECTOR('',#8065,10.);
#2343=VECTOR('',#8066,10.);
#2344=VECTOR('',#8071,10.);
#2345=VECTOR('',#8072,10.);
#2346=VECTOR('',#8073,10.);
#2347=VECTOR('',#8074,10.);
#2348=VECTOR('',#8075,10.);
#2349=VECTOR('',#8076,10.);
#2350=VECTOR('',#8079,10.);
#2351=VECTOR('',#8080,10.);
#2352=VECTOR('',#8081,10.);
#2353=VECTOR('',#8084,10.);
#2354=VECTOR('',#8085,10.);
#2355=VECTOR('',#8088,10.);
#2356=VECTOR('',#8089,10.);
#2357=VECTOR('',#8090,10.);
#2358=VECTOR('',#8091,10.);
#2359=VECTOR('',#8092,10.);
#2360=VECTOR('',#8093,10.);
#2361=VECTOR('',#8096,10.);
#2362=VECTOR('',#8097,10.);
#2363=VECTOR('',#8100,10.);
#2364=VECTOR('',#8101,10.);
#2365=VECTOR('',#8104,10.);
#2366=VECTOR('',#8105,10.);
#2367=VECTOR('',#8106,10.);
#2368=VECTOR('',#8107,10.);
#2369=VECTOR('',#8108,10.);
#2370=VECTOR('',#8111,10.);
#2371=VECTOR('',#8112,10.);
#2372=VECTOR('',#8113,10.);
#2373=VECTOR('',#8114,10.);
#2374=VECTOR('',#8117,10.);
#2375=VECTOR('',#8118,10.);
#2376=VECTOR('',#8119,10.);
#2377=VECTOR('',#8122,10.);
#2378=VECTOR('',#8123,10.);
#2379=VECTOR('',#8124,10.);
#2380=VECTOR('',#8127,10.);
#2381=VECTOR('',#8128,10.);
#2382=VECTOR('',#8129,10.);
#2383=VECTOR('',#8132,10.);
#2384=VECTOR('',#8133,10.);
#2385=VECTOR('',#8134,10.);
#2386=VECTOR('',#8137,10.);
#2387=VECTOR('',#8138,10.);
#2388=VECTOR('',#8139,10.);
#2389=VECTOR('',#8142,10.);
#2390=VECTOR('',#8143,10.);
#2391=VECTOR('',#8144,10.);
#2392=VECTOR('',#8147,10.);
#2393=VECTOR('',#8148,10.);
#2394=VECTOR('',#8149,10.);
#2395=VECTOR('',#8152,10.);
#2396=VECTOR('',#8153,10.);
#2397=VECTOR('',#8154,10.);
#2398=VECTOR('',#8157,10.);
#2399=VECTOR('',#8158,10.);
#2400=VECTOR('',#8163,10.);
#2401=VECTOR('',#8164,10.);
#2402=VECTOR('',#8165,10.);
#2403=VECTOR('',#8166,10.);
#2404=VECTOR('',#8167,10.);
#2405=VECTOR('',#8168,10.);
#2406=VECTOR('',#8169,10.);
#2407=VECTOR('',#8170,10.);
#2408=VECTOR('',#8171,10.);
#2409=VECTOR('',#8172,10.);
#2410=VECTOR('',#8175,10.);
#2411=VECTOR('',#8176,10.);
#2412=VECTOR('',#8177,10.);
#2413=VECTOR('',#8180,10.);
#2414=VECTOR('',#8181,10.);
#2415=VECTOR('',#8182,10.);
#2416=VECTOR('',#8183,10.);
#2417=VECTOR('',#8186,10.);
#2418=VECTOR('',#8187,10.);
#2419=VECTOR('',#8188,10.);
#2420=VECTOR('',#8191,10.);
#2421=VECTOR('',#8192,10.);
#2422=VECTOR('',#8193,10.);
#2423=VECTOR('',#8194,10.);
#2424=VECTOR('',#8195,10.);
#2425=VECTOR('',#8196,10.);
#2426=VECTOR('',#8199,10.);
#2427=VECTOR('',#8200,10.);
#2428=VECTOR('',#8201,10.);
#2429=VECTOR('',#8202,10.);
#2430=VECTOR('',#8203,10.);
#2431=VECTOR('',#8206,10.);
#2432=VECTOR('',#8207,10.);
#2433=VECTOR('',#8208,10.);
#2434=VECTOR('',#8211,10.);
#2435=VECTOR('',#8212,10.);
#2436=VECTOR('',#8213,10.);
#2437=VECTOR('',#8216,10.);
#2438=VECTOR('',#8217,10.);
#2439=VECTOR('',#8220,10.);
#2440=VECTOR('',#8221,10.);
#2441=VECTOR('',#8224,10.);
#2442=VECTOR('',#8225,10.);
#2443=VECTOR('',#8226,10.);
#2444=VECTOR('',#8229,10.);
#2445=VECTOR('',#8230,10.);
#2446=VECTOR('',#8231,10.);
#2447=VECTOR('',#8232,10.);
#2448=VECTOR('',#8235,10.);
#2449=VECTOR('',#8236,10.);
#2450=VECTOR('',#8237,10.);
#2451=VECTOR('',#8240,10.);
#2452=VECTOR('',#8241,10.);
#2453=VECTOR('',#8242,10.);
#2454=VECTOR('',#8245,10.);
#2455=VECTOR('',#8246,10.);
#2456=VECTOR('',#8247,10.);
#2457=VECTOR('',#8250,10.);
#2458=VECTOR('',#8251,10.);
#2459=VECTOR('',#8252,10.);
#2460=VECTOR('',#8255,10.);
#2461=VECTOR('',#8256,10.);
#2462=VECTOR('',#8257,10.);
#2463=VECTOR('',#8260,10.);
#2464=VECTOR('',#8261,10.);
#2465=VECTOR('',#8262,10.);
#2466=VECTOR('',#8265,10.);
#2467=VECTOR('',#8266,10.);
#2468=VECTOR('',#8267,10.);
#2469=VECTOR('',#8270,10.);
#2470=VECTOR('',#8271,10.);
#2471=VECTOR('',#8272,10.);
#2472=VECTOR('',#8275,10.);
#2473=VECTOR('',#8276,10.);
#2474=VECTOR('',#8277,10.);
#2475=VECTOR('',#8280,10.);
#2476=VECTOR('',#8281,10.);
#2477=VECTOR('',#8282,10.);
#2478=VECTOR('',#8285,10.);
#2479=VECTOR('',#8286,10.);
#2480=VECTOR('',#8287,10.);
#2481=VECTOR('',#8290,10.);
#2482=VECTOR('',#8291,10.);
#2483=VECTOR('',#8296,10.);
#2484=VECTOR('',#8297,10.);
#2485=VECTOR('',#8298,10.);
#2486=VECTOR('',#8299,10.);
#2487=VECTOR('',#8300,10.);
#2488=VECTOR('',#8301,10.);
#2489=VECTOR('',#8302,10.);
#2490=VECTOR('',#8303,10.);
#2491=VECTOR('',#8304,10.);
#2492=VECTOR('',#8305,10.);
#2493=VECTOR('',#8306,10.);
#2494=VECTOR('',#8309,10.);
#2495=VECTOR('',#8310,10.);
#2496=VECTOR('',#8311,10.);
#2497=VECTOR('',#8314,10.);
#2498=VECTOR('',#8315,10.);
#2499=VECTOR('',#8316,10.);
#2500=VECTOR('',#8317,10.);
#2501=VECTOR('',#8318,10.);
#2502=VECTOR('',#8319,10.);
#2503=VECTOR('',#8320,10.);
#2504=VECTOR('',#8321,10.);
#2505=VECTOR('',#8324,10.);
#2506=VECTOR('',#8325,10.);
#2507=VECTOR('',#8328,10.);
#2508=VECTOR('',#8329,10.);
#2509=VECTOR('',#8332,10.);
#2510=VECTOR('',#8333,10.);
#2511=VECTOR('',#8336,10.);
#2512=VECTOR('',#8337,10.);
#2513=VECTOR('',#8338,10.);
#2514=VECTOR('',#8341,10.);
#2515=VECTOR('',#8342,10.);
#2516=VECTOR('',#8345,10.);
#2517=VECTOR('',#8346,10.);
#2518=VECTOR('',#8349,10.);
#2519=VECTOR('',#8350,10.);
#2520=VECTOR('',#8353,10.);
#2521=VECTOR('',#8354,10.);
#2522=VECTOR('',#8357,10.);
#2523=VECTOR('',#8360,10.);
#2524=VECTOR('',#8361,10.);
#2525=VECTOR('',#8362,10.);
#2526=VECTOR('',#8363,10.);
#2527=VECTOR('',#8366,10.);
#2528=VECTOR('',#8367,10.);
#2529=VECTOR('',#8368,10.);
#2530=VECTOR('',#8371,10.);
#2531=VECTOR('',#8372,10.);
#2532=VECTOR('',#8373,10.);
#2533=VECTOR('',#8376,10.);
#2534=VECTOR('',#8377,10.);
#2535=VECTOR('',#8378,10.);
#2536=VECTOR('',#8381,10.);
#2537=VECTOR('',#8382,10.);
#2538=VECTOR('',#8383,10.);
#2539=VECTOR('',#8386,10.);
#2540=VECTOR('',#8387,10.);
#2541=VECTOR('',#8388,10.);
#2542=VECTOR('',#8391,10.);
#2543=VECTOR('',#8392,10.);
#2544=VECTOR('',#8393,10.);
#2545=VECTOR('',#8396,10.);
#2546=VECTOR('',#8397,10.);
#2547=VECTOR('',#8398,10.);
#2548=VECTOR('',#8401,10.);
#2549=VECTOR('',#8402,10.);
#2550=VECTOR('',#8403,10.);
#2551=VECTOR('',#8406,10.);
#2552=VECTOR('',#8407,10.);
#2553=VECTOR('',#8408,10.);
#2554=VECTOR('',#8411,10.);
#2555=VECTOR('',#8412,10.);
#2556=VECTOR('',#8413,10.);
#2557=VECTOR('',#8416,10.);
#2558=VECTOR('',#8417,10.);
#2559=VECTOR('',#8424,10.);
#2560=VECTOR('',#8425,10.);
#2561=VECTOR('',#8426,10.);
#2562=VECTOR('',#8427,10.);
#2563=VECTOR('',#8428,10.);
#2564=VECTOR('',#8429,10.);
#2565=VECTOR('',#8430,10.);
#2566=VECTOR('',#8431,10.);
#2567=VECTOR('',#8432,10.);
#2568=VECTOR('',#8433,10.);
#2569=VECTOR('',#8434,10.);
#2570=VECTOR('',#8435,10.);
#2571=VECTOR('',#8436,10.);
#2572=VECTOR('',#8437,10.);
#2573=VECTOR('',#8438,10.);
#2574=VECTOR('',#8439,10.);
#2575=VECTOR('',#8440,10.);
#2576=VECTOR('',#8441,10.);
#2577=VECTOR('',#8442,10.);
#2578=VECTOR('',#8443,10.);
#2579=VECTOR('',#8444,10.);
#2580=VECTOR('',#8457,10.);
#2581=VECTOR('',#8458,10.);
#2582=VECTOR('',#8459,10.);
#2583=VECTOR('',#8462,10.);
#2584=VECTOR('',#8463,10.);
#2585=VECTOR('',#8464,10.);
#2586=VECTOR('',#8465,10.);
#2587=VECTOR('',#8466,10.);
#2588=VECTOR('',#8467,10.);
#2589=VECTOR('',#8468,10.);
#2590=VECTOR('',#8469,10.);
#2591=VECTOR('',#8470,10.);
#2592=VECTOR('',#8471,10.);
#2593=VECTOR('',#8472,10.);
#2594=VECTOR('',#8473,10.);
#2595=VECTOR('',#8476,10.);
#2596=VECTOR('',#8477,10.);
#2597=VECTOR('',#8478,10.);
#2598=VECTOR('',#8481,10.);
#2599=VECTOR('',#8482,10.);
#2600=VECTOR('',#8485,10.);
#2601=VECTOR('',#8486,10.);
#2602=VECTOR('',#8487,10.);
#2603=VECTOR('',#8490,10.);
#2604=VECTOR('',#8491,10.);
#2605=VECTOR('',#8492,10.);
#2606=VECTOR('',#8493,10.);
#2607=VECTOR('',#8496,10.);
#2608=VECTOR('',#8497,10.);
#2609=VECTOR('',#8498,10.);
#2610=VECTOR('',#8501,10.);
#2611=VECTOR('',#8502,10.);
#2612=VECTOR('',#8503,10.);
#2613=VECTOR('',#8504,10.);
#2614=VECTOR('',#8505,10.);
#2615=VECTOR('',#8506,10.);
#2616=VECTOR('',#8507,10.);
#2617=VECTOR('',#8508,10.);
#2618=VECTOR('',#8509,10.);
#2619=VECTOR('',#8510,10.);
#2620=VECTOR('',#8511,10.);
#2621=VECTOR('',#8512,10.);
#2622=VECTOR('',#8515,10.);
#2623=VECTOR('',#8516,10.);
#2624=VECTOR('',#8517,10.);
#2625=VECTOR('',#8520,10.);
#2626=VECTOR('',#8521,10.);
#2627=VECTOR('',#8522,10.);
#2628=VECTOR('',#8523,10.);
#2629=VECTOR('',#8524,10.);
#2630=VECTOR('',#8525,10.);
#2631=VECTOR('',#8526,10.);
#2632=VECTOR('',#8527,10.);
#2633=VECTOR('',#8528,10.);
#2634=VECTOR('',#8529,10.);
#2635=VECTOR('',#8530,10.);
#2636=VECTOR('',#8531,10.);
#2637=VECTOR('',#8534,10.);
#2638=VECTOR('',#8535,10.);
#2639=VECTOR('',#8536,10.);
#2640=VECTOR('',#8539,10.);
#2641=VECTOR('',#8540,10.);
#2642=VECTOR('',#8541,10.);
#2643=VECTOR('',#8542,10.);
#2644=VECTOR('',#8543,10.);
#2645=VECTOR('',#8544,10.);
#2646=VECTOR('',#8545,10.);
#2647=VECTOR('',#8546,10.);
#2648=VECTOR('',#8549,10.);
#2649=VECTOR('',#8550,10.);
#2650=VECTOR('',#8551,10.);
#2651=VECTOR('',#8554,10.);
#2652=VECTOR('',#8555,10.);
#2653=VECTOR('',#8556,10.);
#2654=VECTOR('',#8557,10.);
#2655=VECTOR('',#8560,13.25);
#2656=VECTOR('',#8565,10.);
#2657=VECTOR('',#8566,10.);
#2658=VECTOR('',#8567,10.);
#2659=VECTOR('',#8568,10.);
#2660=VECTOR('',#8569,10.);
#2661=VECTOR('',#8572,10.);
#2662=VECTOR('',#8575,10.);
#2663=VECTOR('',#8576,10.);
#2664=VECTOR('',#8577,10.);
#2665=VECTOR('',#8580,10.);
#2666=VECTOR('',#8581,10.);
#2667=VECTOR('',#8582,10.);
#2668=VECTOR('',#8583,10.);
#2669=VECTOR('',#8584,10.);
#2670=VECTOR('',#8587,10.);
#2671=VECTOR('',#8588,10.);
#2672=VECTOR('',#8589,10.);
#2673=VECTOR('',#8590,10.);
#2674=VECTOR('',#8591,10.);
#2675=VECTOR('',#8592,10.);
#2676=VECTOR('',#8593,10.);
#2677=VECTOR('',#8596,10.);
#2678=VECTOR('',#8597,10.);
#2679=VECTOR('',#8598,10.);
#2680=VECTOR('',#8599,10.);
#2681=VECTOR('',#8600,10.);
#2682=VECTOR('',#8603,10.);
#2683=VECTOR('',#8604,10.);
#2684=VECTOR('',#8605,10.);
#2685=VECTOR('',#8644,14.);
#2686=VECTOR('',#8647,10.);
#2687=VECTOR('',#8650,10.);
#2688=VECTOR('',#8653,10.);
#2689=VECTOR('',#8656,10.);
#2690=VECTOR('',#8659,10.);
#2691=VECTOR('',#8662,10.);
#2692=VECTOR('',#8669,10.);
#2693=VECTOR('',#8670,10.);
#2694=VECTOR('',#8671,10.);
#2695=VECTOR('',#8674,10.);
#2696=VECTOR('',#8675,10.);
#2697=VECTOR('',#8678,10.);
#2698=VECTOR('',#8679,10.);
#2699=VECTOR('',#8682,10.);
#2700=VECTOR('',#8685,10.);
#2701=VECTOR('',#8688,10.);
#2702=VECTOR('',#8691,10.);
#2703=VECTOR('',#8692,10.);
#2704=VECTOR('',#8695,10.);
#2705=VECTOR('',#8698,10.);
#2706=VECTOR('',#8709,4.);
#2707=VECTOR('',#8716,4.5);
#2708=VECTOR('',#8723,2.);
#2709=VECTOR('',#8726,10.);
#2710=VECTOR('',#8729,10.);
#2711=VECTOR('',#8732,10.);
#2712=VECTOR('',#8733,10.);
#2713=VECTOR('',#8738,10.);
#2714=VECTOR('',#8741,10.);
#2715=VECTOR('',#8744,10.);
#2716=VECTOR('',#8751,2.);
#2717=VECTOR('',#8754,10.);
#2718=VECTOR('',#8757,10.);
#2719=VECTOR('',#8760,10.);
#2720=VECTOR('',#8761,10.);
#2721=VECTOR('',#8766,10.);
#2722=VECTOR('',#8769,10.);
#2723=VECTOR('',#8772,10.);
#2724=VECTOR('',#8781,10.);
#2725=VECTOR('',#8784,10.);
#2726=VECTOR('',#8787,10.);
#2727=VECTOR('',#8788,10.);
#2728=VECTOR('',#8789,10.);
#2729=VECTOR('',#8794,10.);
#2730=VECTOR('',#8797,10.);
#2731=VECTOR('',#8800,10.);
#2732=VECTOR('',#8803,10.);
#2733=VECTOR('',#8808,10.);
#2734=VECTOR('',#8815,10.);
#2735=VECTOR('',#8818,10.);
#2736=VECTOR('',#8819,10.);
#2737=VECTOR('',#8824,10.);
#2738=VECTOR('',#8829,10.);
#2739=VECTOR('',#8832,10.);
#2740=VECTOR('',#8839,10.);
#2741=VECTOR('',#8840,10.);
#2742=VECTOR('',#8841,10.);
#2743=VECTOR('',#8846,10.);
#2744=VECTOR('',#8847,10.);
#2745=VECTOR('',#8850,10.);
#2746=VECTOR('',#8853,10.);
#2747=VECTOR('',#8856,10.);
#2748=VECTOR('',#8859,10.);
#2749=VECTOR('',#8862,10.);
#2750=VECTOR('',#8865,10.);
#2751=VECTOR('',#8868,10.);
#2752=VECTOR('',#8871,10.);
#2753=VECTOR('',#8872,10.);
#2754=VECTOR('',#8875,10.);
#2755=VECTOR('',#8876,10.);
#2756=VECTOR('',#8879,10.);
#2757=VECTOR('',#8880,10.);
#2758=VECTOR('',#8885,10.);
#2759=VECTOR('',#8888,10.);
#2760=VECTOR('',#8889,10.);
#2761=VECTOR('',#8890,10.);
#2762=VECTOR('',#8895,10.);
#2763=VECTOR('',#8902,10.);
#2764=VECTOR('',#8905,10.);
#2765=VECTOR('',#8908,10.);
#2766=VECTOR('',#8909,10.);
#2767=VECTOR('',#8910,10.);
#2768=VECTOR('',#8913,10.);
#2769=VECTOR('',#8914,10.);
#2770=VECTOR('',#8915,10.);
#2771=VECTOR('',#8918,10.);
#2772=VECTOR('',#8919,10.);
#2773=VECTOR('',#8920,10.);
#2774=VECTOR('',#8923,10.);
#2775=VECTOR('',#8924,10.);
#2776=VECTOR('',#8927,10.);
#2777=VECTOR('',#8930,10.);
#2778=VECTOR('',#8931,10.);
#2779=VECTOR('',#8932,10.);
#2780=VECTOR('',#8935,10.);
#2781=VECTOR('',#8936,10.);
#2782=VECTOR('',#8937,10.);
#2783=VECTOR('',#8940,10.);
#2784=VECTOR('',#8943,10.);
#2785=VECTOR('',#8948,10.);
#2786=VECTOR('',#8951,10.);
#2787=VECTOR('',#8952,10.);
#2788=VECTOR('',#8955,10.);
#2789=VECTOR('',#8958,10.);
#2790=VECTOR('',#8959,10.);
#2791=VECTOR('',#8960,10.);
#2792=VECTOR('',#8961,10.);
#2793=VECTOR('',#8962,10.);
#2794=VECTOR('',#8965,10.);
#2795=VECTOR('',#8968,10.);
#2796=VECTOR('',#8973,10.);
#2797=VECTOR('',#8976,10.);
#2798=VECTOR('',#8979,10.);
#2799=VECTOR('',#8982,10.);
#2800=VECTOR('',#8993,10.);
#2801=VECTOR('',#8994,10.);
#2802=VECTOR('',#8995,10.);
#2803=VECTOR('',#8996,10.);
#2804=VECTOR('',#8999,10.);
#2805=VECTOR('',#9002,2.5);
#2806=VECTOR('',#9005,10.);
#2807=VECTOR('',#9016,10.);
#2808=VECTOR('',#9017,10.);
#2809=VECTOR('',#9030,2.5);
#2810=VECTOR('',#9037,4.);
#2811=VECTOR('',#9052,0.7);
#2812=VECTOR('',#9063,0.7);
#2813=VECTOR('',#9074,0.7);
#2814=VECTOR('',#9085,0.7);
#2815=VECTOR('',#9096,0.7);
#2816=VECTOR('',#9103,13.25);
#2817=VERTEX_POINT('',#9114);
#2818=VERTEX_POINT('',#9115);
#2819=VERTEX_POINT('',#9117);
#2820=VERTEX_POINT('',#9125);
#2821=VERTEX_POINT('',#9133);
#2822=VERTEX_POINT('',#9135);
#2823=VERTEX_POINT('',#9137);
#2824=VERTEX_POINT('',#9145);
#2825=VERTEX_POINT('',#9153);
#2826=VERTEX_POINT('',#9161);
#2827=VERTEX_POINT('',#9171);
#2828=VERTEX_POINT('',#9173);
#2829=VERTEX_POINT('',#9177);
#2830=VERTEX_POINT('',#9188);
#2831=VERTEX_POINT('',#9202);
#2832=VERTEX_POINT('',#9209);
#2833=VERTEX_POINT('',#9213);
#2834=VERTEX_POINT('',#9224);
#2835=VERTEX_POINT('',#9238);
#2836=VERTEX_POINT('',#9252);
#2837=VERTEX_POINT('',#9278);
#2838=VERTEX_POINT('',#9279);
#2839=VERTEX_POINT('',#9287);
#2840=VERTEX_POINT('',#9289);
#2841=VERTEX_POINT('',#9303);
#2842=VERTEX_POINT('',#9311);
#2843=VERTEX_POINT('',#9318);
#2844=VERTEX_POINT('',#9320);
#2845=VERTEX_POINT('',#9324);
#2846=VERTEX_POINT('',#9326);
#2847=VERTEX_POINT('',#9337);
#2848=VERTEX_POINT('',#9345);
#2849=VERTEX_POINT('',#9359);
#2850=VERTEX_POINT('',#9367);
#2851=VERTEX_POINT('',#9374);
#2852=VERTEX_POINT('',#9376);
#2853=VERTEX_POINT('',#9380);
#2854=VERTEX_POINT('',#9382);
#2855=VERTEX_POINT('',#9393);
#2856=VERTEX_POINT('',#9401);
#2857=VERTEX_POINT('',#9427);
#2858=VERTEX_POINT('',#9428);
#2859=VERTEX_POINT('',#9430);
#2860=VERTEX_POINT('',#9432);
#2861=VERTEX_POINT('',#9434);
#2862=VERTEX_POINT('',#9436);
#2863=VERTEX_POINT('',#9438);
#2864=VERTEX_POINT('',#9440);
#2865=VERTEX_POINT('',#9442);
#2866=VERTEX_POINT('',#9444);
#2867=VERTEX_POINT('',#9446);
#2868=VERTEX_POINT('',#9448);
#2869=VERTEX_POINT('',#9452);
#2870=VERTEX_POINT('',#9454);
#2871=VERTEX_POINT('',#9458);
#2872=VERTEX_POINT('',#9462);
#2873=VERTEX_POINT('',#9466);
#2874=VERTEX_POINT('',#9470);
#2875=VERTEX_POINT('',#9474);
#2876=VERTEX_POINT('',#9478);
#2877=VERTEX_POINT('',#9482);
#2878=VERTEX_POINT('',#9486);
#2879=VERTEX_POINT('',#9490);
#2880=VERTEX_POINT('',#9494);
#2881=VERTEX_POINT('',#9500);
#2882=VERTEX_POINT('',#9501);
#2883=VERTEX_POINT('',#9503);
#2884=VERTEX_POINT('',#9505);
#2885=VERTEX_POINT('',#9516);
#2886=VERTEX_POINT('',#9524);
#2887=VERTEX_POINT('',#9538);
#2888=VERTEX_POINT('',#9546);
#2889=VERTEX_POINT('',#9560);
#2890=VERTEX_POINT('',#9568);
#2891=VERTEX_POINT('',#9582);
#2892=VERTEX_POINT('',#9590);
#2893=VERTEX_POINT('',#9604);
#2894=VERTEX_POINT('',#9612);
#2895=VERTEX_POINT('',#9626);
#2896=VERTEX_POINT('',#9634);
#2897=VERTEX_POINT('',#9648);
#2898=VERTEX_POINT('',#9656);
#2899=VERTEX_POINT('',#9670);
#2900=VERTEX_POINT('',#9678);
#2901=VERTEX_POINT('',#9685);
#2902=VERTEX_POINT('',#9687);
#2903=VERTEX_POINT('',#9691);
#2904=VERTEX_POINT('',#9693);
#2905=VERTEX_POINT('',#9704);
#2906=VERTEX_POINT('',#9712);
#2907=VERTEX_POINT('',#9726);
#2908=VERTEX_POINT('',#9734);
#2909=VERTEX_POINT('',#9748);
#2910=VERTEX_POINT('',#9756);
#2911=VERTEX_POINT('',#9770);
#2912=VERTEX_POINT('',#9778);
#2913=VERTEX_POINT('',#9792);
#2914=VERTEX_POINT('',#9800);
#2915=VERTEX_POINT('',#9814);
#2916=VERTEX_POINT('',#9822);
#2917=VERTEX_POINT('',#9836);
#2918=VERTEX_POINT('',#9844);
#2919=VERTEX_POINT('',#9858);
#2920=VERTEX_POINT('',#9866);
#2921=VERTEX_POINT('',#9877);
#2922=VERTEX_POINT('',#9878);
#2923=VERTEX_POINT('',#9880);
#2924=VERTEX_POINT('',#9882);
#2925=VERTEX_POINT('',#9884);
#2926=VERTEX_POINT('',#9886);
#2927=VERTEX_POINT('',#9888);
#2928=VERTEX_POINT('',#9890);
#2929=VERTEX_POINT('',#9893);
#2930=VERTEX_POINT('',#9894);
#2931=VERTEX_POINT('',#9896);
#2932=VERTEX_POINT('',#9900);
#2933=VERTEX_POINT('',#9902);
#2934=VERTEX_POINT('',#9906);
#2935=VERTEX_POINT('',#9910);
#2936=VERTEX_POINT('',#9912);
#2937=VERTEX_POINT('',#9916);
#2938=VERTEX_POINT('',#9920);
#2939=VERTEX_POINT('',#9924);
#2940=VERTEX_POINT('',#9930);
#2941=VERTEX_POINT('',#9934);
#2942=VERTEX_POINT('',#9938);
#2943=VERTEX_POINT('',#9944);
#2944=VERTEX_POINT('',#9945);
#2945=VERTEX_POINT('',#9947);
#2946=VERTEX_POINT('',#9949);
#2947=VERTEX_POINT('',#9953);
#2948=VERTEX_POINT('',#9955);
#2949=VERTEX_POINT('',#9959);
#2950=VERTEX_POINT('',#9961);
#2951=VERTEX_POINT('',#9965);
#2952=VERTEX_POINT('',#9967);
#2953=VERTEX_POINT('',#9971);
#2954=VERTEX_POINT('',#9973);
#2955=VERTEX_POINT('',#9984);
#2956=VERTEX_POINT('',#9985);
#2957=VERTEX_POINT('',#9993);
#2958=VERTEX_POINT('',#9995);
#2959=VERTEX_POINT('',#10009);
#2960=VERTEX_POINT('',#10017);
#2961=VERTEX_POINT('',#10024);
#2962=VERTEX_POINT('',#10026);
#2963=VERTEX_POINT('',#10030);
#2964=VERTEX_POINT('',#10032);
#2965=VERTEX_POINT('',#10036);
#2966=VERTEX_POINT('',#10038);
#2967=VERTEX_POINT('',#10042);
#2968=VERTEX_POINT('',#10044);
#2969=VERTEX_POINT('',#10055);
#2970=VERTEX_POINT('',#10063);
#2971=VERTEX_POINT('',#10077);
#2972=VERTEX_POINT('',#10085);
#2973=VERTEX_POINT('',#10118);
#2974=VERTEX_POINT('',#10126);
#2975=VERTEX_POINT('',#10140);
#2976=VERTEX_POINT('',#10148);
#2977=VERTEX_POINT('',#10155);
#2978=VERTEX_POINT('',#10157);
#2979=VERTEX_POINT('',#10165);
#2980=VERTEX_POINT('',#10166);
#2981=VERTEX_POINT('',#10168);
#2982=VERTEX_POINT('',#10170);
#2983=VERTEX_POINT('',#10172);
#2984=VERTEX_POINT('',#10174);
#2985=VERTEX_POINT('',#10178);
#2986=VERTEX_POINT('',#10180);
#2987=VERTEX_POINT('',#10184);
#2988=VERTEX_POINT('',#10188);
#2989=VERTEX_POINT('',#10192);
#2990=VERTEX_POINT('',#10196);
#2991=VERTEX_POINT('',#10202);
#2992=VERTEX_POINT('',#10203);
#2993=VERTEX_POINT('',#10205);
#2994=VERTEX_POINT('',#10207);
#2995=VERTEX_POINT('',#10211);
#2996=VERTEX_POINT('',#10213);
#2997=VERTEX_POINT('',#10217);
#2998=VERTEX_POINT('',#10219);
#2999=VERTEX_POINT('',#10223);
#3000=VERTEX_POINT('',#10225);
#3001=VERTEX_POINT('',#10229);
#3002=VERTEX_POINT('',#10231);
#3003=VERTEX_POINT('',#10235);
#3004=VERTEX_POINT('',#10237);
#3005=VERTEX_POINT('',#10241);
#3006=VERTEX_POINT('',#10243);
#3007=VERTEX_POINT('',#10247);
#3008=VERTEX_POINT('',#10249);
#3009=VERTEX_POINT('',#10253);
#3010=VERTEX_POINT('',#10255);
#3011=VERTEX_POINT('',#10259);
#3012=VERTEX_POINT('',#10261);
#3013=VERTEX_POINT('',#10265);
#3014=VERTEX_POINT('',#10267);
#3015=VERTEX_POINT('',#10275);
#3016=VERTEX_POINT('',#10276);
#3017=VERTEX_POINT('',#10284);
#3018=VERTEX_POINT('',#10292);
#3019=VERTEX_POINT('',#10300);
#3020=VERTEX_POINT('',#10308);
#3021=VERTEX_POINT('',#10310);
#3022=VERTEX_POINT('',#10312);
#3023=VERTEX_POINT('',#10314);
#3024=VERTEX_POINT('',#10322);
#3025=VERTEX_POINT('',#10330);
#3026=VERTEX_POINT('',#10338);
#3027=VERTEX_POINT('',#10346);
#3028=VERTEX_POINT('',#10348);
#3029=VERTEX_POINT('',#10352);
#3030=VERTEX_POINT('',#10354);
#3031=VERTEX_POINT('',#10358);
#3032=VERTEX_POINT('',#10362);
#3033=VERTEX_POINT('',#10373);
#3034=VERTEX_POINT('',#10387);
#3035=VERTEX_POINT('',#10401);
#3036=VERTEX_POINT('',#10415);
#3037=VERTEX_POINT('',#10422);
#3038=VERTEX_POINT('',#10426);
#3039=VERTEX_POINT('',#10430);
#3040=VERTEX_POINT('',#10441);
#3041=VERTEX_POINT('',#10455);
#3042=VERTEX_POINT('',#10469);
#3043=VERTEX_POINT('',#10488);
#3044=VERTEX_POINT('',#10489);
#3045=VERTEX_POINT('',#10491);
#3046=VERTEX_POINT('',#10493);
#3047=VERTEX_POINT('',#10497);
#3048=VERTEX_POINT('',#10499);
#3049=VERTEX_POINT('',#10503);
#3050=VERTEX_POINT('',#10505);
#3051=VERTEX_POINT('',#10509);
#3052=VERTEX_POINT('',#10511);
#3053=VERTEX_POINT('',#10515);
#3054=VERTEX_POINT('',#10517);
#3055=VERTEX_POINT('',#10521);
#3056=VERTEX_POINT('',#10523);
#3057=VERTEX_POINT('',#10527);
#3058=VERTEX_POINT('',#10529);
#3059=VERTEX_POINT('',#10533);
#3060=VERTEX_POINT('',#10535);
#3061=VERTEX_POINT('',#10539);
#3062=VERTEX_POINT('',#10541);
#3063=VERTEX_POINT('',#10549);
#3064=VERTEX_POINT('',#10550);
#3065=VERTEX_POINT('',#10558);
#3066=VERTEX_POINT('',#10566);
#3067=VERTEX_POINT('',#10574);
#3068=VERTEX_POINT('',#10576);
#3069=VERTEX_POINT('',#10584);
#3070=VERTEX_POINT('',#10592);
#3071=VERTEX_POINT('',#10600);
#3072=VERTEX_POINT('',#10602);
#3073=VERTEX_POINT('',#10605);
#3074=VERTEX_POINT('',#10606);
#3075=VERTEX_POINT('',#10614);
#3076=VERTEX_POINT('',#10622);
#3077=VERTEX_POINT('',#10624);
#3078=VERTEX_POINT('',#10626);
#3079=VERTEX_POINT('',#10628);
#3080=VERTEX_POINT('',#10643);
#3081=VERTEX_POINT('',#10644);
#3082=VERTEX_POINT('',#10652);
#3083=VERTEX_POINT('',#10660);
#3084=VERTEX_POINT('',#10662);
#3085=VERTEX_POINT('',#10664);
#3086=VERTEX_POINT('',#10666);
#3087=VERTEX_POINT('',#10682);
#3088=VERTEX_POINT('',#10684);
#3089=VERTEX_POINT('',#10688);
#3090=VERTEX_POINT('',#10699);
#3091=VERTEX_POINT('',#10713);
#3092=VERTEX_POINT('',#10720);
#3093=VERTEX_POINT('',#10722);
#3094=VERTEX_POINT('',#10726);
#3095=VERTEX_POINT('',#10737);
#3096=VERTEX_POINT('',#10751);
#3097=VERTEX_POINT('',#10765);
#3098=VERTEX_POINT('',#10767);
#3099=VERTEX_POINT('',#10774);
#3100=VERTEX_POINT('',#10785);
#3101=VERTEX_POINT('',#10799);
#3102=VERTEX_POINT('',#10813);
#3103=VERTEX_POINT('',#10820);
#3104=VERTEX_POINT('',#10831);
#3105=VERTEX_POINT('',#10850);
#3106=VERTEX_POINT('',#10861);
#3107=VERTEX_POINT('',#10880);
#3108=VERTEX_POINT('',#10884);
#3109=VERTEX_POINT('',#10888);
#3110=VERTEX_POINT('',#10899);
#3111=VERTEX_POINT('',#10918);
#3112=VERTEX_POINT('',#10919);
#3113=VERTEX_POINT('',#10921);
#3114=VERTEX_POINT('',#10923);
#3115=VERTEX_POINT('',#10927);
#3116=VERTEX_POINT('',#10929);
#3117=VERTEX_POINT('',#10933);
#3118=VERTEX_POINT('',#10935);
#3119=VERTEX_POINT('',#10939);
#3120=VERTEX_POINT('',#10941);
#3121=VERTEX_POINT('',#10945);
#3122=VERTEX_POINT('',#10947);
#3123=VERTEX_POINT('',#10951);
#3124=VERTEX_POINT('',#10953);
#3125=VERTEX_POINT('',#10957);
#3126=VERTEX_POINT('',#10959);
#3127=VERTEX_POINT('',#10963);
#3128=VERTEX_POINT('',#10965);
#3129=VERTEX_POINT('',#10969);
#3130=VERTEX_POINT('',#10971);
#3131=VERTEX_POINT('',#10975);
#3132=VERTEX_POINT('',#10977);
#3133=VERTEX_POINT('',#10981);
#3134=VERTEX_POINT('',#10983);
#3135=VERTEX_POINT('',#10987);
#3136=VERTEX_POINT('',#10989);
#3137=VERTEX_POINT('',#10997);
#3138=VERTEX_POINT('',#10998);
#3139=VERTEX_POINT('',#11000);
#3140=VERTEX_POINT('',#11002);
#3141=VERTEX_POINT('',#11004);
#3142=VERTEX_POINT('',#11012);
#3143=VERTEX_POINT('',#11020);
#3144=VERTEX_POINT('',#11028);
#3145=VERTEX_POINT('',#11030);
#3146=VERTEX_POINT('',#11032);
#3147=VERTEX_POINT('',#11034);
#3148=VERTEX_POINT('',#11037);
#3149=VERTEX_POINT('',#11038);
#3150=VERTEX_POINT('',#11046);
#3151=VERTEX_POINT('',#11054);
#3152=VERTEX_POINT('',#11056);
#3153=VERTEX_POINT('',#11058);
#3154=VERTEX_POINT('',#11060);
#3155=VERTEX_POINT('',#11076);
#3156=VERTEX_POINT('',#11078);
#3157=VERTEX_POINT('',#11082);
#3158=VERTEX_POINT('',#11093);
#3159=VERTEX_POINT('',#11107);
#3160=VERTEX_POINT('',#11121);
#3161=VERTEX_POINT('',#11123);
#3162=VERTEX_POINT('',#11137);
#3163=VERTEX_POINT('',#11151);
#3164=VERTEX_POINT('',#11158);
#3165=VERTEX_POINT('',#11162);
#3166=VERTEX_POINT('',#11166);
#3167=VERTEX_POINT('',#11170);
#3168=VERTEX_POINT('',#11181);
#3169=VERTEX_POINT('',#11200);
#3170=VERTEX_POINT('',#11204);
#3171=VERTEX_POINT('',#11208);
#3172=VERTEX_POINT('',#11212);
#3173=VERTEX_POINT('',#11218);
#3174=VERTEX_POINT('',#11219);
#3175=VERTEX_POINT('',#11221);
#3176=VERTEX_POINT('',#11223);
#3177=VERTEX_POINT('',#11227);
#3178=VERTEX_POINT('',#11229);
#3179=VERTEX_POINT('',#11233);
#3180=VERTEX_POINT('',#11235);
#3181=VERTEX_POINT('',#11239);
#3182=VERTEX_POINT('',#11241);
#3183=VERTEX_POINT('',#11245);
#3184=VERTEX_POINT('',#11247);
#3185=VERTEX_POINT('',#11251);
#3186=VERTEX_POINT('',#11253);
#3187=VERTEX_POINT('',#11257);
#3188=VERTEX_POINT('',#11259);
#3189=VERTEX_POINT('',#11263);
#3190=VERTEX_POINT('',#11265);
#3191=VERTEX_POINT('',#11269);
#3192=VERTEX_POINT('',#11271);
#3193=VERTEX_POINT('',#11275);
#3194=VERTEX_POINT('',#11277);
#3195=VERTEX_POINT('',#11281);
#3196=VERTEX_POINT('',#11283);
#3197=VERTEX_POINT('',#11291);
#3198=VERTEX_POINT('',#11293);
#3199=VERTEX_POINT('',#11294);
#3200=VERTEX_POINT('',#11302);
#3201=VERTEX_POINT('',#11310);
#3202=VERTEX_POINT('',#11312);
#3203=VERTEX_POINT('',#11314);
#3204=VERTEX_POINT('',#11316);
#3205=VERTEX_POINT('',#11332);
#3206=VERTEX_POINT('',#11333);
#3207=VERTEX_POINT('',#11341);
#3208=VERTEX_POINT('',#11349);
#3209=VERTEX_POINT('',#11357);
#3210=VERTEX_POINT('',#11375);
#3211=VERTEX_POINT('',#11376);
#3212=VERTEX_POINT('',#11384);
#3213=VERTEX_POINT('',#11392);
#3214=VERTEX_POINT('',#11400);
#3215=VERTEX_POINT('',#11415);
#3216=VERTEX_POINT('',#11416);
#3217=VERTEX_POINT('',#11418);
#3218=VERTEX_POINT('',#11421);
#3219=VERTEX_POINT('',#11422);
#3220=VERTEX_POINT('',#11430);
#3221=VERTEX_POINT('',#11438);
#3222=VERTEX_POINT('',#11440);
#3223=VERTEX_POINT('',#11442);
#3224=VERTEX_POINT('',#11444);
#3225=VERTEX_POINT('',#11459);
#3226=VERTEX_POINT('',#11460);
#3227=VERTEX_POINT('',#11468);
#3228=VERTEX_POINT('',#11476);
#3229=VERTEX_POINT('',#11478);
#3230=VERTEX_POINT('',#11480);
#3231=VERTEX_POINT('',#11482);
#3232=VERTEX_POINT('',#11497);
#3233=VERTEX_POINT('',#11498);
#3234=VERTEX_POINT('',#11506);
#3235=VERTEX_POINT('',#11514);
#3236=VERTEX_POINT('',#11522);
#3237=VERTEX_POINT('',#11537);
#3238=VERTEX_POINT('',#11538);
#3239=VERTEX_POINT('',#11546);
#3240=VERTEX_POINT('',#11554);
#3241=VERTEX_POINT('',#11562);
#3242=VERTEX_POINT('',#11577);
#3243=VERTEX_POINT('',#11578);
#3244=VERTEX_POINT('',#11586);
#3245=VERTEX_POINT('',#11594);
#3246=VERTEX_POINT('',#11596);
#3247=VERTEX_POINT('',#11598);
#3248=VERTEX_POINT('',#11600);
#3249=VERTEX_POINT('',#11615);
#3250=VERTEX_POINT('',#11616);
#3251=VERTEX_POINT('',#11624);
#3252=VERTEX_POINT('',#11637);
#3253=VERTEX_POINT('',#11645);
#3254=VERTEX_POINT('',#11653);
#3255=VERTEX_POINT('',#11668);
#3256=VERTEX_POINT('',#11669);
#3257=VERTEX_POINT('',#11677);
#3258=VERTEX_POINT('',#11685);
#3259=VERTEX_POINT('',#11693);
#3260=VERTEX_POINT('',#11701);
#3261=VERTEX_POINT('',#11716);
#3262=VERTEX_POINT('',#11717);
#3263=VERTEX_POINT('',#11725);
#3264=VERTEX_POINT('',#11733);
#3265=VERTEX_POINT('',#11735);
#3266=VERTEX_POINT('',#11737);
#3267=VERTEX_POINT('',#11739);
#3268=VERTEX_POINT('',#11754);
#3269=VERTEX_POINT('',#11755);
#3270=VERTEX_POINT('',#11763);
#3271=VERTEX_POINT('',#11771);
#3272=VERTEX_POINT('',#11779);
#3273=VERTEX_POINT('',#11787);
#3274=VERTEX_POINT('',#11802);
#3275=VERTEX_POINT('',#11803);
#3276=VERTEX_POINT('',#11811);
#3277=VERTEX_POINT('',#11819);
#3278=VERTEX_POINT('',#11821);
#3279=VERTEX_POINT('',#11823);
#3280=VERTEX_POINT('',#11825);
#3281=VERTEX_POINT('',#11846);
#3282=VERTEX_POINT('',#11848);
#3283=VERTEX_POINT('',#11852);
#3284=VERTEX_POINT('',#11863);
#3285=VERTEX_POINT('',#11877);
#3286=VERTEX_POINT('',#11891);
#3287=VERTEX_POINT('',#11893);
#3288=VERTEX_POINT('',#11907);
#3289=VERTEX_POINT('',#11921);
#3290=VERTEX_POINT('',#11935);
#3291=VERTEX_POINT('',#11937);
#3292=VERTEX_POINT('',#11951);
#3293=VERTEX_POINT('',#11965);
#3294=VERTEX_POINT('',#11972);
#3295=VERTEX_POINT('',#11974);
#3296=VERTEX_POINT('',#11978);
#3297=VERTEX_POINT('',#11982);
#3298=VERTEX_POINT('',#11984);
#3299=VERTEX_POINT('',#11988);
#3300=VERTEX_POINT('',#11999);
#3301=VERTEX_POINT('',#12013);
#3302=VERTEX_POINT('',#12020);
#3303=VERTEX_POINT('',#12022);
#3304=VERTEX_POINT('',#12026);
#3305=VERTEX_POINT('',#12037);
#3306=VERTEX_POINT('',#12051);
#3307=VERTEX_POINT('',#12065);
#3308=VERTEX_POINT('',#12067);
#3309=VERTEX_POINT('',#12081);
#3310=VERTEX_POINT('',#12095);
#3311=VERTEX_POINT('',#12109);
#3312=VERTEX_POINT('',#12111);
#3313=VERTEX_POINT('',#12125);
#3314=VERTEX_POINT('',#12139);
#3315=VERTEX_POINT('',#12146);
#3316=VERTEX_POINT('',#12148);
#3317=VERTEX_POINT('',#12152);
#3318=VERTEX_POINT('',#12163);
#3319=VERTEX_POINT('',#12177);
#3320=VERTEX_POINT('',#12191);
#3321=VERTEX_POINT('',#12193);
#3322=VERTEX_POINT('',#12207);
#3323=VERTEX_POINT('',#12221);
#3324=VERTEX_POINT('',#12235);
#3325=VERTEX_POINT('',#12237);
#3326=VERTEX_POINT('',#12251);
#3327=VERTEX_POINT('',#12265);
#3328=VERTEX_POINT('',#12272);
#3329=VERTEX_POINT('',#12274);
#3330=VERTEX_POINT('',#12278);
#3331=VERTEX_POINT('',#12289);
#3332=VERTEX_POINT('',#12303);
#3333=VERTEX_POINT('',#12317);
#3334=VERTEX_POINT('',#12319);
#3335=VERTEX_POINT('',#12333);
#3336=VERTEX_POINT('',#12347);
#3337=VERTEX_POINT('',#12354);
#3338=VERTEX_POINT('',#12356);
#3339=VERTEX_POINT('',#12360);
#3340=VERTEX_POINT('',#12371);
#3341=VERTEX_POINT('',#12385);
#3342=VERTEX_POINT('',#12392);
#3343=VERTEX_POINT('',#12396);
#3344=VERTEX_POINT('',#12407);
#3345=VERTEX_POINT('',#12433);
#3346=VERTEX_POINT('',#12459);
#3347=VERTEX_POINT('',#12480);
#3348=VERTEX_POINT('',#12491);
#3349=VERTEX_POINT('',#12510);
#3350=VERTEX_POINT('',#12521);
#3351=VERTEX_POINT('',#12547);
#3352=VERTEX_POINT('',#12573);
#3353=VERTEX_POINT('',#12592);
#3354=VERTEX_POINT('',#12603);
#3355=VERTEX_POINT('',#12629);
#3356=VERTEX_POINT('',#12643);
#3357=VERTEX_POINT('',#12669);
#3358=VERTEX_POINT('',#12683);
#3359=VERTEX_POINT('',#12702);
#3360=VERTEX_POINT('',#12713);
#3361=VERTEX_POINT('',#12739);
#3362=VERTEX_POINT('',#12753);
#3363=VERTEX_POINT('',#12772);
#3364=VERTEX_POINT('',#12783);
#3365=VERTEX_POINT('',#12802);
#3366=VERTEX_POINT('',#12818);
#3367=VERTEX_POINT('',#12822);
#3368=VERTEX_POINT('',#12824);
#3369=VERTEX_POINT('',#12826);
#3370=VERTEX_POINT('',#12828);
#3371=VERTEX_POINT('',#12830);
#3372=VERTEX_POINT('',#12832);
#3373=VERTEX_POINT('',#12834);
#3374=VERTEX_POINT('',#12836);
#3375=VERTEX_POINT('',#12838);
#3376=VERTEX_POINT('',#12840);
#3377=VERTEX_POINT('',#12842);
#3378=VERTEX_POINT('',#12844);
#3379=VERTEX_POINT('',#12846);
#3380=VERTEX_POINT('',#12851);
#3381=VERTEX_POINT('',#12853);
#3382=VERTEX_POINT('',#12857);
#3383=VERTEX_POINT('',#12861);
#3384=VERTEX_POINT('',#12867);
#3385=VERTEX_POINT('',#12869);
#3386=VERTEX_POINT('',#12871);
#3387=VERTEX_POINT('',#12873);
#3388=VERTEX_POINT('',#12876);
#3389=VERTEX_POINT('',#12878);
#3390=VERTEX_POINT('',#12880);
#3391=VERTEX_POINT('',#12882);
#3392=VERTEX_POINT('',#12885);
#3393=VERTEX_POINT('',#12887);
#3394=VERTEX_POINT('',#12889);
#3395=VERTEX_POINT('',#12892);
#3396=VERTEX_POINT('',#12894);
#3397=VERTEX_POINT('',#12898);
#3398=VERTEX_POINT('',#12903);
#3399=VERTEX_POINT('',#12907);
#3400=VERTEX_POINT('',#12909);
#3401=VERTEX_POINT('',#12913);
#3402=VERTEX_POINT('',#12917);
#3403=VERTEX_POINT('',#12926);
#3404=VERTEX_POINT('',#12930);
#3405=VERTEX_POINT('',#12932);
#3406=VERTEX_POINT('',#12936);
#3407=VERTEX_POINT('',#12940);
#3408=VERTEX_POINT('',#12950);
#3409=VERTEX_POINT('',#12951);
#3410=VERTEX_POINT('',#12953);
#3411=VERTEX_POINT('',#12955);
#3412=VERTEX_POINT('',#12959);
#3413=VERTEX_POINT('',#12961);
#3414=VERTEX_POINT('',#12965);
#3415=VERTEX_POINT('',#12966);
#3416=VERTEX_POINT('',#12968);
#3417=VERTEX_POINT('',#12970);
#3418=VERTEX_POINT('',#12974);
#3419=VERTEX_POINT('',#12975);
#3420=VERTEX_POINT('',#12977);
#3421=VERTEX_POINT('',#12979);
#3422=VERTEX_POINT('',#12983);
#3423=VERTEX_POINT('',#13003);
#3424=VERTEX_POINT('',#13025);
#3425=VERTEX_POINT('',#13027);
#3426=VERTEX_POINT('',#13034);
#3427=VERTEX_POINT('',#13036);
#3428=VERTEX_POINT('',#13040);
#3429=VERTEX_POINT('',#13059);
#3430=VERTEX_POINT('',#13080);
#3431=VERTEX_POINT('',#13081);
#3432=VERTEX_POINT('',#13086);
#3433=VERTEX_POINT('',#13088);
#3434=VERTEX_POINT('',#13092);
#3435=VERTEX_POINT('',#13095);
#3436=VERTEX_POINT('',#13097);
#3437=VERTEX_POINT('',#13099);
#3438=VERTEX_POINT('',#13101);
#3439=VERTEX_POINT('',#13103);
#3440=VERTEX_POINT('',#13105);
#3441=VERTEX_POINT('',#13107);
#3442=VERTEX_POINT('',#13109);
#3443=VERTEX_POINT('',#13111);
#3444=VERTEX_POINT('',#13113);
#3445=VERTEX_POINT('',#13115);
#3446=VERTEX_POINT('',#13117);
#3447=VERTEX_POINT('',#13119);
#3448=VERTEX_POINT('',#13121);
#3449=VERTEX_POINT('',#13125);
#3450=VERTEX_POINT('',#13129);
#3451=VERTEX_POINT('',#13133);
#3452=VERTEX_POINT('',#13134);
#3453=VERTEX_POINT('',#13136);
#3454=VERTEX_POINT('',#13139);
#3455=VERTEX_POINT('',#13143);
#3456=VERTEX_POINT('',#13145);
#3457=VERTEX_POINT('',#13149);
#3458=VERTEX_POINT('',#13151);
#3459=VERTEX_POINT('',#13155);
#3460=VERTEX_POINT('',#13156);
#3461=VERTEX_POINT('',#13158);
#3462=VERTEX_POINT('',#13160);
#3463=VERTEX_POINT('',#13164);
#3464=VERTEX_POINT('',#13166);
#3465=VERTEX_POINT('',#13170);
#3466=VERTEX_POINT('',#13172);
#3467=VERTEX_POINT('',#13176);
#3468=VERTEX_POINT('',#13178);
#3469=VERTEX_POINT('',#13185);
#3470=VERTEX_POINT('',#13187);
#3471=VERTEX_POINT('',#13189);
#3472=VERTEX_POINT('',#13191);
#3473=VERTEX_POINT('',#13193);
#3474=VERTEX_POINT('',#13195);
#3475=VERTEX_POINT('',#13198);
#3476=VERTEX_POINT('',#13214);
#3477=VERTEX_POINT('',#13216);
#3478=VERTEX_POINT('',#13218);
#3479=VERTEX_POINT('',#13220);
#3480=VERTEX_POINT('',#13238);
#3481=VERTEX_POINT('',#13239);
#3482=VERTEX_POINT('',#13243);
#3483=VERTEX_POINT('',#13245);
#3484=VERTEX_POINT('',#13251);
#3485=VERTEX_POINT('',#13253);
#3486=VERTEX_POINT('',#13255);
#3487=VERTEX_POINT('',#13257);
#3488=VERTEX_POINT('',#13263);
#3489=VERTEX_POINT('',#13265);
#3490=VERTEX_POINT('',#13267);
#3491=VERTEX_POINT('',#13270);
#3492=VERTEX_POINT('',#13275);
#3493=VERTEX_POINT('',#13288);
#3494=VERTEX_POINT('',#13290);
#3495=VERTEX_POINT('',#13294);
#3496=VERTEX_POINT('',#13296);
#3497=VERTEX_POINT('',#13302);
#3498=VERTEX_POINT('',#13305);
#3499=VERTEX_POINT('',#13310);
#3500=VERTEX_POINT('',#13313);
#3501=VERTEX_POINT('',#13318);
#3502=VERTEX_POINT('',#13321);
#3503=VERTEX_POINT('',#13326);
#3504=VERTEX_POINT('',#13329);
#3505=VERTEX_POINT('',#13334);
#3506=VERTEX_POINT('',#13337);
#3507=VERTEX_POINT('',#13342);
#3508=VERTEX_POINT('',#13344);
#3509=EDGE_CURVE('',#2817,#2818,#1417,.T.);
#3510=EDGE_CURVE('',#2818,#2819,#1161,.T.);
#3511=EDGE_CURVE('',#2819,#2820,#1162,.T.);
#3512=EDGE_CURVE('',#2820,#2821,#1418,.T.);
#3513=EDGE_CURVE('',#2821,#2822,#1419,.T.);
#3514=EDGE_CURVE('',#2822,#2823,#1163,.T.);
#3515=EDGE_CURVE('',#2823,#2824,#1164,.T.);
#3516=EDGE_CURVE('',#2824,#2825,#1165,.T.);
#3517=EDGE_CURVE('',#2825,#2826,#1166,.T.);
#3518=EDGE_CURVE('',#2826,#2817,#1420,.T.);
#3519=EDGE_CURVE('',#2827,#2821,#1421,.T.);
#3520=EDGE_CURVE('',#2828,#2827,#1422,.T.);
#3521=EDGE_CURVE('',#2828,#2822,#1423,.T.);
#3522=EDGE_CURVE('',#2829,#2820,#1424,.T.);
#3523=EDGE_CURVE('',#2827,#2829,#1425,.T.);
#3524=EDGE_CURVE('',#2830,#2819,#1426,.T.);
#3525=EDGE_CURVE('',#2829,#2830,#1167,.T.);
#3526=EDGE_CURVE('',#2831,#2818,#1427,.T.);
#3527=EDGE_CURVE('',#2830,#2831,#1168,.T.);
#3528=EDGE_CURVE('',#2832,#2817,#1428,.T.);
#3529=EDGE_CURVE('',#2831,#2832,#1429,.T.);
#3530=EDGE_CURVE('',#2833,#2826,#1430,.T.);
#3531=EDGE_CURVE('',#2832,#2833,#1431,.T.);
#3532=EDGE_CURVE('',#2834,#2825,#1432,.T.);
#3533=EDGE_CURVE('',#2833,#2834,#1169,.T.);
#3534=EDGE_CURVE('',#2835,#2824,#1433,.T.);
#3535=EDGE_CURVE('',#2834,#2835,#1170,.T.);
#3536=EDGE_CURVE('',#2836,#2823,#1434,.T.);
#3537=EDGE_CURVE('',#2835,#2836,#1171,.T.);
#3538=EDGE_CURVE('',#2836,#2828,#1172,.T.);
#3539=EDGE_CURVE('',#2837,#2838,#1173,.T.);
#3540=EDGE_CURVE('',#2839,#2837,#1435,.T.);
#3541=EDGE_CURVE('',#2840,#2839,#1174,.T.);
#3542=EDGE_CURVE('',#2840,#2838,#1436,.T.);
#3543=EDGE_CURVE('',#2838,#2841,#1175,.T.);
#3544=EDGE_CURVE('',#2842,#2840,#1176,.T.);
#3545=EDGE_CURVE('',#2842,#2841,#1437,.T.);
#3546=EDGE_CURVE('',#2841,#2843,#1438,.T.);
#3547=EDGE_CURVE('',#2844,#2842,#1439,.T.);
#3548=EDGE_CURVE('',#2844,#2843,#1440,.T.);
#3549=EDGE_CURVE('',#2843,#2845,#1441,.T.);
#3550=EDGE_CURVE('',#2846,#2844,#1442,.T.);
#3551=EDGE_CURVE('',#2846,#2845,#1443,.T.);
#3552=EDGE_CURVE('',#2845,#2847,#1177,.T.);
#3553=EDGE_CURVE('',#2848,#2846,#1178,.T.);
#3554=EDGE_CURVE('',#2848,#2847,#1444,.T.);
#3555=EDGE_CURVE('',#2847,#2849,#1179,.T.);
#3556=EDGE_CURVE('',#2850,#2848,#1180,.T.);
#3557=EDGE_CURVE('',#2850,#2849,#1445,.T.);
#3558=EDGE_CURVE('',#2849,#2851,#1446,.T.);
#3559=EDGE_CURVE('',#2852,#2850,#1447,.T.);
#3560=EDGE_CURVE('',#2852,#2851,#1448,.T.);
#3561=EDGE_CURVE('',#2851,#2853,#1449,.T.);
#3562=EDGE_CURVE('',#2854,#2852,#1450,.T.);
#3563=EDGE_CURVE('',#2854,#2853,#1451,.T.);
#3564=EDGE_CURVE('',#2853,#2855,#1181,.T.);
#3565=EDGE_CURVE('',#2856,#2854,#1182,.T.);
#3566=EDGE_CURVE('',#2856,#2855,#1452,.T.);
#3567=EDGE_CURVE('',#2855,#2837,#1183,.T.);
#3568=EDGE_CURVE('',#2839,#2856,#1184,.T.);
#3569=EDGE_CURVE('',#2857,#2858,#1453,.T.);
#3570=EDGE_CURVE('',#2858,#2859,#1454,.T.);
#3571=EDGE_CURVE('',#2859,#2860,#1455,.T.);
#3572=EDGE_CURVE('',#2860,#2861,#1456,.T.);
#3573=EDGE_CURVE('',#2861,#2862,#1457,.T.);
#3574=EDGE_CURVE('',#2862,#2863,#1458,.T.);
#3575=EDGE_CURVE('',#2863,#2864,#1459,.T.);
#3576=EDGE_CURVE('',#2864,#2865,#1460,.T.);
#3577=EDGE_CURVE('',#2865,#2866,#1461,.T.);
#3578=EDGE_CURVE('',#2866,#2867,#1462,.T.);
#3579=EDGE_CURVE('',#2867,#2868,#1463,.T.);
#3580=EDGE_CURVE('',#2868,#2857,#1464,.T.);
#3581=EDGE_CURVE('',#2869,#2862,#1465,.T.);
#3582=EDGE_CURVE('',#2870,#2869,#1466,.T.);
#3583=EDGE_CURVE('',#2870,#2863,#1467,.T.);
#3584=EDGE_CURVE('',#2871,#2861,#1468,.T.);
#3585=EDGE_CURVE('',#2869,#2871,#1469,.T.);
#3586=EDGE_CURVE('',#2872,#2860,#1470,.T.);
#3587=EDGE_CURVE('',#2871,#2872,#1471,.T.);
#3588=EDGE_CURVE('',#2873,#2859,#1472,.T.);
#3589=EDGE_CURVE('',#2872,#2873,#1473,.T.);
#3590=EDGE_CURVE('',#2874,#2858,#1474,.T.);
#3591=EDGE_CURVE('',#2873,#2874,#1475,.T.);
#3592=EDGE_CURVE('',#2875,#2857,#1476,.T.);
#3593=EDGE_CURVE('',#2874,#2875,#1477,.T.);
#3594=EDGE_CURVE('',#2876,#2868,#1478,.T.);
#3595=EDGE_CURVE('',#2875,#2876,#1479,.T.);
#3596=EDGE_CURVE('',#2877,#2867,#1480,.T.);
#3597=EDGE_CURVE('',#2876,#2877,#1481,.T.);
#3598=EDGE_CURVE('',#2878,#2866,#1482,.T.);
#3599=EDGE_CURVE('',#2877,#2878,#1483,.T.);
#3600=EDGE_CURVE('',#2879,#2865,#1484,.T.);
#3601=EDGE_CURVE('',#2878,#2879,#1485,.T.);
#3602=EDGE_CURVE('',#2880,#2864,#1486,.T.);
#3603=EDGE_CURVE('',#2879,#2880,#1487,.T.);
#3604=EDGE_CURVE('',#2880,#2870,#1488,.T.);
#3605=EDGE_CURVE('',#2881,#2882,#1489,.T.);
#3606=EDGE_CURVE('',#2883,#2881,#1490,.T.);
#3607=EDGE_CURVE('',#2884,#2883,#1491,.T.);
#3608=EDGE_CURVE('',#2884,#2882,#1492,.T.);
#3609=EDGE_CURVE('',#2882,#2885,#1185,.T.);
#3610=EDGE_CURVE('',#2886,#2884,#1186,.T.);
#3611=EDGE_CURVE('',#2886,#2885,#1493,.T.);
#3612=EDGE_CURVE('',#2885,#2887,#1187,.T.);
#3613=EDGE_CURVE('',#2888,#2886,#1188,.T.);
#3614=EDGE_CURVE('',#2888,#2887,#1494,.T.);
#3615=EDGE_CURVE('',#2887,#2889,#1189,.T.);
#3616=EDGE_CURVE('',#2890,#2888,#1190,.T.);
#3617=EDGE_CURVE('',#2890,#2889,#1495,.T.);
#3618=EDGE_CURVE('',#2889,#2891,#1191,.T.);
#3619=EDGE_CURVE('',#2892,#2890,#1192,.T.);
#3620=EDGE_CURVE('',#2892,#2891,#1496,.T.);
#3621=EDGE_CURVE('',#2891,#2893,#1193,.T.);
#3622=EDGE_CURVE('',#2894,#2892,#1194,.T.);
#3623=EDGE_CURVE('',#2894,#2893,#1497,.T.);
#3624=EDGE_CURVE('',#2893,#2895,#1195,.T.);
#3625=EDGE_CURVE('',#2896,#2894,#1196,.T.);
#3626=EDGE_CURVE('',#2896,#2895,#1498,.T.);
#3627=EDGE_CURVE('',#2895,#2897,#1197,.T.);
#3628=EDGE_CURVE('',#2898,#2896,#1198,.T.);
#3629=EDGE_CURVE('',#2898,#2897,#1499,.T.);
#3630=EDGE_CURVE('',#2897,#2899,#1199,.T.);
#3631=EDGE_CURVE('',#2900,#2898,#1200,.T.);
#3632=EDGE_CURVE('',#2900,#2899,#1500,.T.);
#3633=EDGE_CURVE('',#2899,#2901,#1501,.T.);
#3634=EDGE_CURVE('',#2902,#2900,#1502,.T.);
#3635=EDGE_CURVE('',#2902,#2901,#1503,.T.);
#3636=EDGE_CURVE('',#2901,#2903,#1504,.T.);
#3637=EDGE_CURVE('',#2904,#2902,#1505,.T.);
#3638=EDGE_CURVE('',#2904,#2903,#1506,.T.);
#3639=EDGE_CURVE('',#2903,#2905,#1201,.T.);
#3640=EDGE_CURVE('',#2906,#2904,#1202,.T.);
#3641=EDGE_CURVE('',#2906,#2905,#1507,.T.);
#3642=EDGE_CURVE('',#2905,#2907,#1203,.T.);
#3643=EDGE_CURVE('',#2908,#2906,#1204,.T.);
#3644=EDGE_CURVE('',#2908,#2907,#1508,.T.);
#3645=EDGE_CURVE('',#2907,#2909,#1205,.T.);
#3646=EDGE_CURVE('',#2910,#2908,#1206,.T.);
#3647=EDGE_CURVE('',#2910,#2909,#1509,.T.);
#3648=EDGE_CURVE('',#2909,#2911,#1207,.T.);
#3649=EDGE_CURVE('',#2912,#2910,#1208,.T.);
#3650=EDGE_CURVE('',#2912,#2911,#1510,.T.);
#3651=EDGE_CURVE('',#2911,#2913,#1209,.T.);
#3652=EDGE_CURVE('',#2914,#2912,#1210,.T.);
#3653=EDGE_CURVE('',#2914,#2913,#1511,.T.);
#3654=EDGE_CURVE('',#2913,#2915,#1211,.T.);
#3655=EDGE_CURVE('',#2916,#2914,#1212,.T.);
#3656=EDGE_CURVE('',#2916,#2915,#1512,.T.);
#3657=EDGE_CURVE('',#2915,#2917,#1213,.T.);
#3658=EDGE_CURVE('',#2918,#2916,#1214,.T.);
#3659=EDGE_CURVE('',#2918,#2917,#1513,.T.);
#3660=EDGE_CURVE('',#2917,#2919,#1215,.T.);
#3661=EDGE_CURVE('',#2920,#2918,#1216,.T.);
#3662=EDGE_CURVE('',#2920,#2919,#1514,.T.);
#3663=EDGE_CURVE('',#2919,#2881,#1515,.T.);
#3664=EDGE_CURVE('',#2883,#2920,#1516,.T.);
#3665=EDGE_CURVE('',#2921,#2922,#1517,.T.);
#3666=EDGE_CURVE('',#2922,#2923,#1518,.T.);
#3667=EDGE_CURVE('',#2923,#2924,#1519,.T.);
#3668=EDGE_CURVE('',#2924,#2925,#1520,.T.);
#3669=EDGE_CURVE('',#2925,#2926,#1521,.T.);
#3670=EDGE_CURVE('',#2926,#2927,#1522,.T.);
#3671=EDGE_CURVE('',#2927,#2928,#1523,.T.);
#3672=EDGE_CURVE('',#2928,#2921,#1524,.T.);
#3673=EDGE_CURVE('',#2929,#2930,#1525,.T.);
#3674=EDGE_CURVE('',#2930,#2931,#1526,.T.);
#3675=EDGE_CURVE('',#2931,#2929,#1527,.T.);
#3676=EDGE_CURVE('',#2932,#2930,#1528,.T.);
#3677=EDGE_CURVE('',#2933,#2932,#1529,.T.);
#3678=EDGE_CURVE('',#2933,#2931,#1530,.T.);
#3679=EDGE_CURVE('',#2934,#2929,#1531,.T.);
#3680=EDGE_CURVE('',#2932,#2934,#1532,.T.);
#3681=EDGE_CURVE('',#2935,#2924,#1533,.T.);
#3682=EDGE_CURVE('',#2936,#2935,#1534,.T.);
#3683=EDGE_CURVE('',#2936,#2925,#1535,.T.);
#3684=EDGE_CURVE('',#2937,#2923,#1536,.T.);
#3685=EDGE_CURVE('',#2935,#2937,#1537,.T.);
#3686=EDGE_CURVE('',#2938,#2922,#1538,.T.);
#3687=EDGE_CURVE('',#2937,#2938,#1539,.T.);
#3688=EDGE_CURVE('',#2939,#2921,#1540,.T.);
#3689=EDGE_CURVE('',#2938,#2939,#1541,.T.);
#3690=EDGE_CURVE('',#2934,#2933,#1542,.T.);
#3691=EDGE_CURVE('',#2940,#2928,#1543,.T.);
#3692=EDGE_CURVE('',#2939,#2940,#1544,.T.);
#3693=EDGE_CURVE('',#2941,#2927,#1545,.T.);
#3694=EDGE_CURVE('',#2940,#2941,#1546,.T.);
#3695=EDGE_CURVE('',#2942,#2926,#1547,.T.);
#3696=EDGE_CURVE('',#2941,#2942,#1548,.T.);
#3697=EDGE_CURVE('',#2942,#2936,#1549,.T.);
#3698=EDGE_CURVE('',#2943,#2944,#1550,.T.);
#3699=EDGE_CURVE('',#2945,#2943,#1551,.T.);
#3700=EDGE_CURVE('',#2946,#2945,#1552,.T.);
#3701=EDGE_CURVE('',#2946,#2944,#1553,.T.);
#3702=EDGE_CURVE('',#2944,#2947,#1554,.T.);
#3703=EDGE_CURVE('',#2948,#2946,#1555,.T.);
#3704=EDGE_CURVE('',#2948,#2947,#1556,.T.);
#3705=EDGE_CURVE('',#2947,#2949,#1557,.T.);
#3706=EDGE_CURVE('',#2950,#2948,#1558,.T.);
#3707=EDGE_CURVE('',#2950,#2949,#1559,.T.);
#3708=EDGE_CURVE('',#2949,#2951,#1560,.T.);
#3709=EDGE_CURVE('',#2952,#2950,#1561,.T.);
#3710=EDGE_CURVE('',#2952,#2951,#1562,.T.);
#3711=EDGE_CURVE('',#2951,#2953,#1563,.T.);
#3712=EDGE_CURVE('',#2954,#2952,#1564,.T.);
#3713=EDGE_CURVE('',#2954,#2953,#1565,.T.);
#3714=EDGE_CURVE('',#2955,#2956,#1217,.T.);
#3715=EDGE_CURVE('',#2957,#2955,#1566,.T.);
#3716=EDGE_CURVE('',#2958,#2957,#1218,.T.);
#3717=EDGE_CURVE('',#2958,#2956,#1567,.T.);
#3718=EDGE_CURVE('',#2959,#2955,#1219,.T.);
#3719=EDGE_CURVE('',#2960,#2959,#1568,.T.);
#3720=EDGE_CURVE('',#2957,#2960,#1220,.T.);
#3721=EDGE_CURVE('',#2961,#2959,#1569,.T.);
#3722=EDGE_CURVE('',#2962,#2961,#1570,.T.);
#3723=EDGE_CURVE('',#2960,#2962,#1571,.T.);
#3724=EDGE_CURVE('',#2953,#2963,#1572,.T.);
#3725=EDGE_CURVE('',#2964,#2954,#1573,.T.);
#3726=EDGE_CURVE('',#2964,#2963,#1574,.T.);
#3727=EDGE_CURVE('',#2963,#2965,#1575,.T.);
#3728=EDGE_CURVE('',#2966,#2964,#1576,.T.);
#3729=EDGE_CURVE('',#2966,#2965,#1577,.T.);
#3730=EDGE_CURVE('',#2965,#2967,#1578,.T.);
#3731=EDGE_CURVE('',#2968,#2966,#1579,.T.);
#3732=EDGE_CURVE('',#2968,#2967,#1580,.T.);
#3733=EDGE_CURVE('',#2967,#2969,#1221,.T.);
#3734=EDGE_CURVE('',#2970,#2968,#1222,.T.);
#3735=EDGE_CURVE('',#2970,#2969,#1581,.T.);
#3736=EDGE_CURVE('',#2969,#2971,#1223,.T.);
#3737=EDGE_CURVE('',#2972,#2970,#1224,.T.);
#3738=EDGE_CURVE('',#2972,#2971,#1582,.T.);
#3739=EDGE_CURVE('',#2971,#2943,#1225,.T.);
#3740=EDGE_CURVE('',#2945,#2972,#1226,.T.);
#3741=EDGE_CURVE('',#2956,#2973,#1227,.T.);
#3742=EDGE_CURVE('',#2974,#2958,#1228,.T.);
#3743=EDGE_CURVE('',#2974,#2973,#1583,.T.);
#3744=EDGE_CURVE('',#2973,#2975,#1229,.T.);
#3745=EDGE_CURVE('',#2976,#2974,#1230,.T.);
#3746=EDGE_CURVE('',#2976,#2975,#1584,.T.);
#3747=EDGE_CURVE('',#2975,#2977,#1585,.T.);
#3748=EDGE_CURVE('',#2978,#2976,#1586,.T.);
#3749=EDGE_CURVE('',#2978,#2977,#1587,.T.);
#3750=EDGE_CURVE('',#2977,#2961,#1588,.T.);
#3751=EDGE_CURVE('',#2962,#2978,#1589,.T.);
#3752=EDGE_CURVE('',#2979,#2980,#1590,.T.);
#3753=EDGE_CURVE('',#2980,#2981,#1591,.T.);
#3754=EDGE_CURVE('',#2981,#2982,#1592,.T.);
#3755=EDGE_CURVE('',#2982,#2983,#1593,.T.);
#3756=EDGE_CURVE('',#2983,#2984,#1594,.T.);
#3757=EDGE_CURVE('',#2984,#2979,#1595,.T.);
#3758=EDGE_CURVE('',#2985,#2981,#1596,.T.);
#3759=EDGE_CURVE('',#2986,#2985,#1597,.T.);
#3760=EDGE_CURVE('',#2986,#2982,#1598,.T.);
#3761=EDGE_CURVE('',#2987,#2980,#1599,.T.);
#3762=EDGE_CURVE('',#2985,#2987,#1600,.T.);
#3763=EDGE_CURVE('',#2988,#2979,#1601,.T.);
#3764=EDGE_CURVE('',#2987,#2988,#1602,.T.);
#3765=EDGE_CURVE('',#2989,#2984,#1603,.T.);
#3766=EDGE_CURVE('',#2988,#2989,#1604,.T.);
#3767=EDGE_CURVE('',#2990,#2983,#1605,.T.);
#3768=EDGE_CURVE('',#2989,#2990,#1606,.T.);
#3769=EDGE_CURVE('',#2990,#2986,#1607,.T.);
#3770=EDGE_CURVE('',#2991,#2992,#1608,.T.);
#3771=EDGE_CURVE('',#2993,#2991,#1609,.T.);
#3772=EDGE_CURVE('',#2994,#2993,#1610,.T.);
#3773=EDGE_CURVE('',#2994,#2992,#1611,.T.);
#3774=EDGE_CURVE('',#2992,#2995,#1612,.T.);
#3775=EDGE_CURVE('',#2996,#2994,#1613,.T.);
#3776=EDGE_CURVE('',#2996,#2995,#1614,.T.);
#3777=EDGE_CURVE('',#2995,#2997,#1615,.T.);
#3778=EDGE_CURVE('',#2998,#2996,#1616,.T.);
#3779=EDGE_CURVE('',#2998,#2997,#1617,.T.);
#3780=EDGE_CURVE('',#2997,#2999,#1618,.T.);
#3781=EDGE_CURVE('',#3000,#2998,#1619,.T.);
#3782=EDGE_CURVE('',#3000,#2999,#1620,.T.);
#3783=EDGE_CURVE('',#2999,#3001,#1621,.T.);
#3784=EDGE_CURVE('',#3002,#3000,#1622,.T.);
#3785=EDGE_CURVE('',#3002,#3001,#1623,.T.);
#3786=EDGE_CURVE('',#3001,#3003,#1624,.T.);
#3787=EDGE_CURVE('',#3004,#3002,#1625,.T.);
#3788=EDGE_CURVE('',#3004,#3003,#1626,.T.);
#3789=EDGE_CURVE('',#3003,#3005,#1627,.T.);
#3790=EDGE_CURVE('',#3006,#3004,#1628,.T.);
#3791=EDGE_CURVE('',#3006,#3005,#1629,.T.);
#3792=EDGE_CURVE('',#3005,#3007,#1630,.T.);
#3793=EDGE_CURVE('',#3008,#3006,#1631,.T.);
#3794=EDGE_CURVE('',#3008,#3007,#1632,.T.);
#3795=EDGE_CURVE('',#3007,#3009,#1633,.T.);
#3796=EDGE_CURVE('',#3010,#3008,#1634,.T.);
#3797=EDGE_CURVE('',#3010,#3009,#1635,.T.);
#3798=EDGE_CURVE('',#3009,#3011,#1636,.T.);
#3799=EDGE_CURVE('',#3012,#3010,#1637,.T.);
#3800=EDGE_CURVE('',#3012,#3011,#1638,.T.);
#3801=EDGE_CURVE('',#3011,#3013,#1639,.T.);
#3802=EDGE_CURVE('',#3014,#3012,#1640,.T.);
#3803=EDGE_CURVE('',#3014,#3013,#1641,.T.);
#3804=EDGE_CURVE('',#3013,#2991,#1642,.T.);
#3805=EDGE_CURVE('',#2993,#3014,#1643,.T.);
#3806=EDGE_CURVE('',#3015,#3016,#1231,.T.);
#3807=EDGE_CURVE('',#3016,#3017,#1232,.T.);
#3808=EDGE_CURVE('',#3017,#3018,#1233,.T.);
#3809=EDGE_CURVE('',#3018,#3019,#1234,.T.);
#3810=EDGE_CURVE('',#3019,#3020,#1644,.T.);
#3811=EDGE_CURVE('',#3020,#3021,#1645,.T.);
#3812=EDGE_CURVE('',#3021,#3022,#1646,.T.);
#3813=EDGE_CURVE('',#3022,#3023,#1235,.T.);
#3814=EDGE_CURVE('',#3023,#3024,#1236,.T.);
#3815=EDGE_CURVE('',#3024,#3025,#1237,.T.);
#3816=EDGE_CURVE('',#3025,#3026,#1238,.T.);
#3817=EDGE_CURVE('',#3026,#3027,#1647,.T.);
#3818=EDGE_CURVE('',#3027,#3028,#1648,.T.);
#3819=EDGE_CURVE('',#3028,#3015,#1649,.T.);
#3820=EDGE_CURVE('',#3029,#3021,#1650,.T.);
#3821=EDGE_CURVE('',#3030,#3029,#1651,.T.);
#3822=EDGE_CURVE('',#3030,#3022,#1652,.T.);
#3823=EDGE_CURVE('',#3031,#3020,#1653,.T.);
#3824=EDGE_CURVE('',#3029,#3031,#1654,.T.);
#3825=EDGE_CURVE('',#3032,#3019,#1655,.T.);
#3826=EDGE_CURVE('',#3031,#3032,#1656,.T.);
#3827=EDGE_CURVE('',#3033,#3018,#1657,.T.);
#3828=EDGE_CURVE('',#3032,#3033,#1239,.T.);
#3829=EDGE_CURVE('',#3034,#3017,#1658,.T.);
#3830=EDGE_CURVE('',#3033,#3034,#1240,.T.);
#3831=EDGE_CURVE('',#3035,#3016,#1659,.T.);
#3832=EDGE_CURVE('',#3034,#3035,#1241,.T.);
#3833=EDGE_CURVE('',#3036,#3015,#1660,.T.);
#3834=EDGE_CURVE('',#3035,#3036,#1242,.T.);
#3835=EDGE_CURVE('',#3037,#3028,#1661,.T.);
#3836=EDGE_CURVE('',#3036,#3037,#1662,.T.);
#3837=EDGE_CURVE('',#3038,#3027,#1663,.T.);
#3838=EDGE_CURVE('',#3037,#3038,#1664,.T.);
#3839=EDGE_CURVE('',#3039,#3026,#1665,.T.);
#3840=EDGE_CURVE('',#3038,#3039,#1666,.T.);
#3841=EDGE_CURVE('',#3040,#3025,#1667,.T.);
#3842=EDGE_CURVE('',#3039,#3040,#1243,.T.);
#3843=EDGE_CURVE('',#3041,#3024,#1668,.T.);
#3844=EDGE_CURVE('',#3040,#3041,#1244,.T.);
#3845=EDGE_CURVE('',#3042,#3023,#1669,.T.);
#3846=EDGE_CURVE('',#3041,#3042,#1245,.T.);
#3847=EDGE_CURVE('',#3042,#3030,#1246,.T.);
#3848=EDGE_CURVE('',#3043,#3044,#1670,.T.);
#3849=EDGE_CURVE('',#3045,#3043,#1671,.T.);
#3850=EDGE_CURVE('',#3046,#3045,#1672,.T.);
#3851=EDGE_CURVE('',#3046,#3044,#1673,.T.);
#3852=EDGE_CURVE('',#3044,#3047,#1674,.T.);
#3853=EDGE_CURVE('',#3048,#3046,#1675,.T.);
#3854=EDGE_CURVE('',#3048,#3047,#1676,.T.);
#3855=EDGE_CURVE('',#3047,#3049,#1677,.T.);
#3856=EDGE_CURVE('',#3050,#3048,#1678,.T.);
#3857=EDGE_CURVE('',#3050,#3049,#1679,.T.);
#3858=EDGE_CURVE('',#3049,#3051,#1680,.T.);
#3859=EDGE_CURVE('',#3052,#3050,#1681,.T.);
#3860=EDGE_CURVE('',#3052,#3051,#1682,.T.);
#3861=EDGE_CURVE('',#3051,#3053,#1683,.T.);
#3862=EDGE_CURVE('',#3054,#3052,#1684,.T.);
#3863=EDGE_CURVE('',#3054,#3053,#1685,.T.);
#3864=EDGE_CURVE('',#3053,#3055,#1686,.T.);
#3865=EDGE_CURVE('',#3056,#3054,#1687,.T.);
#3866=EDGE_CURVE('',#3056,#3055,#1688,.T.);
#3867=EDGE_CURVE('',#3055,#3057,#1689,.T.);
#3868=EDGE_CURVE('',#3058,#3056,#1690,.T.);
#3869=EDGE_CURVE('',#3058,#3057,#1691,.T.);
#3870=EDGE_CURVE('',#3057,#3059,#1692,.T.);
#3871=EDGE_CURVE('',#3060,#3058,#1693,.T.);
#3872=EDGE_CURVE('',#3060,#3059,#1694,.T.);
#3873=EDGE_CURVE('',#3059,#3061,#1695,.T.);
#3874=EDGE_CURVE('',#3062,#3060,#1696,.T.);
#3875=EDGE_CURVE('',#3062,#3061,#1697,.T.);
#3876=EDGE_CURVE('',#3061,#3043,#1698,.T.);
#3877=EDGE_CURVE('',#3045,#3062,#1699,.T.);
#3878=EDGE_CURVE('',#3063,#3064,#1247,.T.);
#3879=EDGE_CURVE('',#3064,#3065,#1248,.T.);
#3880=EDGE_CURVE('',#3065,#3066,#1249,.T.);
#3881=EDGE_CURVE('',#3066,#3067,#1700,.T.);
#3882=EDGE_CURVE('',#3067,#3068,#1250,.T.);
#3883=EDGE_CURVE('',#3068,#3069,#1251,.T.);
#3884=EDGE_CURVE('',#3069,#3070,#1252,.T.);
#3885=EDGE_CURVE('',#3070,#3071,#1701,.T.);
#3886=EDGE_CURVE('',#3071,#3072,#1702,.T.);
#3887=EDGE_CURVE('',#3072,#3063,#1703,.T.);
#3888=EDGE_CURVE('',#3073,#3074,#1253,.T.);
#3889=EDGE_CURVE('',#3074,#3075,#1254,.T.);
#3890=EDGE_CURVE('',#3075,#3076,#1704,.T.);
#3891=EDGE_CURVE('',#3076,#3077,#1705,.T.);
#3892=EDGE_CURVE('',#3077,#3078,#1706,.T.);
#3893=EDGE_CURVE('',#3078,#3079,#1255,.T.);
#3894=EDGE_CURVE('',#3079,#3073,#1256,.T.);
#3895=EDGE_CURVE('',#3080,#3081,#1257,.T.);
#3896=EDGE_CURVE('',#3081,#3082,#1258,.T.);
#3897=EDGE_CURVE('',#3082,#3083,#1707,.T.);
#3898=EDGE_CURVE('',#3083,#3084,#1708,.T.);
#3899=EDGE_CURVE('',#3084,#3085,#1709,.T.);
#3900=EDGE_CURVE('',#3085,#3086,#1259,.T.);
#3901=EDGE_CURVE('',#3086,#3080,#1260,.T.);
#3902=EDGE_CURVE('',#3087,#3083,#1710,.T.);
#3903=EDGE_CURVE('',#3088,#3087,#1711,.T.);
#3904=EDGE_CURVE('',#3088,#3084,#1712,.T.);
#3905=EDGE_CURVE('',#3089,#3082,#1713,.T.);
#3906=EDGE_CURVE('',#3087,#3089,#1714,.T.);
#3907=EDGE_CURVE('',#3090,#3081,#1715,.T.);
#3908=EDGE_CURVE('',#3089,#3090,#1261,.T.);
#3909=EDGE_CURVE('',#3091,#3080,#1716,.T.);
#3910=EDGE_CURVE('',#3090,#3091,#1262,.T.);
#3911=EDGE_CURVE('',#3092,#3076,#1717,.T.);
#3912=EDGE_CURVE('',#3093,#3092,#1718,.T.);
#3913=EDGE_CURVE('',#3093,#3077,#1719,.T.);
#3914=EDGE_CURVE('',#3094,#3075,#1720,.T.);
#3915=EDGE_CURVE('',#3092,#3094,#1721,.T.);
#3916=EDGE_CURVE('',#3095,#3074,#1722,.T.);
#3917=EDGE_CURVE('',#3094,#3095,#1263,.T.);
#3918=EDGE_CURVE('',#3096,#3073,#1723,.T.);
#3919=EDGE_CURVE('',#3095,#3096,#1264,.T.);
#3920=EDGE_CURVE('',#3097,#3067,#1724,.T.);
#3921=EDGE_CURVE('',#3098,#3097,#1265,.T.);
#3922=EDGE_CURVE('',#3098,#3068,#1725,.T.);
#3923=EDGE_CURVE('',#3099,#3066,#1726,.T.);
#3924=EDGE_CURVE('',#3097,#3099,#1727,.T.);
#3925=EDGE_CURVE('',#3100,#3065,#1728,.T.);
#3926=EDGE_CURVE('',#3099,#3100,#1266,.T.);
#3927=EDGE_CURVE('',#3101,#3064,#1729,.T.);
#3928=EDGE_CURVE('',#3100,#3101,#1267,.T.);
#3929=EDGE_CURVE('',#3102,#3063,#1730,.T.);
#3930=EDGE_CURVE('',#3101,#3102,#1268,.T.);
#3931=EDGE_CURVE('',#3103,#3088,#1731,.T.);
#3932=EDGE_CURVE('',#3103,#3085,#1732,.T.);
#3933=EDGE_CURVE('',#3104,#3103,#1269,.T.);
#3934=EDGE_CURVE('',#3104,#3086,#1733,.T.);
#3935=EDGE_CURVE('',#3091,#3104,#1270,.T.);
#3936=EDGE_CURVE('',#3105,#3093,#1734,.T.);
#3937=EDGE_CURVE('',#3105,#3078,#1735,.T.);
#3938=EDGE_CURVE('',#3106,#3105,#1271,.T.);
#3939=EDGE_CURVE('',#3106,#3079,#1736,.T.);
#3940=EDGE_CURVE('',#3096,#3106,#1272,.T.);
#3941=EDGE_CURVE('',#3107,#3072,#1737,.T.);
#3942=EDGE_CURVE('',#3102,#3107,#1738,.T.);
#3943=EDGE_CURVE('',#3108,#3071,#1739,.T.);
#3944=EDGE_CURVE('',#3107,#3108,#1740,.T.);
#3945=EDGE_CURVE('',#3109,#3070,#1741,.T.);
#3946=EDGE_CURVE('',#3108,#3109,#1742,.T.);
#3947=EDGE_CURVE('',#3110,#3069,#1743,.T.);
#3948=EDGE_CURVE('',#3109,#3110,#1273,.T.);
#3949=EDGE_CURVE('',#3110,#3098,#1274,.T.);
#3950=EDGE_CURVE('',#3111,#3112,#1744,.T.);
#3951=EDGE_CURVE('',#3113,#3111,#1745,.T.);
#3952=EDGE_CURVE('',#3114,#3113,#1746,.T.);
#3953=EDGE_CURVE('',#3114,#3112,#1747,.T.);
#3954=EDGE_CURVE('',#3112,#3115,#1748,.T.);
#3955=EDGE_CURVE('',#3116,#3114,#1749,.T.);
#3956=EDGE_CURVE('',#3116,#3115,#1750,.T.);
#3957=EDGE_CURVE('',#3115,#3117,#1751,.T.);
#3958=EDGE_CURVE('',#3118,#3116,#1752,.T.);
#3959=EDGE_CURVE('',#3118,#3117,#1753,.T.);
#3960=EDGE_CURVE('',#3117,#3119,#1754,.T.);
#3961=EDGE_CURVE('',#3120,#3118,#1755,.T.);
#3962=EDGE_CURVE('',#3120,#3119,#1756,.T.);
#3963=EDGE_CURVE('',#3119,#3121,#1757,.T.);
#3964=EDGE_CURVE('',#3122,#3120,#1758,.T.);
#3965=EDGE_CURVE('',#3122,#3121,#1759,.T.);
#3966=EDGE_CURVE('',#3121,#3123,#1760,.T.);
#3967=EDGE_CURVE('',#3124,#3122,#1761,.T.);
#3968=EDGE_CURVE('',#3124,#3123,#1762,.T.);
#3969=EDGE_CURVE('',#3123,#3125,#1763,.T.);
#3970=EDGE_CURVE('',#3126,#3124,#1764,.T.);
#3971=EDGE_CURVE('',#3126,#3125,#1765,.T.);
#3972=EDGE_CURVE('',#3125,#3127,#1766,.T.);
#3973=EDGE_CURVE('',#3128,#3126,#1767,.T.);
#3974=EDGE_CURVE('',#3128,#3127,#1768,.T.);
#3975=EDGE_CURVE('',#3127,#3129,#1769,.T.);
#3976=EDGE_CURVE('',#3130,#3128,#1770,.T.);
#3977=EDGE_CURVE('',#3130,#3129,#1771,.T.);
#3978=EDGE_CURVE('',#3129,#3131,#1772,.T.);
#3979=EDGE_CURVE('',#3132,#3130,#1773,.T.);
#3980=EDGE_CURVE('',#3132,#3131,#1774,.T.);
#3981=EDGE_CURVE('',#3131,#3133,#1775,.T.);
#3982=EDGE_CURVE('',#3134,#3132,#1776,.T.);
#3983=EDGE_CURVE('',#3134,#3133,#1777,.T.);
#3984=EDGE_CURVE('',#3133,#3135,#1778,.T.);
#3985=EDGE_CURVE('',#3136,#3134,#1779,.T.);
#3986=EDGE_CURVE('',#3136,#3135,#1780,.T.);
#3987=EDGE_CURVE('',#3135,#3111,#1781,.T.);
#3988=EDGE_CURVE('',#3113,#3136,#1782,.T.);
#3989=EDGE_CURVE('',#3137,#3138,#1783,.T.);
#3990=EDGE_CURVE('',#3138,#3139,#1784,.T.);
#3991=EDGE_CURVE('',#3139,#3140,#1785,.T.);
#3992=EDGE_CURVE('',#3140,#3141,#1275,.T.);
#3993=EDGE_CURVE('',#3141,#3142,#1276,.T.);
#3994=EDGE_CURVE('',#3142,#3143,#1277,.T.);
#3995=EDGE_CURVE('',#3143,#3144,#1786,.T.);
#3996=EDGE_CURVE('',#3144,#3145,#1787,.T.);
#3997=EDGE_CURVE('',#3145,#3146,#1788,.T.);
#3998=EDGE_CURVE('',#3146,#3147,#1789,.T.);
#3999=EDGE_CURVE('',#3147,#3137,#1790,.T.);
#4000=EDGE_CURVE('',#3148,#3149,#1278,.T.);
#4001=EDGE_CURVE('',#3149,#3150,#1279,.T.);
#4002=EDGE_CURVE('',#3150,#3151,#1791,.T.);
#4003=EDGE_CURVE('',#3151,#3152,#1792,.T.);
#4004=EDGE_CURVE('',#3152,#3153,#1793,.T.);
#4005=EDGE_CURVE('',#3153,#3154,#1280,.T.);
#4006=EDGE_CURVE('',#3154,#3148,#1281,.T.);
#4007=EDGE_CURVE('',#3155,#3151,#1794,.T.);
#4008=EDGE_CURVE('',#3156,#3155,#1795,.T.);
#4009=EDGE_CURVE('',#3156,#3152,#1796,.T.);
#4010=EDGE_CURVE('',#3157,#3150,#1797,.T.);
#4011=EDGE_CURVE('',#3155,#3157,#1798,.T.);
#4012=EDGE_CURVE('',#3158,#3149,#1799,.T.);
#4013=EDGE_CURVE('',#3157,#3158,#1282,.T.);
#4014=EDGE_CURVE('',#3159,#3148,#1800,.T.);
#4015=EDGE_CURVE('',#3158,#3159,#1283,.T.);
#4016=EDGE_CURVE('',#3160,#3142,#1801,.T.);
#4017=EDGE_CURVE('',#3161,#3160,#1284,.T.);
#4018=EDGE_CURVE('',#3161,#3143,#1802,.T.);
#4019=EDGE_CURVE('',#3162,#3141,#1803,.T.);
#4020=EDGE_CURVE('',#3160,#3162,#1285,.T.);
#4021=EDGE_CURVE('',#3163,#3140,#1804,.T.);
#4022=EDGE_CURVE('',#3162,#3163,#1286,.T.);
#4023=EDGE_CURVE('',#3164,#3139,#1805,.T.);
#4024=EDGE_CURVE('',#3163,#3164,#1806,.T.);
#4025=EDGE_CURVE('',#3165,#3138,#1807,.T.);
#4026=EDGE_CURVE('',#3164,#3165,#1808,.T.);
#4027=EDGE_CURVE('',#3166,#3137,#1809,.T.);
#4028=EDGE_CURVE('',#3165,#3166,#1810,.T.);
#4029=EDGE_CURVE('',#3167,#3156,#1811,.T.);
#4030=EDGE_CURVE('',#3167,#3153,#1812,.T.);
#4031=EDGE_CURVE('',#3168,#3167,#1287,.T.);
#4032=EDGE_CURVE('',#3168,#3154,#1813,.T.);
#4033=EDGE_CURVE('',#3159,#3168,#1288,.T.);
#4034=EDGE_CURVE('',#3169,#3147,#1814,.T.);
#4035=EDGE_CURVE('',#3166,#3169,#1815,.T.);
#4036=EDGE_CURVE('',#3170,#3146,#1816,.T.);
#4037=EDGE_CURVE('',#3169,#3170,#1817,.T.);
#4038=EDGE_CURVE('',#3171,#3145,#1818,.T.);
#4039=EDGE_CURVE('',#3170,#3171,#1819,.T.);
#4040=EDGE_CURVE('',#3172,#3144,#1820,.T.);
#4041=EDGE_CURVE('',#3171,#3172,#1821,.T.);
#4042=EDGE_CURVE('',#3172,#3161,#1822,.T.);
#4043=EDGE_CURVE('',#3173,#3174,#1823,.T.);
#4044=EDGE_CURVE('',#3175,#3173,#1824,.T.);
#4045=EDGE_CURVE('',#3176,#3175,#1825,.T.);
#4046=EDGE_CURVE('',#3176,#3174,#1826,.T.);
#4047=EDGE_CURVE('',#3174,#3177,#1827,.T.);
#4048=EDGE_CURVE('',#3178,#3176,#1828,.T.);
#4049=EDGE_CURVE('',#3178,#3177,#1829,.T.);
#4050=EDGE_CURVE('',#3177,#3179,#1830,.T.);
#4051=EDGE_CURVE('',#3180,#3178,#1831,.T.);
#4052=EDGE_CURVE('',#3180,#3179,#1832,.T.);
#4053=EDGE_CURVE('',#3179,#3181,#1833,.T.);
#4054=EDGE_CURVE('',#3182,#3180,#1834,.T.);
#4055=EDGE_CURVE('',#3182,#3181,#1835,.T.);
#4056=EDGE_CURVE('',#3181,#3183,#1836,.T.);
#4057=EDGE_CURVE('',#3184,#3182,#1837,.T.);
#4058=EDGE_CURVE('',#3184,#3183,#1838,.T.);
#4059=EDGE_CURVE('',#3183,#3185,#1839,.T.);
#4060=EDGE_CURVE('',#3186,#3184,#1840,.T.);
#4061=EDGE_CURVE('',#3186,#3185,#1841,.T.);
#4062=EDGE_CURVE('',#3185,#3187,#1842,.T.);
#4063=EDGE_CURVE('',#3188,#3186,#1843,.T.);
#4064=EDGE_CURVE('',#3188,#3187,#1844,.T.);
#4065=EDGE_CURVE('',#3187,#3189,#1845,.T.);
#4066=EDGE_CURVE('',#3190,#3188,#1846,.T.);
#4067=EDGE_CURVE('',#3190,#3189,#1847,.T.);
#4068=EDGE_CURVE('',#3189,#3191,#1848,.T.);
#4069=EDGE_CURVE('',#3192,#3190,#1849,.T.);
#4070=EDGE_CURVE('',#3192,#3191,#1850,.T.);
#4071=EDGE_CURVE('',#3191,#3193,#1851,.T.);
#4072=EDGE_CURVE('',#3194,#3192,#1852,.T.);
#4073=EDGE_CURVE('',#3194,#3193,#1853,.T.);
#4074=EDGE_CURVE('',#3193,#3195,#1854,.T.);
#4075=EDGE_CURVE('',#3196,#3194,#1855,.T.);
#4076=EDGE_CURVE('',#3196,#3195,#1856,.T.);
#4077=EDGE_CURVE('',#3195,#3173,#1857,.T.);
#4078=EDGE_CURVE('',#3175,#3196,#1858,.T.);
#4079=EDGE_CURVE('',#3197,#3197,#61,.T.);
#4080=EDGE_CURVE('',#3198,#3199,#1289,.T.);
#4081=EDGE_CURVE('',#3199,#3200,#1290,.T.);
#4082=EDGE_CURVE('',#3200,#3201,#1859,.T.);
#4083=EDGE_CURVE('',#3201,#3202,#1860,.T.);
#4084=EDGE_CURVE('',#3202,#3203,#1861,.T.);
#4085=EDGE_CURVE('',#3203,#3204,#1291,.T.);
#4086=EDGE_CURVE('',#3204,#3198,#1292,.T.);
#4087=EDGE_CURVE('',#3205,#3206,#1293,.T.);
#4088=EDGE_CURVE('',#3206,#3207,#1294,.T.);
#4089=EDGE_CURVE('',#3207,#3208,#1295,.T.);
#4090=EDGE_CURVE('',#3208,#3209,#1296,.T.);
#4091=EDGE_CURVE('',#3209,#3205,#1297,.T.);
#4092=EDGE_CURVE('',#3210,#3211,#1298,.T.);
#4093=EDGE_CURVE('',#3211,#3212,#1299,.T.);
#4094=EDGE_CURVE('',#3212,#3213,#1300,.T.);
#4095=EDGE_CURVE('',#3213,#3214,#1301,.T.);
#4096=EDGE_CURVE('',#3214,#3210,#1302,.T.);
#4097=EDGE_CURVE('',#3215,#3216,#1862,.T.);
#4098=EDGE_CURVE('',#3216,#3217,#1863,.T.);
#4099=EDGE_CURVE('',#3217,#3215,#1864,.T.);
#4100=EDGE_CURVE('',#3218,#3219,#1303,.T.);
#4101=EDGE_CURVE('',#3219,#3220,#1304,.T.);
#4102=EDGE_CURVE('',#3220,#3221,#1865,.T.);
#4103=EDGE_CURVE('',#3221,#3222,#1866,.T.);
#4104=EDGE_CURVE('',#3222,#3223,#1867,.T.);
#4105=EDGE_CURVE('',#3223,#3224,#1305,.T.);
#4106=EDGE_CURVE('',#3224,#3218,#1306,.T.);
#4107=EDGE_CURVE('',#3225,#3226,#1307,.T.);
#4108=EDGE_CURVE('',#3226,#3227,#1308,.T.);
#4109=EDGE_CURVE('',#3227,#3228,#1868,.T.);
#4110=EDGE_CURVE('',#3228,#3229,#1869,.T.);
#4111=EDGE_CURVE('',#3229,#3230,#1870,.T.);
#4112=EDGE_CURVE('',#3230,#3231,#1309,.T.);
#4113=EDGE_CURVE('',#3231,#3225,#1310,.T.);
#4114=EDGE_CURVE('',#3232,#3233,#1311,.T.);
#4115=EDGE_CURVE('',#3233,#3234,#1312,.T.);
#4116=EDGE_CURVE('',#3234,#3235,#1313,.T.);
#4117=EDGE_CURVE('',#3235,#3236,#1314,.T.);
#4118=EDGE_CURVE('',#3236,#3232,#1315,.T.);
#4119=EDGE_CURVE('',#3237,#3238,#1316,.T.);
#4120=EDGE_CURVE('',#3238,#3239,#1317,.T.);
#4121=EDGE_CURVE('',#3239,#3240,#1318,.T.);
#4122=EDGE_CURVE('',#3240,#3241,#1319,.T.);
#4123=EDGE_CURVE('',#3241,#3237,#1320,.T.);
#4124=EDGE_CURVE('',#3242,#3243,#1321,.T.);
#4125=EDGE_CURVE('',#3243,#3244,#1322,.T.);
#4126=EDGE_CURVE('',#3244,#3245,#1871,.T.);
#4127=EDGE_CURVE('',#3245,#3246,#1872,.T.);
#4128=EDGE_CURVE('',#3246,#3247,#1873,.T.);
#4129=EDGE_CURVE('',#3247,#3248,#1323,.T.);
#4130=EDGE_CURVE('',#3248,#3242,#1324,.T.);
#4131=EDGE_CURVE('',#3249,#3250,#1325,.T.);
#4132=EDGE_CURVE('',#3250,#3251,#1326,.T.);
#4133=EDGE_CURVE('',#3251,#3252,#1327,.T.);
#4134=EDGE_CURVE('',#3252,#3253,#1328,.T.);
#4135=EDGE_CURVE('',#3253,#3254,#1329,.T.);
#4136=EDGE_CURVE('',#3254,#3249,#1330,.T.);
#4137=EDGE_CURVE('',#3255,#3256,#1331,.T.);
#4138=EDGE_CURVE('',#3256,#3257,#1332,.T.);
#4139=EDGE_CURVE('',#3257,#3258,#1333,.T.);
#4140=EDGE_CURVE('',#3258,#3259,#1334,.T.);
#4141=EDGE_CURVE('',#3259,#3260,#1335,.T.);
#4142=EDGE_CURVE('',#3260,#3255,#1336,.T.);
#4143=EDGE_CURVE('',#3261,#3262,#1337,.T.);
#4144=EDGE_CURVE('',#3262,#3263,#1338,.T.);
#4145=EDGE_CURVE('',#3263,#3264,#1874,.T.);
#4146=EDGE_CURVE('',#3264,#3265,#1875,.T.);
#4147=EDGE_CURVE('',#3265,#3266,#1876,.T.);
#4148=EDGE_CURVE('',#3266,#3267,#1339,.T.);
#4149=EDGE_CURVE('',#3267,#3261,#1340,.T.);
#4150=EDGE_CURVE('',#3268,#3269,#1341,.T.);
#4151=EDGE_CURVE('',#3269,#3270,#1342,.T.);
#4152=EDGE_CURVE('',#3270,#3271,#1343,.T.);
#4153=EDGE_CURVE('',#3271,#3272,#1344,.T.);
#4154=EDGE_CURVE('',#3272,#3273,#1345,.T.);
#4155=EDGE_CURVE('',#3273,#3268,#1346,.T.);
#4156=EDGE_CURVE('',#3274,#3275,#1347,.T.);
#4157=EDGE_CURVE('',#3275,#3276,#1348,.T.);
#4158=EDGE_CURVE('',#3276,#3277,#1877,.T.);
#4159=EDGE_CURVE('',#3277,#3278,#1878,.T.);
#4160=EDGE_CURVE('',#3278,#3279,#1879,.T.);
#4161=EDGE_CURVE('',#3279,#3280,#1349,.T.);
#4162=EDGE_CURVE('',#3280,#3274,#1350,.T.);
#4163=EDGE_CURVE('',#3281,#3201,#1880,.T.);
#4164=EDGE_CURVE('',#3282,#3281,#1881,.T.);
#4165=EDGE_CURVE('',#3282,#3202,#1882,.T.);
#4166=EDGE_CURVE('',#3283,#3200,#1883,.T.);
#4167=EDGE_CURVE('',#3281,#3283,#1884,.T.);
#4168=EDGE_CURVE('',#3284,#3199,#1885,.T.);
#4169=EDGE_CURVE('',#3283,#3284,#1351,.T.);
#4170=EDGE_CURVE('',#3285,#3198,#1886,.T.);
#4171=EDGE_CURVE('',#3284,#3285,#1352,.T.);
#4172=EDGE_CURVE('',#3286,#3207,#1887,.T.);
#4173=EDGE_CURVE('',#3287,#3286,#1353,.T.);
#4174=EDGE_CURVE('',#3287,#3208,#1888,.T.);
#4175=EDGE_CURVE('',#3288,#3206,#1889,.T.);
#4176=EDGE_CURVE('',#3286,#3288,#1354,.T.);
#4177=EDGE_CURVE('',#3289,#3205,#1890,.T.);
#4178=EDGE_CURVE('',#3288,#3289,#1355,.T.);
#4179=EDGE_CURVE('',#3290,#3212,#1891,.T.);
#4180=EDGE_CURVE('',#3291,#3290,#1356,.T.);
#4181=EDGE_CURVE('',#3291,#3213,#1892,.T.);
#4182=EDGE_CURVE('',#3292,#3211,#1893,.T.);
#4183=EDGE_CURVE('',#3290,#3292,#1357,.T.);
#4184=EDGE_CURVE('',#3293,#3210,#1894,.T.);
#4185=EDGE_CURVE('',#3292,#3293,#1358,.T.);
#4186=EDGE_CURVE('',#3294,#3216,#1895,.T.);
#4187=EDGE_CURVE('',#3295,#3294,#1896,.T.);
#4188=EDGE_CURVE('',#3295,#3217,#1897,.T.);
#4189=EDGE_CURVE('',#3296,#3215,#1898,.T.);
#4190=EDGE_CURVE('',#3294,#3296,#1899,.T.);
#4191=EDGE_CURVE('',#3297,#3221,#1900,.T.);
#4192=EDGE_CURVE('',#3298,#3297,#1901,.T.);
#4193=EDGE_CURVE('',#3298,#3222,#1902,.T.);
#4194=EDGE_CURVE('',#3299,#3220,#1903,.T.);
#4195=EDGE_CURVE('',#3297,#3299,#1904,.T.);
#4196=EDGE_CURVE('',#3300,#3219,#1905,.T.);
#4197=EDGE_CURVE('',#3299,#3300,#1359,.T.);
#4198=EDGE_CURVE('',#3301,#3218,#1906,.T.);
#4199=EDGE_CURVE('',#3300,#3301,#1360,.T.);
#4200=EDGE_CURVE('',#3302,#3228,#1907,.T.);
#4201=EDGE_CURVE('',#3303,#3302,#1908,.T.);
#4202=EDGE_CURVE('',#3303,#3229,#1909,.T.);
#4203=EDGE_CURVE('',#3304,#3227,#1910,.T.);
#4204=EDGE_CURVE('',#3302,#3304,#1911,.T.);
#4205=EDGE_CURVE('',#3305,#3226,#1912,.T.);
#4206=EDGE_CURVE('',#3304,#3305,#1361,.T.);
#4207=EDGE_CURVE('',#3306,#3225,#1913,.T.);
#4208=EDGE_CURVE('',#3305,#3306,#1362,.T.);
#4209=EDGE_CURVE('',#3307,#3234,#1914,.T.);
#4210=EDGE_CURVE('',#3308,#3307,#1363,.T.);
#4211=EDGE_CURVE('',#3308,#3235,#1915,.T.);
#4212=EDGE_CURVE('',#3309,#3233,#1916,.T.);
#4213=EDGE_CURVE('',#3307,#3309,#1364,.T.);
#4214=EDGE_CURVE('',#3310,#3232,#1917,.T.);
#4215=EDGE_CURVE('',#3309,#3310,#1365,.T.);
#4216=EDGE_CURVE('',#3311,#3239,#1918,.T.);
#4217=EDGE_CURVE('',#3312,#3311,#1366,.T.);
#4218=EDGE_CURVE('',#3312,#3240,#1919,.T.);
#4219=EDGE_CURVE('',#3313,#3238,#1920,.T.);
#4220=EDGE_CURVE('',#3311,#3313,#1367,.T.);
#4221=EDGE_CURVE('',#3314,#3237,#1921,.T.);
#4222=EDGE_CURVE('',#3313,#3314,#1368,.T.);
#4223=EDGE_CURVE('',#3315,#3245,#1922,.T.);
#4224=EDGE_CURVE('',#3316,#3315,#1923,.T.);
#4225=EDGE_CURVE('',#3316,#3246,#1924,.T.);
#4226=EDGE_CURVE('',#3317,#3244,#1925,.T.);
#4227=EDGE_CURVE('',#3315,#3317,#1926,.T.);
#4228=EDGE_CURVE('',#3318,#3243,#1927,.T.);
#4229=EDGE_CURVE('',#3317,#3318,#1369,.T.);
#4230=EDGE_CURVE('',#3319,#3242,#1928,.T.);
#4231=EDGE_CURVE('',#3318,#3319,#1370,.T.);
#4232=EDGE_CURVE('',#3320,#3251,#1929,.T.);
#4233=EDGE_CURVE('',#3321,#3320,#1371,.T.);
#4234=EDGE_CURVE('',#3321,#3252,#1930,.T.);
#4235=EDGE_CURVE('',#3322,#3250,#1931,.T.);
#4236=EDGE_CURVE('',#3320,#3322,#1372,.T.);
#4237=EDGE_CURVE('',#3323,#3249,#1932,.T.);
#4238=EDGE_CURVE('',#3322,#3323,#1373,.T.);
#4239=EDGE_CURVE('',#3324,#3257,#1933,.T.);
#4240=EDGE_CURVE('',#3325,#3324,#1374,.T.);
#4241=EDGE_CURVE('',#3325,#3258,#1934,.T.);
#4242=EDGE_CURVE('',#3326,#3256,#1935,.T.);
#4243=EDGE_CURVE('',#3324,#3326,#1375,.T.);
#4244=EDGE_CURVE('',#3327,#3255,#1936,.T.);
#4245=EDGE_CURVE('',#3326,#3327,#1376,.T.);
#4246=EDGE_CURVE('',#3328,#3264,#1937,.T.);
#4247=EDGE_CURVE('',#3329,#3328,#1938,.T.);
#4248=EDGE_CURVE('',#3329,#3265,#1939,.T.);
#4249=EDGE_CURVE('',#3330,#3263,#1940,.T.);
#4250=EDGE_CURVE('',#3328,#3330,#1941,.T.);
#4251=EDGE_CURVE('',#3331,#3262,#1942,.T.);
#4252=EDGE_CURVE('',#3330,#3331,#1377,.T.);
#4253=EDGE_CURVE('',#3332,#3261,#1943,.T.);
#4254=EDGE_CURVE('',#3331,#3332,#1378,.T.);
#4255=EDGE_CURVE('',#3333,#3270,#1944,.T.);
#4256=EDGE_CURVE('',#3334,#3333,#1379,.T.);
#4257=EDGE_CURVE('',#3334,#3271,#1945,.T.);
#4258=EDGE_CURVE('',#3335,#3269,#1946,.T.);
#4259=EDGE_CURVE('',#3333,#3335,#1380,.T.);
#4260=EDGE_CURVE('',#3336,#3268,#1947,.T.);
#4261=EDGE_CURVE('',#3335,#3336,#1381,.T.);
#4262=EDGE_CURVE('',#3337,#3277,#1948,.T.);
#4263=EDGE_CURVE('',#3338,#3337,#1949,.T.);
#4264=EDGE_CURVE('',#3338,#3278,#1950,.T.);
#4265=EDGE_CURVE('',#3339,#3276,#1951,.T.);
#4266=EDGE_CURVE('',#3337,#3339,#1952,.T.);
#4267=EDGE_CURVE('',#3340,#3275,#1953,.T.);
#4268=EDGE_CURVE('',#3339,#3340,#1382,.T.);
#4269=EDGE_CURVE('',#3341,#3274,#1954,.T.);
#4270=EDGE_CURVE('',#3340,#3341,#1383,.T.);
#4271=EDGE_CURVE('',#3197,#3342,#1955,.T.);
#4272=EDGE_CURVE('',#3342,#3342,#62,.T.);
#4273=EDGE_CURVE('',#3343,#3282,#1956,.T.);
#4274=EDGE_CURVE('',#3343,#3203,#1957,.T.);
#4275=EDGE_CURVE('',#3344,#3343,#1384,.T.);
#4276=EDGE_CURVE('',#3344,#3204,#1958,.T.);
#4277=EDGE_CURVE('',#3285,#3344,#1385,.T.);
#4278=EDGE_CURVE('',#3345,#3287,#1386,.T.);
#4279=EDGE_CURVE('',#3345,#3209,#1959,.T.);
#4280=EDGE_CURVE('',#3289,#3345,#1387,.T.);
#4281=EDGE_CURVE('',#3346,#3291,#1388,.T.);
#4282=EDGE_CURVE('',#3346,#3214,#1960,.T.);
#4283=EDGE_CURVE('',#3293,#3346,#1389,.T.);
#4284=EDGE_CURVE('',#3296,#3295,#1961,.T.);
#4285=EDGE_CURVE('',#3347,#3298,#1962,.T.);
#4286=EDGE_CURVE('',#3347,#3223,#1963,.T.);
#4287=EDGE_CURVE('',#3348,#3347,#1390,.T.);
#4288=EDGE_CURVE('',#3348,#3224,#1964,.T.);
#4289=EDGE_CURVE('',#3301,#3348,#1391,.T.);
#4290=EDGE_CURVE('',#3349,#3303,#1965,.T.);
#4291=EDGE_CURVE('',#3349,#3230,#1966,.T.);
#4292=EDGE_CURVE('',#3350,#3349,#1392,.T.);
#4293=EDGE_CURVE('',#3350,#3231,#1967,.T.);
#4294=EDGE_CURVE('',#3306,#3350,#1393,.T.);
#4295=EDGE_CURVE('',#3351,#3308,#1394,.T.);
#4296=EDGE_CURVE('',#3351,#3236,#1968,.T.);
#4297=EDGE_CURVE('',#3310,#3351,#1395,.T.);
#4298=EDGE_CURVE('',#3352,#3312,#1396,.T.);
#4299=EDGE_CURVE('',#3352,#3241,#1969,.T.);
#4300=EDGE_CURVE('',#3314,#3352,#1397,.T.);
#4301=EDGE_CURVE('',#3353,#3316,#1970,.T.);
#4302=EDGE_CURVE('',#3353,#3247,#1971,.T.);
#4303=EDGE_CURVE('',#3354,#3353,#1398,.T.);
#4304=EDGE_CURVE('',#3354,#3248,#1972,.T.);
#4305=EDGE_CURVE('',#3319,#3354,#1399,.T.);
#4306=EDGE_CURVE('',#3355,#3321,#1400,.T.);
#4307=EDGE_CURVE('',#3355,#3253,#1973,.T.);
#4308=EDGE_CURVE('',#3356,#3355,#1401,.T.);
#4309=EDGE_CURVE('',#3356,#3254,#1974,.T.);
#4310=EDGE_CURVE('',#3323,#3356,#1402,.T.);
#4311=EDGE_CURVE('',#3357,#3325,#1403,.T.);
#4312=EDGE_CURVE('',#3357,#3259,#1975,.T.);
#4313=EDGE_CURVE('',#3358,#3357,#1404,.T.);
#4314=EDGE_CURVE('',#3358,#3260,#1976,.T.);
#4315=EDGE_CURVE('',#3327,#3358,#1405,.T.);
#4316=EDGE_CURVE('',#3359,#3329,#1977,.T.);
#4317=EDGE_CURVE('',#3359,#3266,#1978,.T.);
#4318=EDGE_CURVE('',#3360,#3359,#1406,.T.);
#4319=EDGE_CURVE('',#3360,#3267,#1979,.T.);
#4320=EDGE_CURVE('',#3332,#3360,#1407,.T.);
#4321=EDGE_CURVE('',#3361,#3334,#1408,.T.);
#4322=EDGE_CURVE('',#3361,#3272,#1980,.T.);
#4323=EDGE_CURVE('',#3362,#3361,#1409,.T.);
#4324=EDGE_CURVE('',#3362,#3273,#1981,.T.);
#4325=EDGE_CURVE('',#3336,#3362,#1410,.T.);
#4326=EDGE_CURVE('',#3363,#3338,#1982,.T.);
#4327=EDGE_CURVE('',#3363,#3279,#1983,.T.);
#4328=EDGE_CURVE('',#3364,#3363,#1411,.T.);
#4329=EDGE_CURVE('',#3364,#3280,#1984,.T.);
#4330=EDGE_CURVE('',#3341,#3364,#1412,.T.);
#4331=EDGE_CURVE('',#3365,#3365,#63,.T.);
#4332=EDGE_CURVE('',#3365,#3366,#64,.T.);
#4333=EDGE_CURVE('',#3366,#3366,#65,.T.);
#4334=EDGE_CURVE('',#3366,#3367,#1985,.T.);
#4335=EDGE_CURVE('',#3368,#3367,#66,.T.);
#4336=EDGE_CURVE('',#3369,#3368,#1986,.T.);
#4337=EDGE_CURVE('',#3369,#3370,#67,.T.);
#4338=EDGE_CURVE('',#3370,#3371,#1987,.T.);
#4339=EDGE_CURVE('',#3371,#3372,#68,.T.);
#4340=EDGE_CURVE('',#3372,#3373,#1988,.T.);
#4341=EDGE_CURVE('',#3373,#3374,#69,.T.);
#4342=EDGE_CURVE('',#3374,#3375,#1989,.T.);
#4343=EDGE_CURVE('',#3376,#3375,#70,.T.);
#4344=EDGE_CURVE('',#3377,#3376,#1990,.T.);
#4345=EDGE_CURVE('',#3377,#3378,#71,.T.);
#4346=EDGE_CURVE('',#3378,#3379,#1991,.T.);
#4347=EDGE_CURVE('',#3367,#3379,#72,.T.);
#4348=EDGE_CURVE('',#3371,#3380,#1992,.T.);
#4349=EDGE_CURVE('',#3380,#3381,#1993,.T.);
#4350=EDGE_CURVE('',#3381,#3372,#1994,.T.);
#4351=EDGE_CURVE('',#3370,#3382,#1995,.T.);
#4352=EDGE_CURVE('',#3382,#3380,#1996,.T.);
#4353=EDGE_CURVE('',#3382,#3383,#1997,.T.);
#4354=EDGE_CURVE('',#3383,#3381,#1998,.T.);
#4355=EDGE_CURVE('',#3383,#3373,#1999,.T.);
#4356=EDGE_CURVE('',#3384,#3369,#2000,.T.);
#4357=EDGE_CURVE('',#3385,#3384,#73,.T.);
#4358=EDGE_CURVE('',#3386,#3385,#2001,.T.);
#4359=EDGE_CURVE('',#3387,#3386,#74,.T.);
#4360=EDGE_CURVE('',#3378,#3387,#2002,.T.);
#4361=EDGE_CURVE('',#3388,#3377,#2003,.T.);
#4362=EDGE_CURVE('',#3389,#3388,#75,.T.);
#4363=EDGE_CURVE('',#3390,#3389,#2004,.T.);
#4364=EDGE_CURVE('',#3391,#3390,#76,.T.);
#4365=EDGE_CURVE('',#3374,#3391,#2005,.T.);
#4366=EDGE_CURVE('',#3392,#3392,#77,.T.);
#4367=EDGE_CURVE('',#3393,#3393,#78,.T.);
#4368=EDGE_CURVE('',#3394,#3394,#79,.T.);
#4369=EDGE_CURVE('',#3395,#3395,#80,.T.);
#4370=EDGE_CURVE('',#3395,#3396,#2006,.T.);
#4371=EDGE_CURVE('',#3396,#3396,#81,.T.);
#4372=EDGE_CURVE('',#3397,#3397,#82,.T.);
#4373=EDGE_CURVE('',#3397,#3392,#2007,.T.);
#4374=EDGE_CURVE('',#3398,#3398,#83,.T.);
#4375=EDGE_CURVE('',#3398,#3393,#2008,.T.);
#4376=EDGE_CURVE('',#3384,#3399,#2009,.T.);
#4377=EDGE_CURVE('',#3400,#3399,#84,.T.);
#4378=EDGE_CURVE('',#3385,#3400,#2010,.T.);
#4379=EDGE_CURVE('',#3401,#3400,#2011,.T.);
#4380=EDGE_CURVE('',#3386,#3401,#2012,.T.);
#4381=EDGE_CURVE('',#3402,#3401,#85,.T.);
#4382=EDGE_CURVE('',#3387,#3402,#2013,.T.);
#4383=EDGE_CURVE('',#3379,#3402,#2014,.T.);
#4384=EDGE_CURVE('',#3399,#3368,#2015,.T.);
#4385=EDGE_CURVE('',#3403,#3403,#86,.T.);
#4386=EDGE_CURVE('',#3403,#3394,#2016,.T.);
#4387=EDGE_CURVE('',#3388,#3404,#2017,.T.);
#4388=EDGE_CURVE('',#3405,#3404,#87,.T.);
#4389=EDGE_CURVE('',#3389,#3405,#2018,.T.);
#4390=EDGE_CURVE('',#3406,#3405,#2019,.T.);
#4391=EDGE_CURVE('',#3390,#3406,#2020,.T.);
#4392=EDGE_CURVE('',#3407,#3406,#88,.T.);
#4393=EDGE_CURVE('',#3391,#3407,#2021,.T.);
#4394=EDGE_CURVE('',#3375,#3407,#2022,.T.);
#4395=EDGE_CURVE('',#3404,#3376,#2023,.T.);
#4396=EDGE_CURVE('',#3408,#3409,#89,.T.);
#4397=EDGE_CURVE('',#3410,#3408,#2024,.T.);
#4398=EDGE_CURVE('',#3411,#3410,#90,.T.);
#4399=EDGE_CURVE('',#3411,#3409,#2025,.T.);
#4400=EDGE_CURVE('',#3409,#3412,#2026,.T.);
#4401=EDGE_CURVE('',#3413,#3411,#2027,.T.);
#4402=EDGE_CURVE('',#3413,#3412,#2028,.T.);
#4403=EDGE_CURVE('',#3414,#3415,#91,.T.);
#4404=EDGE_CURVE('',#3414,#3416,#2029,.T.);
#4405=EDGE_CURVE('',#3417,#3416,#92,.T.);
#4406=EDGE_CURVE('',#3415,#3417,#2030,.T.);
#4407=EDGE_CURVE('',#3418,#3419,#2031,.T.);
#4408=EDGE_CURVE('',#3420,#3418,#93,.T.);
#4409=EDGE_CURVE('',#3421,#3420,#2032,.T.);
#4410=EDGE_CURVE('',#3419,#3421,#94,.T.);
#4411=EDGE_CURVE('',#3422,#3414,#1413,.T.);
#4412=EDGE_CURVE('',#3422,#3423,#2033,.T.);
#4413=EDGE_CURVE('',#3416,#3423,#1414,.T.);
#4414=EDGE_CURVE('',#3412,#3424,#95,.T.);
#4415=EDGE_CURVE('',#3425,#3413,#96,.T.);
#4416=EDGE_CURVE('',#3425,#3424,#2034,.T.);
#4417=EDGE_CURVE('',#3424,#3408,#2035,.T.);
#4418=EDGE_CURVE('',#3410,#3425,#2036,.T.);
#4419=EDGE_CURVE('',#3426,#3422,#97,.T.);
#4420=EDGE_CURVE('',#3427,#3426,#2037,.T.);
#4421=EDGE_CURVE('',#3423,#3427,#98,.T.);
#4422=EDGE_CURVE('',#3421,#3428,#1415,.T.);
#4423=EDGE_CURVE('',#3429,#3420,#1416,.T.);
#4424=EDGE_CURVE('',#3428,#3429,#2038,.T.);
#4425=EDGE_CURVE('',#3430,#3431,#2039,.T.);
#4426=EDGE_CURVE('',#3428,#3430,#99,.T.);
#4427=EDGE_CURVE('',#3431,#3429,#100,.T.);
#4428=EDGE_CURVE('',#3419,#3432,#2040,.T.);
#4429=EDGE_CURVE('',#3432,#3433,#2041,.T.);
#4430=EDGE_CURVE('',#3418,#3433,#2042,.T.);
#4431=EDGE_CURVE('',#3434,#3433,#101,.T.);
#4432=EDGE_CURVE('',#3417,#3434,#2043,.T.);
#4433=EDGE_CURVE('',#3435,#3427,#2044,.T.);
#4434=EDGE_CURVE('',#3435,#3436,#102,.T.);
#4435=EDGE_CURVE('',#3436,#3437,#2045,.T.);
#4436=EDGE_CURVE('',#3437,#3438,#103,.T.);
#4437=EDGE_CURVE('',#3438,#3439,#2046,.T.);
#4438=EDGE_CURVE('',#3440,#3439,#104,.T.);
#4439=EDGE_CURVE('',#3441,#3440,#2047,.T.);
#4440=EDGE_CURVE('',#3441,#3442,#105,.T.);
#4441=EDGE_CURVE('',#3442,#3443,#2048,.T.);
#4442=EDGE_CURVE('',#3444,#3443,#106,.T.);
#4443=EDGE_CURVE('',#3445,#3444,#2049,.T.);
#4444=EDGE_CURVE('',#3445,#3446,#107,.T.);
#4445=EDGE_CURVE('',#3446,#3447,#2050,.T.);
#4446=EDGE_CURVE('',#3447,#3448,#108,.T.);
#4447=EDGE_CURVE('',#3448,#3431,#2051,.T.);
#4448=EDGE_CURVE('',#3449,#3426,#2052,.T.);
#4449=EDGE_CURVE('',#3449,#3435,#2053,.T.);
#4450=EDGE_CURVE('',#3434,#3450,#2054,.T.);
#4451=EDGE_CURVE('',#3415,#3450,#2055,.T.);
#4452=EDGE_CURVE('',#3451,#3452,#2056,.T.);
#4453=EDGE_CURVE('',#3453,#3451,#2057,.T.);
#4454=EDGE_CURVE('',#3450,#3453,#109,.T.);
#4455=EDGE_CURVE('',#3454,#3432,#110,.T.);
#4456=EDGE_CURVE('',#3452,#3454,#2058,.T.);
#4457=EDGE_CURVE('',#3442,#3455,#2059,.T.);
#4458=EDGE_CURVE('',#3455,#3456,#2060,.T.);
#4459=EDGE_CURVE('',#3443,#3456,#2061,.T.);
#4460=EDGE_CURVE('',#3455,#3457,#111,.T.);
#4461=EDGE_CURVE('',#3457,#3458,#2062,.T.);
#4462=EDGE_CURVE('',#3456,#3458,#112,.T.);
#4463=EDGE_CURVE('',#3459,#3460,#113,.T.);
#4464=EDGE_CURVE('',#3460,#3461,#2063,.T.);
#4465=EDGE_CURVE('',#3462,#3461,#114,.T.);
#4466=EDGE_CURVE('',#3459,#3462,#2064,.T.);
#4467=EDGE_CURVE('',#3463,#3437,#2065,.T.);
#4468=EDGE_CURVE('',#3464,#3463,#2066,.T.);
#4469=EDGE_CURVE('',#3438,#3464,#2067,.T.);
#4470=EDGE_CURVE('',#3465,#3445,#2068,.T.);
#4471=EDGE_CURVE('',#3466,#3465,#2069,.T.);
#4472=EDGE_CURVE('',#3446,#3466,#2070,.T.);
#4473=EDGE_CURVE('',#3465,#3467,#2071,.T.);
#4474=EDGE_CURVE('',#3468,#3467,#2072,.T.);
#4475=EDGE_CURVE('',#3466,#3468,#2073,.T.);
#4476=EDGE_CURVE('',#3458,#3444,#2074,.T.);
#4477=EDGE_CURVE('',#3467,#3457,#2075,.T.);
#4478=EDGE_CURVE('',#3469,#3436,#2076,.T.);
#4479=EDGE_CURVE('',#3470,#3449,#115,.T.);
#4480=EDGE_CURVE('',#3471,#3470,#2077,.T.);
#4481=EDGE_CURVE('',#3472,#3471,#2078,.T.);
#4482=EDGE_CURVE('',#3473,#3472,#2079,.T.);
#4483=EDGE_CURVE('',#3474,#3473,#116,.T.);
#4484=EDGE_CURVE('',#3448,#3474,#2080,.T.);
#4485=EDGE_CURVE('',#3475,#3447,#2081,.T.);
#4486=EDGE_CURVE('',#3469,#3475,#2082,.T.);
#4487=EDGE_CURVE('',#3474,#3430,#2083,.T.);
#4488=EDGE_CURVE('',#3454,#3473,#2084,.T.);
#4489=EDGE_CURVE('',#3470,#3453,#2085,.T.);
#4490=EDGE_CURVE('',#3460,#3441,#2086,.T.);
#4491=EDGE_CURVE('',#3461,#3440,#2087,.T.);
#4492=EDGE_CURVE('',#3439,#3462,#2088,.T.);
#4493=EDGE_CURVE('',#3459,#3476,#2089,.T.);
#4494=EDGE_CURVE('',#3476,#3477,#2090,.T.);
#4495=EDGE_CURVE('',#3477,#3478,#2091,.T.);
#4496=EDGE_CURVE('',#3478,#3479,#2092,.T.);
#4497=EDGE_CURVE('',#3479,#3468,#2093,.T.);
#4498=EDGE_CURVE('',#3471,#3451,#2094,.T.);
#4499=EDGE_CURVE('',#3472,#3452,#2095,.T.);
#4500=EDGE_CURVE('',#3475,#3479,#2096,.T.);
#4501=EDGE_CURVE('',#3469,#3478,#2097,.T.);
#4502=EDGE_CURVE('',#3463,#3477,#2098,.T.);
#4503=EDGE_CURVE('',#3464,#3476,#2099,.T.);
#4504=EDGE_CURVE('',#3480,#3481,#16,.T.);
#4505=EDGE_CURVE('',#3481,#3482,#117,.T.);
#4506=EDGE_CURVE('',#3482,#3483,#17,.T.);
#4507=EDGE_CURVE('',#3483,#3480,#118,.T.);
#4508=EDGE_CURVE('',#3484,#3480,#2100,.T.);
#4509=EDGE_CURVE('',#3485,#3484,#2101,.T.);
#4510=EDGE_CURVE('',#3486,#3485,#2102,.T.);
#4511=EDGE_CURVE('',#3487,#3486,#18,.T.);
#4512=EDGE_CURVE('',#3481,#3487,#2103,.T.);
#4513=EDGE_CURVE('',#3483,#3488,#2104,.T.);
#4514=EDGE_CURVE('',#3488,#3489,#119,.T.);
#4515=EDGE_CURVE('',#3489,#3490,#2105,.T.);
#4516=EDGE_CURVE('',#3490,#3490,#120,.T.);
#4517=EDGE_CURVE('',#3489,#3491,#2106,.T.);
#4518=EDGE_CURVE('',#3486,#3491,#121,.T.);
#4519=EDGE_CURVE('',#3485,#3484,#122,.T.);
#4520=EDGE_CURVE('',#3491,#3492,#19,.T.);
#4521=EDGE_CURVE('',#3492,#3487,#123,.T.);
#4522=EDGE_CURVE('',#3492,#3482,#2107,.T.);
#4523=EDGE_CURVE('',#3488,#3489,#2108,.T.);
#4524=EDGE_CURVE('',#3493,#3493,#124,.T.);
#4525=EDGE_CURVE('',#3493,#3494,#2109,.T.);
#4526=EDGE_CURVE('',#3494,#3494,#125,.T.);
#4527=EDGE_CURVE('',#3495,#3495,#126,.T.);
#4528=EDGE_CURVE('',#3495,#3496,#2110,.T.);
#4529=EDGE_CURVE('',#3496,#3496,#127,.T.);
#4530=EDGE_CURVE('',#3497,#3497,#128,.T.);
#4531=EDGE_CURVE('',#3498,#3498,#129,.T.);
#4532=EDGE_CURVE('',#3498,#3497,#2111,.T.);
#4533=EDGE_CURVE('',#3499,#3499,#130,.T.);
#4534=EDGE_CURVE('',#3500,#3500,#131,.T.);
#4535=EDGE_CURVE('',#3500,#3499,#2112,.T.);
#4536=EDGE_CURVE('',#3501,#3501,#132,.T.);
#4537=EDGE_CURVE('',#3502,#3502,#133,.T.);
#4538=EDGE_CURVE('',#3502,#3501,#2113,.T.);
#4539=EDGE_CURVE('',#3503,#3503,#134,.T.);
#4540=EDGE_CURVE('',#3504,#3504,#135,.T.);
#4541=EDGE_CURVE('',#3504,#3503,#2114,.T.);
#4542=EDGE_CURVE('',#3505,#3505,#136,.T.);
#4543=EDGE_CURVE('',#3506,#3506,#137,.T.);
#4544=EDGE_CURVE('',#3506,#3505,#2115,.T.);
#4545=EDGE_CURVE('',#3507,#3507,#138,.T.);
#4546=EDGE_CURVE('',#3507,#3508,#2116,.T.);
#4547=EDGE_CURVE('',#3508,#3508,#139,.T.);
#4548=ORIENTED_EDGE('',*,*,#3509,.T.);
#4549=ORIENTED_EDGE('',*,*,#3510,.T.);
#4550=ORIENTED_EDGE('',*,*,#3511,.T.);
#4551=ORIENTED_EDGE('',*,*,#3512,.T.);
#4552=ORIENTED_EDGE('',*,*,#3513,.T.);
#4553=ORIENTED_EDGE('',*,*,#3514,.T.);
#4554=ORIENTED_EDGE('',*,*,#3515,.T.);
#4555=ORIENTED_EDGE('',*,*,#3516,.T.);
#4556=ORIENTED_EDGE('',*,*,#3517,.T.);
#4557=ORIENTED_EDGE('',*,*,#3518,.T.);
#4558=ORIENTED_EDGE('',*,*,#3513,.F.);
#4559=ORIENTED_EDGE('',*,*,#3519,.F.);
#4560=ORIENTED_EDGE('',*,*,#3520,.F.);
#4561=ORIENTED_EDGE('',*,*,#3521,.T.);
#4562=ORIENTED_EDGE('',*,*,#3512,.F.);
#4563=ORIENTED_EDGE('',*,*,#3522,.F.);
#4564=ORIENTED_EDGE('',*,*,#3523,.F.);
#4565=ORIENTED_EDGE('',*,*,#3519,.T.);
#4566=ORIENTED_EDGE('',*,*,#3511,.F.);
#4567=ORIENTED_EDGE('',*,*,#3524,.F.);
#4568=ORIENTED_EDGE('',*,*,#3525,.F.);
#4569=ORIENTED_EDGE('',*,*,#3522,.T.);
#4570=ORIENTED_EDGE('',*,*,#3510,.F.);
#4571=ORIENTED_EDGE('',*,*,#3526,.F.);
#4572=ORIENTED_EDGE('',*,*,#3527,.F.);
#4573=ORIENTED_EDGE('',*,*,#3524,.T.);
#4574=ORIENTED_EDGE('',*,*,#3509,.F.);
#4575=ORIENTED_EDGE('',*,*,#3528,.F.);
#4576=ORIENTED_EDGE('',*,*,#3529,.F.);
#4577=ORIENTED_EDGE('',*,*,#3526,.T.);
#4578=ORIENTED_EDGE('',*,*,#3518,.F.);
#4579=ORIENTED_EDGE('',*,*,#3530,.F.);
#4580=ORIENTED_EDGE('',*,*,#3531,.F.);
#4581=ORIENTED_EDGE('',*,*,#3528,.T.);
#4582=ORIENTED_EDGE('',*,*,#3517,.F.);
#4583=ORIENTED_EDGE('',*,*,#3532,.F.);
#4584=ORIENTED_EDGE('',*,*,#3533,.F.);
#4585=ORIENTED_EDGE('',*,*,#3530,.T.);
#4586=ORIENTED_EDGE('',*,*,#3516,.F.);
#4587=ORIENTED_EDGE('',*,*,#3534,.F.);
#4588=ORIENTED_EDGE('',*,*,#3535,.F.);
#4589=ORIENTED_EDGE('',*,*,#3532,.T.);
#4590=ORIENTED_EDGE('',*,*,#3515,.F.);
#4591=ORIENTED_EDGE('',*,*,#3536,.F.);
#4592=ORIENTED_EDGE('',*,*,#3537,.F.);
#4593=ORIENTED_EDGE('',*,*,#3534,.T.);
#4594=ORIENTED_EDGE('',*,*,#3514,.F.);
#4595=ORIENTED_EDGE('',*,*,#3521,.F.);
#4596=ORIENTED_EDGE('',*,*,#3538,.F.);
#4597=ORIENTED_EDGE('',*,*,#3536,.T.);
#4598=ORIENTED_EDGE('',*,*,#3539,.F.);
#4599=ORIENTED_EDGE('',*,*,#3540,.F.);
#4600=ORIENTED_EDGE('',*,*,#3541,.F.);
#4601=ORIENTED_EDGE('',*,*,#3542,.T.);
#4602=ORIENTED_EDGE('',*,*,#3543,.F.);
#4603=ORIENTED_EDGE('',*,*,#3542,.F.);
#4604=ORIENTED_EDGE('',*,*,#3544,.F.);
#4605=ORIENTED_EDGE('',*,*,#3545,.T.);
#4606=ORIENTED_EDGE('',*,*,#3546,.F.);
#4607=ORIENTED_EDGE('',*,*,#3545,.F.);
#4608=ORIENTED_EDGE('',*,*,#3547,.F.);
#4609=ORIENTED_EDGE('',*,*,#3548,.T.);
#4610=ORIENTED_EDGE('',*,*,#3549,.F.);
#4611=ORIENTED_EDGE('',*,*,#3548,.F.);
#4612=ORIENTED_EDGE('',*,*,#3550,.F.);
#4613=ORIENTED_EDGE('',*,*,#3551,.T.);
#4614=ORIENTED_EDGE('',*,*,#3552,.F.);
#4615=ORIENTED_EDGE('',*,*,#3551,.F.);
#4616=ORIENTED_EDGE('',*,*,#3553,.F.);
#4617=ORIENTED_EDGE('',*,*,#3554,.T.);
#4618=ORIENTED_EDGE('',*,*,#3555,.F.);
#4619=ORIENTED_EDGE('',*,*,#3554,.F.);
#4620=ORIENTED_EDGE('',*,*,#3556,.F.);
#4621=ORIENTED_EDGE('',*,*,#3557,.T.);
#4622=ORIENTED_EDGE('',*,*,#3558,.F.);
#4623=ORIENTED_EDGE('',*,*,#3557,.F.);
#4624=ORIENTED_EDGE('',*,*,#3559,.F.);
#4625=ORIENTED_EDGE('',*,*,#3560,.T.);
#4626=ORIENTED_EDGE('',*,*,#3561,.F.);
#4627=ORIENTED_EDGE('',*,*,#3560,.F.);
#4628=ORIENTED_EDGE('',*,*,#3562,.F.);
#4629=ORIENTED_EDGE('',*,*,#3563,.T.);
#4630=ORIENTED_EDGE('',*,*,#3564,.F.);
#4631=ORIENTED_EDGE('',*,*,#3563,.F.);
#4632=ORIENTED_EDGE('',*,*,#3565,.F.);
#4633=ORIENTED_EDGE('',*,*,#3566,.T.);
#4634=ORIENTED_EDGE('',*,*,#3567,.F.);
#4635=ORIENTED_EDGE('',*,*,#3566,.F.);
#4636=ORIENTED_EDGE('',*,*,#3568,.F.);
#4637=ORIENTED_EDGE('',*,*,#3540,.T.);
#4638=ORIENTED_EDGE('',*,*,#3555,.T.);
#4639=ORIENTED_EDGE('',*,*,#3558,.T.);
#4640=ORIENTED_EDGE('',*,*,#3561,.T.);
#4641=ORIENTED_EDGE('',*,*,#3564,.T.);
#4642=ORIENTED_EDGE('',*,*,#3567,.T.);
#4643=ORIENTED_EDGE('',*,*,#3539,.T.);
#4644=ORIENTED_EDGE('',*,*,#3543,.T.);
#4645=ORIENTED_EDGE('',*,*,#3546,.T.);
#4646=ORIENTED_EDGE('',*,*,#3549,.T.);
#4647=ORIENTED_EDGE('',*,*,#3552,.T.);
#4648=ORIENTED_EDGE('',*,*,#3569,.T.);
#4649=ORIENTED_EDGE('',*,*,#3570,.T.);
#4650=ORIENTED_EDGE('',*,*,#3571,.T.);
#4651=ORIENTED_EDGE('',*,*,#3572,.T.);
#4652=ORIENTED_EDGE('',*,*,#3573,.T.);
#4653=ORIENTED_EDGE('',*,*,#3574,.T.);
#4654=ORIENTED_EDGE('',*,*,#3575,.T.);
#4655=ORIENTED_EDGE('',*,*,#3576,.T.);
#4656=ORIENTED_EDGE('',*,*,#3577,.T.);
#4657=ORIENTED_EDGE('',*,*,#3578,.T.);
#4658=ORIENTED_EDGE('',*,*,#3579,.T.);
#4659=ORIENTED_EDGE('',*,*,#3580,.T.);
#4660=ORIENTED_EDGE('',*,*,#3574,.F.);
#4661=ORIENTED_EDGE('',*,*,#3581,.F.);
#4662=ORIENTED_EDGE('',*,*,#3582,.F.);
#4663=ORIENTED_EDGE('',*,*,#3583,.T.);
#4664=ORIENTED_EDGE('',*,*,#3573,.F.);
#4665=ORIENTED_EDGE('',*,*,#3584,.F.);
#4666=ORIENTED_EDGE('',*,*,#3585,.F.);
#4667=ORIENTED_EDGE('',*,*,#3581,.T.);
#4668=ORIENTED_EDGE('',*,*,#3572,.F.);
#4669=ORIENTED_EDGE('',*,*,#3586,.F.);
#4670=ORIENTED_EDGE('',*,*,#3587,.F.);
#4671=ORIENTED_EDGE('',*,*,#3584,.T.);
#4672=ORIENTED_EDGE('',*,*,#3571,.F.);
#4673=ORIENTED_EDGE('',*,*,#3588,.F.);
#4674=ORIENTED_EDGE('',*,*,#3589,.F.);
#4675=ORIENTED_EDGE('',*,*,#3586,.T.);
#4676=ORIENTED_EDGE('',*,*,#3570,.F.);
#4677=ORIENTED_EDGE('',*,*,#3590,.F.);
#4678=ORIENTED_EDGE('',*,*,#3591,.F.);
#4679=ORIENTED_EDGE('',*,*,#3588,.T.);
#4680=ORIENTED_EDGE('',*,*,#3569,.F.);
#4681=ORIENTED_EDGE('',*,*,#3592,.F.);
#4682=ORIENTED_EDGE('',*,*,#3593,.F.);
#4683=ORIENTED_EDGE('',*,*,#3590,.T.);
#4684=ORIENTED_EDGE('',*,*,#3580,.F.);
#4685=ORIENTED_EDGE('',*,*,#3594,.F.);
#4686=ORIENTED_EDGE('',*,*,#3595,.F.);
#4687=ORIENTED_EDGE('',*,*,#3592,.T.);
#4688=ORIENTED_EDGE('',*,*,#3579,.F.);
#4689=ORIENTED_EDGE('',*,*,#3596,.F.);
#4690=ORIENTED_EDGE('',*,*,#3597,.F.);
#4691=ORIENTED_EDGE('',*,*,#3594,.T.);
#4692=ORIENTED_EDGE('',*,*,#3578,.F.);
#4693=ORIENTED_EDGE('',*,*,#3598,.F.);
#4694=ORIENTED_EDGE('',*,*,#3599,.F.);
#4695=ORIENTED_EDGE('',*,*,#3596,.T.);
#4696=ORIENTED_EDGE('',*,*,#3577,.F.);
#4697=ORIENTED_EDGE('',*,*,#3600,.F.);
#4698=ORIENTED_EDGE('',*,*,#3601,.F.);
#4699=ORIENTED_EDGE('',*,*,#3598,.T.);
#4700=ORIENTED_EDGE('',*,*,#3576,.F.);
#4701=ORIENTED_EDGE('',*,*,#3602,.F.);
#4702=ORIENTED_EDGE('',*,*,#3603,.F.);
#4703=ORIENTED_EDGE('',*,*,#3600,.T.);
#4704=ORIENTED_EDGE('',*,*,#3575,.F.);
#4705=ORIENTED_EDGE('',*,*,#3583,.F.);
#4706=ORIENTED_EDGE('',*,*,#3604,.F.);
#4707=ORIENTED_EDGE('',*,*,#3602,.T.);
#4708=ORIENTED_EDGE('',*,*,#3605,.F.);
#4709=ORIENTED_EDGE('',*,*,#3606,.F.);
#4710=ORIENTED_EDGE('',*,*,#3607,.F.);
#4711=ORIENTED_EDGE('',*,*,#3608,.T.);
#4712=ORIENTED_EDGE('',*,*,#3609,.F.);
#4713=ORIENTED_EDGE('',*,*,#3608,.F.);
#4714=ORIENTED_EDGE('',*,*,#3610,.F.);
#4715=ORIENTED_EDGE('',*,*,#3611,.T.);
#4716=ORIENTED_EDGE('',*,*,#3612,.F.);
#4717=ORIENTED_EDGE('',*,*,#3611,.F.);
#4718=ORIENTED_EDGE('',*,*,#3613,.F.);
#4719=ORIENTED_EDGE('',*,*,#3614,.T.);
#4720=ORIENTED_EDGE('',*,*,#3615,.F.);
#4721=ORIENTED_EDGE('',*,*,#3614,.F.);
#4722=ORIENTED_EDGE('',*,*,#3616,.F.);
#4723=ORIENTED_EDGE('',*,*,#3617,.T.);
#4724=ORIENTED_EDGE('',*,*,#3618,.F.);
#4725=ORIENTED_EDGE('',*,*,#3617,.F.);
#4726=ORIENTED_EDGE('',*,*,#3619,.F.);
#4727=ORIENTED_EDGE('',*,*,#3620,.T.);
#4728=ORIENTED_EDGE('',*,*,#3621,.F.);
#4729=ORIENTED_EDGE('',*,*,#3620,.F.);
#4730=ORIENTED_EDGE('',*,*,#3622,.F.);
#4731=ORIENTED_EDGE('',*,*,#3623,.T.);
#4732=ORIENTED_EDGE('',*,*,#3624,.F.);
#4733=ORIENTED_EDGE('',*,*,#3623,.F.);
#4734=ORIENTED_EDGE('',*,*,#3625,.F.);
#4735=ORIENTED_EDGE('',*,*,#3626,.T.);
#4736=ORIENTED_EDGE('',*,*,#3627,.F.);
#4737=ORIENTED_EDGE('',*,*,#3626,.F.);
#4738=ORIENTED_EDGE('',*,*,#3628,.F.);
#4739=ORIENTED_EDGE('',*,*,#3629,.T.);
#4740=ORIENTED_EDGE('',*,*,#3630,.F.);
#4741=ORIENTED_EDGE('',*,*,#3629,.F.);
#4742=ORIENTED_EDGE('',*,*,#3631,.F.);
#4743=ORIENTED_EDGE('',*,*,#3632,.T.);
#4744=ORIENTED_EDGE('',*,*,#3633,.F.);
#4745=ORIENTED_EDGE('',*,*,#3632,.F.);
#4746=ORIENTED_EDGE('',*,*,#3634,.F.);
#4747=ORIENTED_EDGE('',*,*,#3635,.T.);
#4748=ORIENTED_EDGE('',*,*,#3636,.F.);
#4749=ORIENTED_EDGE('',*,*,#3635,.F.);
#4750=ORIENTED_EDGE('',*,*,#3637,.F.);
#4751=ORIENTED_EDGE('',*,*,#3638,.T.);
#4752=ORIENTED_EDGE('',*,*,#3639,.F.);
#4753=ORIENTED_EDGE('',*,*,#3638,.F.);
#4754=ORIENTED_EDGE('',*,*,#3640,.F.);
#4755=ORIENTED_EDGE('',*,*,#3641,.T.);
#4756=ORIENTED_EDGE('',*,*,#3642,.F.);
#4757=ORIENTED_EDGE('',*,*,#3641,.F.);
#4758=ORIENTED_EDGE('',*,*,#3643,.F.);
#4759=ORIENTED_EDGE('',*,*,#3644,.T.);
#4760=ORIENTED_EDGE('',*,*,#3645,.F.);
#4761=ORIENTED_EDGE('',*,*,#3644,.F.);
#4762=ORIENTED_EDGE('',*,*,#3646,.F.);
#4763=ORIENTED_EDGE('',*,*,#3647,.T.);
#4764=ORIENTED_EDGE('',*,*,#3648,.F.);
#4765=ORIENTED_EDGE('',*,*,#3647,.F.);
#4766=ORIENTED_EDGE('',*,*,#3649,.F.);
#4767=ORIENTED_EDGE('',*,*,#3650,.T.);
#4768=ORIENTED_EDGE('',*,*,#3651,.F.);
#4769=ORIENTED_EDGE('',*,*,#3650,.F.);
#4770=ORIENTED_EDGE('',*,*,#3652,.F.);
#4771=ORIENTED_EDGE('',*,*,#3653,.T.);
#4772=ORIENTED_EDGE('',*,*,#3654,.F.);
#4773=ORIENTED_EDGE('',*,*,#3653,.F.);
#4774=ORIENTED_EDGE('',*,*,#3655,.F.);
#4775=ORIENTED_EDGE('',*,*,#3656,.T.);
#4776=ORIENTED_EDGE('',*,*,#3657,.F.);
#4777=ORIENTED_EDGE('',*,*,#3656,.F.);
#4778=ORIENTED_EDGE('',*,*,#3658,.F.);
#4779=ORIENTED_EDGE('',*,*,#3659,.T.);
#4780=ORIENTED_EDGE('',*,*,#3660,.F.);
#4781=ORIENTED_EDGE('',*,*,#3659,.F.);
#4782=ORIENTED_EDGE('',*,*,#3661,.F.);
#4783=ORIENTED_EDGE('',*,*,#3662,.T.);
#4784=ORIENTED_EDGE('',*,*,#3663,.F.);
#4785=ORIENTED_EDGE('',*,*,#3662,.F.);
#4786=ORIENTED_EDGE('',*,*,#3664,.F.);
#4787=ORIENTED_EDGE('',*,*,#3606,.T.);
#4788=ORIENTED_EDGE('',*,*,#3636,.T.);
#4789=ORIENTED_EDGE('',*,*,#3639,.T.);
#4790=ORIENTED_EDGE('',*,*,#3642,.T.);
#4791=ORIENTED_EDGE('',*,*,#3645,.T.);
#4792=ORIENTED_EDGE('',*,*,#3648,.T.);
#4793=ORIENTED_EDGE('',*,*,#3651,.T.);
#4794=ORIENTED_EDGE('',*,*,#3654,.T.);
#4795=ORIENTED_EDGE('',*,*,#3657,.T.);
#4796=ORIENTED_EDGE('',*,*,#3660,.T.);
#4797=ORIENTED_EDGE('',*,*,#3663,.T.);
#4798=ORIENTED_EDGE('',*,*,#3605,.T.);
#4799=ORIENTED_EDGE('',*,*,#3609,.T.);
#4800=ORIENTED_EDGE('',*,*,#3612,.T.);
#4801=ORIENTED_EDGE('',*,*,#3615,.T.);
#4802=ORIENTED_EDGE('',*,*,#3618,.T.);
#4803=ORIENTED_EDGE('',*,*,#3621,.T.);
#4804=ORIENTED_EDGE('',*,*,#3624,.T.);
#4805=ORIENTED_EDGE('',*,*,#3627,.T.);
#4806=ORIENTED_EDGE('',*,*,#3630,.T.);
#4807=ORIENTED_EDGE('',*,*,#3633,.T.);
#4808=ORIENTED_EDGE('',*,*,#3665,.T.);
#4809=ORIENTED_EDGE('',*,*,#3666,.T.);
#4810=ORIENTED_EDGE('',*,*,#3667,.T.);
#4811=ORIENTED_EDGE('',*,*,#3668,.T.);
#4812=ORIENTED_EDGE('',*,*,#3669,.T.);
#4813=ORIENTED_EDGE('',*,*,#3670,.T.);
#4814=ORIENTED_EDGE('',*,*,#3671,.T.);
#4815=ORIENTED_EDGE('',*,*,#3672,.T.);
#4816=ORIENTED_EDGE('',*,*,#3673,.T.);
#4817=ORIENTED_EDGE('',*,*,#3674,.T.);
#4818=ORIENTED_EDGE('',*,*,#3675,.T.);
#4819=ORIENTED_EDGE('',*,*,#3674,.F.);
#4820=ORIENTED_EDGE('',*,*,#3676,.F.);
#4821=ORIENTED_EDGE('',*,*,#3677,.F.);
#4822=ORIENTED_EDGE('',*,*,#3678,.T.);
#4823=ORIENTED_EDGE('',*,*,#3673,.F.);
#4824=ORIENTED_EDGE('',*,*,#3679,.F.);
#4825=ORIENTED_EDGE('',*,*,#3680,.F.);
#4826=ORIENTED_EDGE('',*,*,#3676,.T.);
#4827=ORIENTED_EDGE('',*,*,#3668,.F.);
#4828=ORIENTED_EDGE('',*,*,#3681,.F.);
#4829=ORIENTED_EDGE('',*,*,#3682,.F.);
#4830=ORIENTED_EDGE('',*,*,#3683,.T.);
#4831=ORIENTED_EDGE('',*,*,#3667,.F.);
#4832=ORIENTED_EDGE('',*,*,#3684,.F.);
#4833=ORIENTED_EDGE('',*,*,#3685,.F.);
#4834=ORIENTED_EDGE('',*,*,#3681,.T.);
#4835=ORIENTED_EDGE('',*,*,#3666,.F.);
#4836=ORIENTED_EDGE('',*,*,#3686,.F.);
#4837=ORIENTED_EDGE('',*,*,#3687,.F.);
#4838=ORIENTED_EDGE('',*,*,#3684,.T.);
#4839=ORIENTED_EDGE('',*,*,#3665,.F.);
#4840=ORIENTED_EDGE('',*,*,#3688,.F.);
#4841=ORIENTED_EDGE('',*,*,#3689,.F.);
#4842=ORIENTED_EDGE('',*,*,#3686,.T.);
#4843=ORIENTED_EDGE('',*,*,#3675,.F.);
#4844=ORIENTED_EDGE('',*,*,#3678,.F.);
#4845=ORIENTED_EDGE('',*,*,#3690,.F.);
#4846=ORIENTED_EDGE('',*,*,#3679,.T.);
#4847=ORIENTED_EDGE('',*,*,#3672,.F.);
#4848=ORIENTED_EDGE('',*,*,#3691,.F.);
#4849=ORIENTED_EDGE('',*,*,#3692,.F.);
#4850=ORIENTED_EDGE('',*,*,#3688,.T.);
#4851=ORIENTED_EDGE('',*,*,#3671,.F.);
#4852=ORIENTED_EDGE('',*,*,#3693,.F.);
#4853=ORIENTED_EDGE('',*,*,#3694,.F.);
#4854=ORIENTED_EDGE('',*,*,#3691,.T.);
#4855=ORIENTED_EDGE('',*,*,#3670,.F.);
#4856=ORIENTED_EDGE('',*,*,#3695,.F.);
#4857=ORIENTED_EDGE('',*,*,#3696,.F.);
#4858=ORIENTED_EDGE('',*,*,#3693,.T.);
#4859=ORIENTED_EDGE('',*,*,#3669,.F.);
#4860=ORIENTED_EDGE('',*,*,#3683,.F.);
#4861=ORIENTED_EDGE('',*,*,#3697,.F.);
#4862=ORIENTED_EDGE('',*,*,#3695,.T.);
#4863=ORIENTED_EDGE('',*,*,#3698,.F.);
#4864=ORIENTED_EDGE('',*,*,#3699,.F.);
#4865=ORIENTED_EDGE('',*,*,#3700,.F.);
#4866=ORIENTED_EDGE('',*,*,#3701,.T.);
#4867=ORIENTED_EDGE('',*,*,#3702,.F.);
#4868=ORIENTED_EDGE('',*,*,#3701,.F.);
#4869=ORIENTED_EDGE('',*,*,#3703,.F.);
#4870=ORIENTED_EDGE('',*,*,#3704,.T.);
#4871=ORIENTED_EDGE('',*,*,#3705,.F.);
#4872=ORIENTED_EDGE('',*,*,#3704,.F.);
#4873=ORIENTED_EDGE('',*,*,#3706,.F.);
#4874=ORIENTED_EDGE('',*,*,#3707,.T.);
#4875=ORIENTED_EDGE('',*,*,#3708,.F.);
#4876=ORIENTED_EDGE('',*,*,#3707,.F.);
#4877=ORIENTED_EDGE('',*,*,#3709,.F.);
#4878=ORIENTED_EDGE('',*,*,#3710,.T.);
#4879=ORIENTED_EDGE('',*,*,#3711,.F.);
#4880=ORIENTED_EDGE('',*,*,#3710,.F.);
#4881=ORIENTED_EDGE('',*,*,#3712,.F.);
#4882=ORIENTED_EDGE('',*,*,#3713,.T.);
#4883=ORIENTED_EDGE('',*,*,#3714,.F.);
#4884=ORIENTED_EDGE('',*,*,#3715,.F.);
#4885=ORIENTED_EDGE('',*,*,#3716,.F.);
#4886=ORIENTED_EDGE('',*,*,#3717,.T.);
#4887=ORIENTED_EDGE('',*,*,#3718,.F.);
#4888=ORIENTED_EDGE('',*,*,#3719,.F.);
#4889=ORIENTED_EDGE('',*,*,#3720,.F.);
#4890=ORIENTED_EDGE('',*,*,#3715,.T.);
#4891=ORIENTED_EDGE('',*,*,#3721,.F.);
#4892=ORIENTED_EDGE('',*,*,#3722,.F.);
#4893=ORIENTED_EDGE('',*,*,#3723,.F.);
#4894=ORIENTED_EDGE('',*,*,#3719,.T.);
#4895=ORIENTED_EDGE('',*,*,#3724,.F.);
#4896=ORIENTED_EDGE('',*,*,#3713,.F.);
#4897=ORIENTED_EDGE('',*,*,#3725,.F.);
#4898=ORIENTED_EDGE('',*,*,#3726,.T.);
#4899=ORIENTED_EDGE('',*,*,#3727,.F.);
#4900=ORIENTED_EDGE('',*,*,#3726,.F.);
#4901=ORIENTED_EDGE('',*,*,#3728,.F.);
#4902=ORIENTED_EDGE('',*,*,#3729,.T.);
#4903=ORIENTED_EDGE('',*,*,#3730,.F.);
#4904=ORIENTED_EDGE('',*,*,#3729,.F.);
#4905=ORIENTED_EDGE('',*,*,#3731,.F.);
#4906=ORIENTED_EDGE('',*,*,#3732,.T.);
#4907=ORIENTED_EDGE('',*,*,#3733,.F.);
#4908=ORIENTED_EDGE('',*,*,#3732,.F.);
#4909=ORIENTED_EDGE('',*,*,#3734,.F.);
#4910=ORIENTED_EDGE('',*,*,#3735,.T.);
#4911=ORIENTED_EDGE('',*,*,#3736,.F.);
#4912=ORIENTED_EDGE('',*,*,#3735,.F.);
#4913=ORIENTED_EDGE('',*,*,#3737,.F.);
#4914=ORIENTED_EDGE('',*,*,#3738,.T.);
#4915=ORIENTED_EDGE('',*,*,#3739,.F.);
#4916=ORIENTED_EDGE('',*,*,#3738,.F.);
#4917=ORIENTED_EDGE('',*,*,#3740,.F.);
#4918=ORIENTED_EDGE('',*,*,#3699,.T.);
#4919=ORIENTED_EDGE('',*,*,#3741,.F.);
#4920=ORIENTED_EDGE('',*,*,#3717,.F.);
#4921=ORIENTED_EDGE('',*,*,#3742,.F.);
#4922=ORIENTED_EDGE('',*,*,#3743,.T.);
#4923=ORIENTED_EDGE('',*,*,#3744,.F.);
#4924=ORIENTED_EDGE('',*,*,#3743,.F.);
#4925=ORIENTED_EDGE('',*,*,#3745,.F.);
#4926=ORIENTED_EDGE('',*,*,#3746,.T.);
#4927=ORIENTED_EDGE('',*,*,#3747,.F.);
#4928=ORIENTED_EDGE('',*,*,#3746,.F.);
#4929=ORIENTED_EDGE('',*,*,#3748,.F.);
#4930=ORIENTED_EDGE('',*,*,#3749,.T.);
#4931=ORIENTED_EDGE('',*,*,#3750,.F.);
#4932=ORIENTED_EDGE('',*,*,#3749,.F.);
#4933=ORIENTED_EDGE('',*,*,#3751,.F.);
#4934=ORIENTED_EDGE('',*,*,#3722,.T.);
#4935=ORIENTED_EDGE('',*,*,#3724,.T.);
#4936=ORIENTED_EDGE('',*,*,#3727,.T.);
#4937=ORIENTED_EDGE('',*,*,#3730,.T.);
#4938=ORIENTED_EDGE('',*,*,#3733,.T.);
#4939=ORIENTED_EDGE('',*,*,#3736,.T.);
#4940=ORIENTED_EDGE('',*,*,#3739,.T.);
#4941=ORIENTED_EDGE('',*,*,#3698,.T.);
#4942=ORIENTED_EDGE('',*,*,#3702,.T.);
#4943=ORIENTED_EDGE('',*,*,#3705,.T.);
#4944=ORIENTED_EDGE('',*,*,#3708,.T.);
#4945=ORIENTED_EDGE('',*,*,#3711,.T.);
#4946=ORIENTED_EDGE('',*,*,#3741,.T.);
#4947=ORIENTED_EDGE('',*,*,#3744,.T.);
#4948=ORIENTED_EDGE('',*,*,#3747,.T.);
#4949=ORIENTED_EDGE('',*,*,#3750,.T.);
#4950=ORIENTED_EDGE('',*,*,#3721,.T.);
#4951=ORIENTED_EDGE('',*,*,#3718,.T.);
#4952=ORIENTED_EDGE('',*,*,#3714,.T.);
#4953=ORIENTED_EDGE('',*,*,#3752,.T.);
#4954=ORIENTED_EDGE('',*,*,#3753,.T.);
#4955=ORIENTED_EDGE('',*,*,#3754,.T.);
#4956=ORIENTED_EDGE('',*,*,#3755,.T.);
#4957=ORIENTED_EDGE('',*,*,#3756,.T.);
#4958=ORIENTED_EDGE('',*,*,#3757,.T.);
#4959=ORIENTED_EDGE('',*,*,#3754,.F.);
#4960=ORIENTED_EDGE('',*,*,#3758,.F.);
#4961=ORIENTED_EDGE('',*,*,#3759,.F.);
#4962=ORIENTED_EDGE('',*,*,#3760,.T.);
#4963=ORIENTED_EDGE('',*,*,#3753,.F.);
#4964=ORIENTED_EDGE('',*,*,#3761,.F.);
#4965=ORIENTED_EDGE('',*,*,#3762,.F.);
#4966=ORIENTED_EDGE('',*,*,#3758,.T.);
#4967=ORIENTED_EDGE('',*,*,#3752,.F.);
#4968=ORIENTED_EDGE('',*,*,#3763,.F.);
#4969=ORIENTED_EDGE('',*,*,#3764,.F.);
#4970=ORIENTED_EDGE('',*,*,#3761,.T.);
#4971=ORIENTED_EDGE('',*,*,#3757,.F.);
#4972=ORIENTED_EDGE('',*,*,#3765,.F.);
#4973=ORIENTED_EDGE('',*,*,#3766,.F.);
#4974=ORIENTED_EDGE('',*,*,#3763,.T.);
#4975=ORIENTED_EDGE('',*,*,#3756,.F.);
#4976=ORIENTED_EDGE('',*,*,#3767,.F.);
#4977=ORIENTED_EDGE('',*,*,#3768,.F.);
#4978=ORIENTED_EDGE('',*,*,#3765,.T.);
#4979=ORIENTED_EDGE('',*,*,#3755,.F.);
#4980=ORIENTED_EDGE('',*,*,#3760,.F.);
#4981=ORIENTED_EDGE('',*,*,#3769,.F.);
#4982=ORIENTED_EDGE('',*,*,#3767,.T.);
#4983=ORIENTED_EDGE('',*,*,#3770,.F.);
#4984=ORIENTED_EDGE('',*,*,#3771,.F.);
#4985=ORIENTED_EDGE('',*,*,#3772,.F.);
#4986=ORIENTED_EDGE('',*,*,#3773,.T.);
#4987=ORIENTED_EDGE('',*,*,#3774,.F.);
#4988=ORIENTED_EDGE('',*,*,#3773,.F.);
#4989=ORIENTED_EDGE('',*,*,#3775,.F.);
#4990=ORIENTED_EDGE('',*,*,#3776,.T.);
#4991=ORIENTED_EDGE('',*,*,#3777,.F.);
#4992=ORIENTED_EDGE('',*,*,#3776,.F.);
#4993=ORIENTED_EDGE('',*,*,#3778,.F.);
#4994=ORIENTED_EDGE('',*,*,#3779,.T.);
#4995=ORIENTED_EDGE('',*,*,#3780,.F.);
#4996=ORIENTED_EDGE('',*,*,#3779,.F.);
#4997=ORIENTED_EDGE('',*,*,#3781,.F.);
#4998=ORIENTED_EDGE('',*,*,#3782,.T.);
#4999=ORIENTED_EDGE('',*,*,#3783,.F.);
#5000=ORIENTED_EDGE('',*,*,#3782,.F.);
#5001=ORIENTED_EDGE('',*,*,#3784,.F.);
#5002=ORIENTED_EDGE('',*,*,#3785,.T.);
#5003=ORIENTED_EDGE('',*,*,#3786,.F.);
#5004=ORIENTED_EDGE('',*,*,#3785,.F.);
#5005=ORIENTED_EDGE('',*,*,#3787,.F.);
#5006=ORIENTED_EDGE('',*,*,#3788,.T.);
#5007=ORIENTED_EDGE('',*,*,#3789,.F.);
#5008=ORIENTED_EDGE('',*,*,#3788,.F.);
#5009=ORIENTED_EDGE('',*,*,#3790,.F.);
#5010=ORIENTED_EDGE('',*,*,#3791,.T.);
#5011=ORIENTED_EDGE('',*,*,#3792,.F.);
#5012=ORIENTED_EDGE('',*,*,#3791,.F.);
#5013=ORIENTED_EDGE('',*,*,#3793,.F.);
#5014=ORIENTED_EDGE('',*,*,#3794,.T.);
#5015=ORIENTED_EDGE('',*,*,#3795,.F.);
#5016=ORIENTED_EDGE('',*,*,#3794,.F.);
#5017=ORIENTED_EDGE('',*,*,#3796,.F.);
#5018=ORIENTED_EDGE('',*,*,#3797,.T.);
#5019=ORIENTED_EDGE('',*,*,#3798,.F.);
#5020=ORIENTED_EDGE('',*,*,#3797,.F.);
#5021=ORIENTED_EDGE('',*,*,#3799,.F.);
#5022=ORIENTED_EDGE('',*,*,#3800,.T.);
#5023=ORIENTED_EDGE('',*,*,#3801,.F.);
#5024=ORIENTED_EDGE('',*,*,#3800,.F.);
#5025=ORIENTED_EDGE('',*,*,#3802,.F.);
#5026=ORIENTED_EDGE('',*,*,#3803,.T.);
#5027=ORIENTED_EDGE('',*,*,#3804,.F.);
#5028=ORIENTED_EDGE('',*,*,#3803,.F.);
#5029=ORIENTED_EDGE('',*,*,#3805,.F.);
#5030=ORIENTED_EDGE('',*,*,#3771,.T.);
#5031=ORIENTED_EDGE('',*,*,#3789,.T.);
#5032=ORIENTED_EDGE('',*,*,#3792,.T.);
#5033=ORIENTED_EDGE('',*,*,#3795,.T.);
#5034=ORIENTED_EDGE('',*,*,#3798,.T.);
#5035=ORIENTED_EDGE('',*,*,#3801,.T.);
#5036=ORIENTED_EDGE('',*,*,#3804,.T.);
#5037=ORIENTED_EDGE('',*,*,#3770,.T.);
#5038=ORIENTED_EDGE('',*,*,#3774,.T.);
#5039=ORIENTED_EDGE('',*,*,#3777,.T.);
#5040=ORIENTED_EDGE('',*,*,#3780,.T.);
#5041=ORIENTED_EDGE('',*,*,#3783,.T.);
#5042=ORIENTED_EDGE('',*,*,#3786,.T.);
#5043=ORIENTED_EDGE('',*,*,#3806,.T.);
#5044=ORIENTED_EDGE('',*,*,#3807,.T.);
#5045=ORIENTED_EDGE('',*,*,#3808,.T.);
#5046=ORIENTED_EDGE('',*,*,#3809,.T.);
#5047=ORIENTED_EDGE('',*,*,#3810,.T.);
#5048=ORIENTED_EDGE('',*,*,#3811,.T.);
#5049=ORIENTED_EDGE('',*,*,#3812,.T.);
#5050=ORIENTED_EDGE('',*,*,#3813,.T.);
#5051=ORIENTED_EDGE('',*,*,#3814,.T.);
#5052=ORIENTED_EDGE('',*,*,#3815,.T.);
#5053=ORIENTED_EDGE('',*,*,#3816,.T.);
#5054=ORIENTED_EDGE('',*,*,#3817,.T.);
#5055=ORIENTED_EDGE('',*,*,#3818,.T.);
#5056=ORIENTED_EDGE('',*,*,#3819,.T.);
#5057=ORIENTED_EDGE('',*,*,#3812,.F.);
#5058=ORIENTED_EDGE('',*,*,#3820,.F.);
#5059=ORIENTED_EDGE('',*,*,#3821,.F.);
#5060=ORIENTED_EDGE('',*,*,#3822,.T.);
#5061=ORIENTED_EDGE('',*,*,#3811,.F.);
#5062=ORIENTED_EDGE('',*,*,#3823,.F.);
#5063=ORIENTED_EDGE('',*,*,#3824,.F.);
#5064=ORIENTED_EDGE('',*,*,#3820,.T.);
#5065=ORIENTED_EDGE('',*,*,#3810,.F.);
#5066=ORIENTED_EDGE('',*,*,#3825,.F.);
#5067=ORIENTED_EDGE('',*,*,#3826,.F.);
#5068=ORIENTED_EDGE('',*,*,#3823,.T.);
#5069=ORIENTED_EDGE('',*,*,#3809,.F.);
#5070=ORIENTED_EDGE('',*,*,#3827,.F.);
#5071=ORIENTED_EDGE('',*,*,#3828,.F.);
#5072=ORIENTED_EDGE('',*,*,#3825,.T.);
#5073=ORIENTED_EDGE('',*,*,#3808,.F.);
#5074=ORIENTED_EDGE('',*,*,#3829,.F.);
#5075=ORIENTED_EDGE('',*,*,#3830,.F.);
#5076=ORIENTED_EDGE('',*,*,#3827,.T.);
#5077=ORIENTED_EDGE('',*,*,#3807,.F.);
#5078=ORIENTED_EDGE('',*,*,#3831,.F.);
#5079=ORIENTED_EDGE('',*,*,#3832,.F.);
#5080=ORIENTED_EDGE('',*,*,#3829,.T.);
#5081=ORIENTED_EDGE('',*,*,#3806,.F.);
#5082=ORIENTED_EDGE('',*,*,#3833,.F.);
#5083=ORIENTED_EDGE('',*,*,#3834,.F.);
#5084=ORIENTED_EDGE('',*,*,#3831,.T.);
#5085=ORIENTED_EDGE('',*,*,#3819,.F.);
#5086=ORIENTED_EDGE('',*,*,#3835,.F.);
#5087=ORIENTED_EDGE('',*,*,#3836,.F.);
#5088=ORIENTED_EDGE('',*,*,#3833,.T.);
#5089=ORIENTED_EDGE('',*,*,#3818,.F.);
#5090=ORIENTED_EDGE('',*,*,#3837,.F.);
#5091=ORIENTED_EDGE('',*,*,#3838,.F.);
#5092=ORIENTED_EDGE('',*,*,#3835,.T.);
#5093=ORIENTED_EDGE('',*,*,#3817,.F.);
#5094=ORIENTED_EDGE('',*,*,#3839,.F.);
#5095=ORIENTED_EDGE('',*,*,#3840,.F.);
#5096=ORIENTED_EDGE('',*,*,#3837,.T.);
#5097=ORIENTED_EDGE('',*,*,#3816,.F.);
#5098=ORIENTED_EDGE('',*,*,#3841,.F.);
#5099=ORIENTED_EDGE('',*,*,#3842,.F.);
#5100=ORIENTED_EDGE('',*,*,#3839,.T.);
#5101=ORIENTED_EDGE('',*,*,#3815,.F.);
#5102=ORIENTED_EDGE('',*,*,#3843,.F.);
#5103=ORIENTED_EDGE('',*,*,#3844,.F.);
#5104=ORIENTED_EDGE('',*,*,#3841,.T.);
#5105=ORIENTED_EDGE('',*,*,#3814,.F.);
#5106=ORIENTED_EDGE('',*,*,#3845,.F.);
#5107=ORIENTED_EDGE('',*,*,#3846,.F.);
#5108=ORIENTED_EDGE('',*,*,#3843,.T.);
#5109=ORIENTED_EDGE('',*,*,#3813,.F.);
#5110=ORIENTED_EDGE('',*,*,#3822,.F.);
#5111=ORIENTED_EDGE('',*,*,#3847,.F.);
#5112=ORIENTED_EDGE('',*,*,#3845,.T.);
#5113=ORIENTED_EDGE('',*,*,#3848,.F.);
#5114=ORIENTED_EDGE('',*,*,#3849,.F.);
#5115=ORIENTED_EDGE('',*,*,#3850,.F.);
#5116=ORIENTED_EDGE('',*,*,#3851,.T.);
#5117=ORIENTED_EDGE('',*,*,#3852,.F.);
#5118=ORIENTED_EDGE('',*,*,#3851,.F.);
#5119=ORIENTED_EDGE('',*,*,#3853,.F.);
#5120=ORIENTED_EDGE('',*,*,#3854,.T.);
#5121=ORIENTED_EDGE('',*,*,#3855,.F.);
#5122=ORIENTED_EDGE('',*,*,#3854,.F.);
#5123=ORIENTED_EDGE('',*,*,#3856,.F.);
#5124=ORIENTED_EDGE('',*,*,#3857,.T.);
#5125=ORIENTED_EDGE('',*,*,#3858,.F.);
#5126=ORIENTED_EDGE('',*,*,#3857,.F.);
#5127=ORIENTED_EDGE('',*,*,#3859,.F.);
#5128=ORIENTED_EDGE('',*,*,#3860,.T.);
#5129=ORIENTED_EDGE('',*,*,#3861,.F.);
#5130=ORIENTED_EDGE('',*,*,#3860,.F.);
#5131=ORIENTED_EDGE('',*,*,#3862,.F.);
#5132=ORIENTED_EDGE('',*,*,#3863,.T.);
#5133=ORIENTED_EDGE('',*,*,#3864,.F.);
#5134=ORIENTED_EDGE('',*,*,#3863,.F.);
#5135=ORIENTED_EDGE('',*,*,#3865,.F.);
#5136=ORIENTED_EDGE('',*,*,#3866,.T.);
#5137=ORIENTED_EDGE('',*,*,#3867,.F.);
#5138=ORIENTED_EDGE('',*,*,#3866,.F.);
#5139=ORIENTED_EDGE('',*,*,#3868,.F.);
#5140=ORIENTED_EDGE('',*,*,#3869,.T.);
#5141=ORIENTED_EDGE('',*,*,#3870,.F.);
#5142=ORIENTED_EDGE('',*,*,#3869,.F.);
#5143=ORIENTED_EDGE('',*,*,#3871,.F.);
#5144=ORIENTED_EDGE('',*,*,#3872,.T.);
#5145=ORIENTED_EDGE('',*,*,#3873,.F.);
#5146=ORIENTED_EDGE('',*,*,#3872,.F.);
#5147=ORIENTED_EDGE('',*,*,#3874,.F.);
#5148=ORIENTED_EDGE('',*,*,#3875,.T.);
#5149=ORIENTED_EDGE('',*,*,#3876,.F.);
#5150=ORIENTED_EDGE('',*,*,#3875,.F.);
#5151=ORIENTED_EDGE('',*,*,#3877,.F.);
#5152=ORIENTED_EDGE('',*,*,#3849,.T.);
#5153=ORIENTED_EDGE('',*,*,#3864,.T.);
#5154=ORIENTED_EDGE('',*,*,#3867,.T.);
#5155=ORIENTED_EDGE('',*,*,#3870,.T.);
#5156=ORIENTED_EDGE('',*,*,#3873,.T.);
#5157=ORIENTED_EDGE('',*,*,#3876,.T.);
#5158=ORIENTED_EDGE('',*,*,#3848,.T.);
#5159=ORIENTED_EDGE('',*,*,#3852,.T.);
#5160=ORIENTED_EDGE('',*,*,#3855,.T.);
#5161=ORIENTED_EDGE('',*,*,#3858,.T.);
#5162=ORIENTED_EDGE('',*,*,#3861,.T.);
#5163=ORIENTED_EDGE('',*,*,#3878,.T.);
#5164=ORIENTED_EDGE('',*,*,#3879,.T.);
#5165=ORIENTED_EDGE('',*,*,#3880,.T.);
#5166=ORIENTED_EDGE('',*,*,#3881,.T.);
#5167=ORIENTED_EDGE('',*,*,#3882,.T.);
#5168=ORIENTED_EDGE('',*,*,#3883,.T.);
#5169=ORIENTED_EDGE('',*,*,#3884,.T.);
#5170=ORIENTED_EDGE('',*,*,#3885,.T.);
#5171=ORIENTED_EDGE('',*,*,#3886,.T.);
#5172=ORIENTED_EDGE('',*,*,#3887,.T.);
#5173=ORIENTED_EDGE('',*,*,#3888,.T.);
#5174=ORIENTED_EDGE('',*,*,#3889,.T.);
#5175=ORIENTED_EDGE('',*,*,#3890,.T.);
#5176=ORIENTED_EDGE('',*,*,#3891,.T.);
#5177=ORIENTED_EDGE('',*,*,#3892,.T.);
#5178=ORIENTED_EDGE('',*,*,#3893,.T.);
#5179=ORIENTED_EDGE('',*,*,#3894,.T.);
#5180=ORIENTED_EDGE('',*,*,#3895,.T.);
#5181=ORIENTED_EDGE('',*,*,#3896,.T.);
#5182=ORIENTED_EDGE('',*,*,#3897,.T.);
#5183=ORIENTED_EDGE('',*,*,#3898,.T.);
#5184=ORIENTED_EDGE('',*,*,#3899,.T.);
#5185=ORIENTED_EDGE('',*,*,#3900,.T.);
#5186=ORIENTED_EDGE('',*,*,#3901,.T.);
#5187=ORIENTED_EDGE('',*,*,#3898,.F.);
#5188=ORIENTED_EDGE('',*,*,#3902,.F.);
#5189=ORIENTED_EDGE('',*,*,#3903,.F.);
#5190=ORIENTED_EDGE('',*,*,#3904,.T.);
#5191=ORIENTED_EDGE('',*,*,#3897,.F.);
#5192=ORIENTED_EDGE('',*,*,#3905,.F.);
#5193=ORIENTED_EDGE('',*,*,#3906,.F.);
#5194=ORIENTED_EDGE('',*,*,#3902,.T.);
#5195=ORIENTED_EDGE('',*,*,#3896,.F.);
#5196=ORIENTED_EDGE('',*,*,#3907,.F.);
#5197=ORIENTED_EDGE('',*,*,#3908,.F.);
#5198=ORIENTED_EDGE('',*,*,#3905,.T.);
#5199=ORIENTED_EDGE('',*,*,#3895,.F.);
#5200=ORIENTED_EDGE('',*,*,#3909,.F.);
#5201=ORIENTED_EDGE('',*,*,#3910,.F.);
#5202=ORIENTED_EDGE('',*,*,#3907,.T.);
#5203=ORIENTED_EDGE('',*,*,#3891,.F.);
#5204=ORIENTED_EDGE('',*,*,#3911,.F.);
#5205=ORIENTED_EDGE('',*,*,#3912,.F.);
#5206=ORIENTED_EDGE('',*,*,#3913,.T.);
#5207=ORIENTED_EDGE('',*,*,#3890,.F.);
#5208=ORIENTED_EDGE('',*,*,#3914,.F.);
#5209=ORIENTED_EDGE('',*,*,#3915,.F.);
#5210=ORIENTED_EDGE('',*,*,#3911,.T.);
#5211=ORIENTED_EDGE('',*,*,#3889,.F.);
#5212=ORIENTED_EDGE('',*,*,#3916,.F.);
#5213=ORIENTED_EDGE('',*,*,#3917,.F.);
#5214=ORIENTED_EDGE('',*,*,#3914,.T.);
#5215=ORIENTED_EDGE('',*,*,#3888,.F.);
#5216=ORIENTED_EDGE('',*,*,#3918,.F.);
#5217=ORIENTED_EDGE('',*,*,#3919,.F.);
#5218=ORIENTED_EDGE('',*,*,#3916,.T.);
#5219=ORIENTED_EDGE('',*,*,#3882,.F.);
#5220=ORIENTED_EDGE('',*,*,#3920,.F.);
#5221=ORIENTED_EDGE('',*,*,#3921,.F.);
#5222=ORIENTED_EDGE('',*,*,#3922,.T.);
#5223=ORIENTED_EDGE('',*,*,#3881,.F.);
#5224=ORIENTED_EDGE('',*,*,#3923,.F.);
#5225=ORIENTED_EDGE('',*,*,#3924,.F.);
#5226=ORIENTED_EDGE('',*,*,#3920,.T.);
#5227=ORIENTED_EDGE('',*,*,#3880,.F.);
#5228=ORIENTED_EDGE('',*,*,#3925,.F.);
#5229=ORIENTED_EDGE('',*,*,#3926,.F.);
#5230=ORIENTED_EDGE('',*,*,#3923,.T.);
#5231=ORIENTED_EDGE('',*,*,#3879,.F.);
#5232=ORIENTED_EDGE('',*,*,#3927,.F.);
#5233=ORIENTED_EDGE('',*,*,#3928,.F.);
#5234=ORIENTED_EDGE('',*,*,#3925,.T.);
#5235=ORIENTED_EDGE('',*,*,#3878,.F.);
#5236=ORIENTED_EDGE('',*,*,#3929,.F.);
#5237=ORIENTED_EDGE('',*,*,#3930,.F.);
#5238=ORIENTED_EDGE('',*,*,#3927,.T.);
#5239=ORIENTED_EDGE('',*,*,#3899,.F.);
#5240=ORIENTED_EDGE('',*,*,#3904,.F.);
#5241=ORIENTED_EDGE('',*,*,#3931,.F.);
#5242=ORIENTED_EDGE('',*,*,#3932,.T.);
#5243=ORIENTED_EDGE('',*,*,#3900,.F.);
#5244=ORIENTED_EDGE('',*,*,#3932,.F.);
#5245=ORIENTED_EDGE('',*,*,#3933,.F.);
#5246=ORIENTED_EDGE('',*,*,#3934,.T.);
#5247=ORIENTED_EDGE('',*,*,#3901,.F.);
#5248=ORIENTED_EDGE('',*,*,#3934,.F.);
#5249=ORIENTED_EDGE('',*,*,#3935,.F.);
#5250=ORIENTED_EDGE('',*,*,#3909,.T.);
#5251=ORIENTED_EDGE('',*,*,#3892,.F.);
#5252=ORIENTED_EDGE('',*,*,#3913,.F.);
#5253=ORIENTED_EDGE('',*,*,#3936,.F.);
#5254=ORIENTED_EDGE('',*,*,#3937,.T.);
#5255=ORIENTED_EDGE('',*,*,#3893,.F.);
#5256=ORIENTED_EDGE('',*,*,#3937,.F.);
#5257=ORIENTED_EDGE('',*,*,#3938,.F.);
#5258=ORIENTED_EDGE('',*,*,#3939,.T.);
#5259=ORIENTED_EDGE('',*,*,#3894,.F.);
#5260=ORIENTED_EDGE('',*,*,#3939,.F.);
#5261=ORIENTED_EDGE('',*,*,#3940,.F.);
#5262=ORIENTED_EDGE('',*,*,#3918,.T.);
#5263=ORIENTED_EDGE('',*,*,#3887,.F.);
#5264=ORIENTED_EDGE('',*,*,#3941,.F.);
#5265=ORIENTED_EDGE('',*,*,#3942,.F.);
#5266=ORIENTED_EDGE('',*,*,#3929,.T.);
#5267=ORIENTED_EDGE('',*,*,#3886,.F.);
#5268=ORIENTED_EDGE('',*,*,#3943,.F.);
#5269=ORIENTED_EDGE('',*,*,#3944,.F.);
#5270=ORIENTED_EDGE('',*,*,#3941,.T.);
#5271=ORIENTED_EDGE('',*,*,#3885,.F.);
#5272=ORIENTED_EDGE('',*,*,#3945,.F.);
#5273=ORIENTED_EDGE('',*,*,#3946,.F.);
#5274=ORIENTED_EDGE('',*,*,#3943,.T.);
#5275=ORIENTED_EDGE('',*,*,#3884,.F.);
#5276=ORIENTED_EDGE('',*,*,#3947,.F.);
#5277=ORIENTED_EDGE('',*,*,#3948,.F.);
#5278=ORIENTED_EDGE('',*,*,#3945,.T.);
#5279=ORIENTED_EDGE('',*,*,#3883,.F.);
#5280=ORIENTED_EDGE('',*,*,#3922,.F.);
#5281=ORIENTED_EDGE('',*,*,#3949,.F.);
#5282=ORIENTED_EDGE('',*,*,#3947,.T.);
#5283=ORIENTED_EDGE('',*,*,#3950,.F.);
#5284=ORIENTED_EDGE('',*,*,#3951,.F.);
#5285=ORIENTED_EDGE('',*,*,#3952,.F.);
#5286=ORIENTED_EDGE('',*,*,#3953,.T.);
#5287=ORIENTED_EDGE('',*,*,#3954,.F.);
#5288=ORIENTED_EDGE('',*,*,#3953,.F.);
#5289=ORIENTED_EDGE('',*,*,#3955,.F.);
#5290=ORIENTED_EDGE('',*,*,#3956,.T.);
#5291=ORIENTED_EDGE('',*,*,#3957,.F.);
#5292=ORIENTED_EDGE('',*,*,#3956,.F.);
#5293=ORIENTED_EDGE('',*,*,#3958,.F.);
#5294=ORIENTED_EDGE('',*,*,#3959,.T.);
#5295=ORIENTED_EDGE('',*,*,#3960,.F.);
#5296=ORIENTED_EDGE('',*,*,#3959,.F.);
#5297=ORIENTED_EDGE('',*,*,#3961,.F.);
#5298=ORIENTED_EDGE('',*,*,#3962,.T.);
#5299=ORIENTED_EDGE('',*,*,#3963,.F.);
#5300=ORIENTED_EDGE('',*,*,#3962,.F.);
#5301=ORIENTED_EDGE('',*,*,#3964,.F.);
#5302=ORIENTED_EDGE('',*,*,#3965,.T.);
#5303=ORIENTED_EDGE('',*,*,#3966,.F.);
#5304=ORIENTED_EDGE('',*,*,#3965,.F.);
#5305=ORIENTED_EDGE('',*,*,#3967,.F.);
#5306=ORIENTED_EDGE('',*,*,#3968,.T.);
#5307=ORIENTED_EDGE('',*,*,#3969,.F.);
#5308=ORIENTED_EDGE('',*,*,#3968,.F.);
#5309=ORIENTED_EDGE('',*,*,#3970,.F.);
#5310=ORIENTED_EDGE('',*,*,#3971,.T.);
#5311=ORIENTED_EDGE('',*,*,#3972,.F.);
#5312=ORIENTED_EDGE('',*,*,#3971,.F.);
#5313=ORIENTED_EDGE('',*,*,#3973,.F.);
#5314=ORIENTED_EDGE('',*,*,#3974,.T.);
#5315=ORIENTED_EDGE('',*,*,#3975,.F.);
#5316=ORIENTED_EDGE('',*,*,#3974,.F.);
#5317=ORIENTED_EDGE('',*,*,#3976,.F.);
#5318=ORIENTED_EDGE('',*,*,#3977,.T.);
#5319=ORIENTED_EDGE('',*,*,#3978,.F.);
#5320=ORIENTED_EDGE('',*,*,#3977,.F.);
#5321=ORIENTED_EDGE('',*,*,#3979,.F.);
#5322=ORIENTED_EDGE('',*,*,#3980,.T.);
#5323=ORIENTED_EDGE('',*,*,#3981,.F.);
#5324=ORIENTED_EDGE('',*,*,#3980,.F.);
#5325=ORIENTED_EDGE('',*,*,#3982,.F.);
#5326=ORIENTED_EDGE('',*,*,#3983,.T.);
#5327=ORIENTED_EDGE('',*,*,#3984,.F.);
#5328=ORIENTED_EDGE('',*,*,#3983,.F.);
#5329=ORIENTED_EDGE('',*,*,#3985,.F.);
#5330=ORIENTED_EDGE('',*,*,#3986,.T.);
#5331=ORIENTED_EDGE('',*,*,#3987,.F.);
#5332=ORIENTED_EDGE('',*,*,#3986,.F.);
#5333=ORIENTED_EDGE('',*,*,#3988,.F.);
#5334=ORIENTED_EDGE('',*,*,#3951,.T.);
#5335=ORIENTED_EDGE('',*,*,#3969,.T.);
#5336=ORIENTED_EDGE('',*,*,#3972,.T.);
#5337=ORIENTED_EDGE('',*,*,#3975,.T.);
#5338=ORIENTED_EDGE('',*,*,#3978,.T.);
#5339=ORIENTED_EDGE('',*,*,#3981,.T.);
#5340=ORIENTED_EDGE('',*,*,#3984,.T.);
#5341=ORIENTED_EDGE('',*,*,#3987,.T.);
#5342=ORIENTED_EDGE('',*,*,#3950,.T.);
#5343=ORIENTED_EDGE('',*,*,#3954,.T.);
#5344=ORIENTED_EDGE('',*,*,#3957,.T.);
#5345=ORIENTED_EDGE('',*,*,#3960,.T.);
#5346=ORIENTED_EDGE('',*,*,#3963,.T.);
#5347=ORIENTED_EDGE('',*,*,#3966,.T.);
#5348=ORIENTED_EDGE('',*,*,#3989,.T.);
#5349=ORIENTED_EDGE('',*,*,#3990,.T.);
#5350=ORIENTED_EDGE('',*,*,#3991,.T.);
#5351=ORIENTED_EDGE('',*,*,#3992,.T.);
#5352=ORIENTED_EDGE('',*,*,#3993,.T.);
#5353=ORIENTED_EDGE('',*,*,#3994,.T.);
#5354=ORIENTED_EDGE('',*,*,#3995,.T.);
#5355=ORIENTED_EDGE('',*,*,#3996,.T.);
#5356=ORIENTED_EDGE('',*,*,#3997,.T.);
#5357=ORIENTED_EDGE('',*,*,#3998,.T.);
#5358=ORIENTED_EDGE('',*,*,#3999,.T.);
#5359=ORIENTED_EDGE('',*,*,#4000,.T.);
#5360=ORIENTED_EDGE('',*,*,#4001,.T.);
#5361=ORIENTED_EDGE('',*,*,#4002,.T.);
#5362=ORIENTED_EDGE('',*,*,#4003,.T.);
#5363=ORIENTED_EDGE('',*,*,#4004,.T.);
#5364=ORIENTED_EDGE('',*,*,#4005,.T.);
#5365=ORIENTED_EDGE('',*,*,#4006,.T.);
#5366=ORIENTED_EDGE('',*,*,#4003,.F.);
#5367=ORIENTED_EDGE('',*,*,#4007,.F.);
#5368=ORIENTED_EDGE('',*,*,#4008,.F.);
#5369=ORIENTED_EDGE('',*,*,#4009,.T.);
#5370=ORIENTED_EDGE('',*,*,#4002,.F.);
#5371=ORIENTED_EDGE('',*,*,#4010,.F.);
#5372=ORIENTED_EDGE('',*,*,#4011,.F.);
#5373=ORIENTED_EDGE('',*,*,#4007,.T.);
#5374=ORIENTED_EDGE('',*,*,#4001,.F.);
#5375=ORIENTED_EDGE('',*,*,#4012,.F.);
#5376=ORIENTED_EDGE('',*,*,#4013,.F.);
#5377=ORIENTED_EDGE('',*,*,#4010,.T.);
#5378=ORIENTED_EDGE('',*,*,#4000,.F.);
#5379=ORIENTED_EDGE('',*,*,#4014,.F.);
#5380=ORIENTED_EDGE('',*,*,#4015,.F.);
#5381=ORIENTED_EDGE('',*,*,#4012,.T.);
#5382=ORIENTED_EDGE('',*,*,#3994,.F.);
#5383=ORIENTED_EDGE('',*,*,#4016,.F.);
#5384=ORIENTED_EDGE('',*,*,#4017,.F.);
#5385=ORIENTED_EDGE('',*,*,#4018,.T.);
#5386=ORIENTED_EDGE('',*,*,#3993,.F.);
#5387=ORIENTED_EDGE('',*,*,#4019,.F.);
#5388=ORIENTED_EDGE('',*,*,#4020,.F.);
#5389=ORIENTED_EDGE('',*,*,#4016,.T.);
#5390=ORIENTED_EDGE('',*,*,#3992,.F.);
#5391=ORIENTED_EDGE('',*,*,#4021,.F.);
#5392=ORIENTED_EDGE('',*,*,#4022,.F.);
#5393=ORIENTED_EDGE('',*,*,#4019,.T.);
#5394=ORIENTED_EDGE('',*,*,#3991,.F.);
#5395=ORIENTED_EDGE('',*,*,#4023,.F.);
#5396=ORIENTED_EDGE('',*,*,#4024,.F.);
#5397=ORIENTED_EDGE('',*,*,#4021,.T.);
#5398=ORIENTED_EDGE('',*,*,#3990,.F.);
#5399=ORIENTED_EDGE('',*,*,#4025,.F.);
#5400=ORIENTED_EDGE('',*,*,#4026,.F.);
#5401=ORIENTED_EDGE('',*,*,#4023,.T.);
#5402=ORIENTED_EDGE('',*,*,#3989,.F.);
#5403=ORIENTED_EDGE('',*,*,#4027,.F.);
#5404=ORIENTED_EDGE('',*,*,#4028,.F.);
#5405=ORIENTED_EDGE('',*,*,#4025,.T.);
#5406=ORIENTED_EDGE('',*,*,#4004,.F.);
#5407=ORIENTED_EDGE('',*,*,#4009,.F.);
#5408=ORIENTED_EDGE('',*,*,#4029,.F.);
#5409=ORIENTED_EDGE('',*,*,#4030,.T.);
#5410=ORIENTED_EDGE('',*,*,#4005,.F.);
#5411=ORIENTED_EDGE('',*,*,#4030,.F.);
#5412=ORIENTED_EDGE('',*,*,#4031,.F.);
#5413=ORIENTED_EDGE('',*,*,#4032,.T.);
#5414=ORIENTED_EDGE('',*,*,#4006,.F.);
#5415=ORIENTED_EDGE('',*,*,#4032,.F.);
#5416=ORIENTED_EDGE('',*,*,#4033,.F.);
#5417=ORIENTED_EDGE('',*,*,#4014,.T.);
#5418=ORIENTED_EDGE('',*,*,#3999,.F.);
#5419=ORIENTED_EDGE('',*,*,#4034,.F.);
#5420=ORIENTED_EDGE('',*,*,#4035,.F.);
#5421=ORIENTED_EDGE('',*,*,#4027,.T.);
#5422=ORIENTED_EDGE('',*,*,#3998,.F.);
#5423=ORIENTED_EDGE('',*,*,#4036,.F.);
#5424=ORIENTED_EDGE('',*,*,#4037,.F.);
#5425=ORIENTED_EDGE('',*,*,#4034,.T.);
#5426=ORIENTED_EDGE('',*,*,#3997,.F.);
#5427=ORIENTED_EDGE('',*,*,#4038,.F.);
#5428=ORIENTED_EDGE('',*,*,#4039,.F.);
#5429=ORIENTED_EDGE('',*,*,#4036,.T.);
#5430=ORIENTED_EDGE('',*,*,#3996,.F.);
#5431=ORIENTED_EDGE('',*,*,#4040,.F.);
#5432=ORIENTED_EDGE('',*,*,#4041,.F.);
#5433=ORIENTED_EDGE('',*,*,#4038,.T.);
#5434=ORIENTED_EDGE('',*,*,#3995,.F.);
#5435=ORIENTED_EDGE('',*,*,#4018,.F.);
#5436=ORIENTED_EDGE('',*,*,#4042,.F.);
#5437=ORIENTED_EDGE('',*,*,#4040,.T.);
#5438=ORIENTED_EDGE('',*,*,#4043,.F.);
#5439=ORIENTED_EDGE('',*,*,#4044,.F.);
#5440=ORIENTED_EDGE('',*,*,#4045,.F.);
#5441=ORIENTED_EDGE('',*,*,#4046,.T.);
#5442=ORIENTED_EDGE('',*,*,#4047,.F.);
#5443=ORIENTED_EDGE('',*,*,#4046,.F.);
#5444=ORIENTED_EDGE('',*,*,#4048,.F.);
#5445=ORIENTED_EDGE('',*,*,#4049,.T.);
#5446=ORIENTED_EDGE('',*,*,#4050,.F.);
#5447=ORIENTED_EDGE('',*,*,#4049,.F.);
#5448=ORIENTED_EDGE('',*,*,#4051,.F.);
#5449=ORIENTED_EDGE('',*,*,#4052,.T.);
#5450=ORIENTED_EDGE('',*,*,#4053,.F.);
#5451=ORIENTED_EDGE('',*,*,#4052,.F.);
#5452=ORIENTED_EDGE('',*,*,#4054,.F.);
#5453=ORIENTED_EDGE('',*,*,#4055,.T.);
#5454=ORIENTED_EDGE('',*,*,#4056,.F.);
#5455=ORIENTED_EDGE('',*,*,#4055,.F.);
#5456=ORIENTED_EDGE('',*,*,#4057,.F.);
#5457=ORIENTED_EDGE('',*,*,#4058,.T.);
#5458=ORIENTED_EDGE('',*,*,#4059,.F.);
#5459=ORIENTED_EDGE('',*,*,#4058,.F.);
#5460=ORIENTED_EDGE('',*,*,#4060,.F.);
#5461=ORIENTED_EDGE('',*,*,#4061,.T.);
#5462=ORIENTED_EDGE('',*,*,#4062,.F.);
#5463=ORIENTED_EDGE('',*,*,#4061,.F.);
#5464=ORIENTED_EDGE('',*,*,#4063,.F.);
#5465=ORIENTED_EDGE('',*,*,#4064,.T.);
#5466=ORIENTED_EDGE('',*,*,#4065,.F.);
#5467=ORIENTED_EDGE('',*,*,#4064,.F.);
#5468=ORIENTED_EDGE('',*,*,#4066,.F.);
#5469=ORIENTED_EDGE('',*,*,#4067,.T.);
#5470=ORIENTED_EDGE('',*,*,#4068,.F.);
#5471=ORIENTED_EDGE('',*,*,#4067,.F.);
#5472=ORIENTED_EDGE('',*,*,#4069,.F.);
#5473=ORIENTED_EDGE('',*,*,#4070,.T.);
#5474=ORIENTED_EDGE('',*,*,#4071,.F.);
#5475=ORIENTED_EDGE('',*,*,#4070,.F.);
#5476=ORIENTED_EDGE('',*,*,#4072,.F.);
#5477=ORIENTED_EDGE('',*,*,#4073,.T.);
#5478=ORIENTED_EDGE('',*,*,#4074,.F.);
#5479=ORIENTED_EDGE('',*,*,#4073,.F.);
#5480=ORIENTED_EDGE('',*,*,#4075,.F.);
#5481=ORIENTED_EDGE('',*,*,#4076,.T.);
#5482=ORIENTED_EDGE('',*,*,#4077,.F.);
#5483=ORIENTED_EDGE('',*,*,#4076,.F.);
#5484=ORIENTED_EDGE('',*,*,#4078,.F.);
#5485=ORIENTED_EDGE('',*,*,#4044,.T.);
#5486=ORIENTED_EDGE('',*,*,#4062,.T.);
#5487=ORIENTED_EDGE('',*,*,#4065,.T.);
#5488=ORIENTED_EDGE('',*,*,#4068,.T.);
#5489=ORIENTED_EDGE('',*,*,#4071,.T.);
#5490=ORIENTED_EDGE('',*,*,#4074,.T.);
#5491=ORIENTED_EDGE('',*,*,#4077,.T.);
#5492=ORIENTED_EDGE('',*,*,#4043,.T.);
#5493=ORIENTED_EDGE('',*,*,#4047,.T.);
#5494=ORIENTED_EDGE('',*,*,#4050,.T.);
#5495=ORIENTED_EDGE('',*,*,#4053,.T.);
#5496=ORIENTED_EDGE('',*,*,#4056,.T.);
#5497=ORIENTED_EDGE('',*,*,#4059,.T.);
#5498=ORIENTED_EDGE('',*,*,#4079,.T.);
#5499=ORIENTED_EDGE('',*,*,#3520,.T.);
#5500=ORIENTED_EDGE('',*,*,#3523,.T.);
#5501=ORIENTED_EDGE('',*,*,#3525,.T.);
#5502=ORIENTED_EDGE('',*,*,#3527,.T.);
#5503=ORIENTED_EDGE('',*,*,#3529,.T.);
#5504=ORIENTED_EDGE('',*,*,#3531,.T.);
#5505=ORIENTED_EDGE('',*,*,#3533,.T.);
#5506=ORIENTED_EDGE('',*,*,#3535,.T.);
#5507=ORIENTED_EDGE('',*,*,#3537,.T.);
#5508=ORIENTED_EDGE('',*,*,#3538,.T.);
#5509=ORIENTED_EDGE('',*,*,#3541,.T.);
#5510=ORIENTED_EDGE('',*,*,#3568,.T.);
#5511=ORIENTED_EDGE('',*,*,#3565,.T.);
#5512=ORIENTED_EDGE('',*,*,#3562,.T.);
#5513=ORIENTED_EDGE('',*,*,#3559,.T.);
#5514=ORIENTED_EDGE('',*,*,#3556,.T.);
#5515=ORIENTED_EDGE('',*,*,#3553,.T.);
#5516=ORIENTED_EDGE('',*,*,#3550,.T.);
#5517=ORIENTED_EDGE('',*,*,#3547,.T.);
#5518=ORIENTED_EDGE('',*,*,#3544,.T.);
#5519=ORIENTED_EDGE('',*,*,#3582,.T.);
#5520=ORIENTED_EDGE('',*,*,#3585,.T.);
#5521=ORIENTED_EDGE('',*,*,#3587,.T.);
#5522=ORIENTED_EDGE('',*,*,#3589,.T.);
#5523=ORIENTED_EDGE('',*,*,#3591,.T.);
#5524=ORIENTED_EDGE('',*,*,#3593,.T.);
#5525=ORIENTED_EDGE('',*,*,#3595,.T.);
#5526=ORIENTED_EDGE('',*,*,#3597,.T.);
#5527=ORIENTED_EDGE('',*,*,#3599,.T.);
#5528=ORIENTED_EDGE('',*,*,#3601,.T.);
#5529=ORIENTED_EDGE('',*,*,#3603,.T.);
#5530=ORIENTED_EDGE('',*,*,#3604,.T.);
#5531=ORIENTED_EDGE('',*,*,#3607,.T.);
#5532=ORIENTED_EDGE('',*,*,#3664,.T.);
#5533=ORIENTED_EDGE('',*,*,#3661,.T.);
#5534=ORIENTED_EDGE('',*,*,#3658,.T.);
#5535=ORIENTED_EDGE('',*,*,#3655,.T.);
#5536=ORIENTED_EDGE('',*,*,#3652,.T.);
#5537=ORIENTED_EDGE('',*,*,#3649,.T.);
#5538=ORIENTED_EDGE('',*,*,#3646,.T.);
#5539=ORIENTED_EDGE('',*,*,#3643,.T.);
#5540=ORIENTED_EDGE('',*,*,#3640,.T.);
#5541=ORIENTED_EDGE('',*,*,#3637,.T.);
#5542=ORIENTED_EDGE('',*,*,#3634,.T.);
#5543=ORIENTED_EDGE('',*,*,#3631,.T.);
#5544=ORIENTED_EDGE('',*,*,#3628,.T.);
#5545=ORIENTED_EDGE('',*,*,#3625,.T.);
#5546=ORIENTED_EDGE('',*,*,#3622,.T.);
#5547=ORIENTED_EDGE('',*,*,#3619,.T.);
#5548=ORIENTED_EDGE('',*,*,#3616,.T.);
#5549=ORIENTED_EDGE('',*,*,#3613,.T.);
#5550=ORIENTED_EDGE('',*,*,#3610,.T.);
#5551=ORIENTED_EDGE('',*,*,#3682,.T.);
#5552=ORIENTED_EDGE('',*,*,#3685,.T.);
#5553=ORIENTED_EDGE('',*,*,#3687,.T.);
#5554=ORIENTED_EDGE('',*,*,#3689,.T.);
#5555=ORIENTED_EDGE('',*,*,#3692,.T.);
#5556=ORIENTED_EDGE('',*,*,#3694,.T.);
#5557=ORIENTED_EDGE('',*,*,#3696,.T.);
#5558=ORIENTED_EDGE('',*,*,#3697,.T.);
#5559=ORIENTED_EDGE('',*,*,#3700,.T.);
#5560=ORIENTED_EDGE('',*,*,#3740,.T.);
#5561=ORIENTED_EDGE('',*,*,#3737,.T.);
#5562=ORIENTED_EDGE('',*,*,#3734,.T.);
#5563=ORIENTED_EDGE('',*,*,#3731,.T.);
#5564=ORIENTED_EDGE('',*,*,#3728,.T.);
#5565=ORIENTED_EDGE('',*,*,#3725,.T.);
#5566=ORIENTED_EDGE('',*,*,#3712,.T.);
#5567=ORIENTED_EDGE('',*,*,#3709,.T.);
#5568=ORIENTED_EDGE('',*,*,#3706,.T.);
#5569=ORIENTED_EDGE('',*,*,#3703,.T.);
#5570=ORIENTED_EDGE('',*,*,#3759,.T.);
#5571=ORIENTED_EDGE('',*,*,#3762,.T.);
#5572=ORIENTED_EDGE('',*,*,#3764,.T.);
#5573=ORIENTED_EDGE('',*,*,#3766,.T.);
#5574=ORIENTED_EDGE('',*,*,#3768,.T.);
#5575=ORIENTED_EDGE('',*,*,#3769,.T.);
#5576=ORIENTED_EDGE('',*,*,#3772,.T.);
#5577=ORIENTED_EDGE('',*,*,#3805,.T.);
#5578=ORIENTED_EDGE('',*,*,#3802,.T.);
#5579=ORIENTED_EDGE('',*,*,#3799,.T.);
#5580=ORIENTED_EDGE('',*,*,#3796,.T.);
#5581=ORIENTED_EDGE('',*,*,#3793,.T.);
#5582=ORIENTED_EDGE('',*,*,#3790,.T.);
#5583=ORIENTED_EDGE('',*,*,#3787,.T.);
#5584=ORIENTED_EDGE('',*,*,#3784,.T.);
#5585=ORIENTED_EDGE('',*,*,#3781,.T.);
#5586=ORIENTED_EDGE('',*,*,#3778,.T.);
#5587=ORIENTED_EDGE('',*,*,#3775,.T.);
#5588=ORIENTED_EDGE('',*,*,#3821,.T.);
#5589=ORIENTED_EDGE('',*,*,#3824,.T.);
#5590=ORIENTED_EDGE('',*,*,#3826,.T.);
#5591=ORIENTED_EDGE('',*,*,#3828,.T.);
#5592=ORIENTED_EDGE('',*,*,#3830,.T.);
#5593=ORIENTED_EDGE('',*,*,#3832,.T.);
#5594=ORIENTED_EDGE('',*,*,#3834,.T.);
#5595=ORIENTED_EDGE('',*,*,#3836,.T.);
#5596=ORIENTED_EDGE('',*,*,#3838,.T.);
#5597=ORIENTED_EDGE('',*,*,#3840,.T.);
#5598=ORIENTED_EDGE('',*,*,#3842,.T.);
#5599=ORIENTED_EDGE('',*,*,#3844,.T.);
#5600=ORIENTED_EDGE('',*,*,#3846,.T.);
#5601=ORIENTED_EDGE('',*,*,#3847,.T.);
#5602=ORIENTED_EDGE('',*,*,#3850,.T.);
#5603=ORIENTED_EDGE('',*,*,#3877,.T.);
#5604=ORIENTED_EDGE('',*,*,#3874,.T.);
#5605=ORIENTED_EDGE('',*,*,#3871,.T.);
#5606=ORIENTED_EDGE('',*,*,#3868,.T.);
#5607=ORIENTED_EDGE('',*,*,#3865,.T.);
#5608=ORIENTED_EDGE('',*,*,#3862,.T.);
#5609=ORIENTED_EDGE('',*,*,#3859,.T.);
#5610=ORIENTED_EDGE('',*,*,#3856,.T.);
#5611=ORIENTED_EDGE('',*,*,#3853,.T.);
#5612=ORIENTED_EDGE('',*,*,#3921,.T.);
#5613=ORIENTED_EDGE('',*,*,#3924,.T.);
#5614=ORIENTED_EDGE('',*,*,#3926,.T.);
#5615=ORIENTED_EDGE('',*,*,#3928,.T.);
#5616=ORIENTED_EDGE('',*,*,#3930,.T.);
#5617=ORIENTED_EDGE('',*,*,#3942,.T.);
#5618=ORIENTED_EDGE('',*,*,#3944,.T.);
#5619=ORIENTED_EDGE('',*,*,#3946,.T.);
#5620=ORIENTED_EDGE('',*,*,#3948,.T.);
#5621=ORIENTED_EDGE('',*,*,#3949,.T.);
#5622=ORIENTED_EDGE('',*,*,#3952,.T.);
#5623=ORIENTED_EDGE('',*,*,#3988,.T.);
#5624=ORIENTED_EDGE('',*,*,#3985,.T.);
#5625=ORIENTED_EDGE('',*,*,#3982,.T.);
#5626=ORIENTED_EDGE('',*,*,#3979,.T.);
#5627=ORIENTED_EDGE('',*,*,#3976,.T.);
#5628=ORIENTED_EDGE('',*,*,#3973,.T.);
#5629=ORIENTED_EDGE('',*,*,#3970,.T.);
#5630=ORIENTED_EDGE('',*,*,#3967,.T.);
#5631=ORIENTED_EDGE('',*,*,#3964,.T.);
#5632=ORIENTED_EDGE('',*,*,#3961,.T.);
#5633=ORIENTED_EDGE('',*,*,#3958,.T.);
#5634=ORIENTED_EDGE('',*,*,#3955,.T.);
#5635=ORIENTED_EDGE('',*,*,#4017,.T.);
#5636=ORIENTED_EDGE('',*,*,#4020,.T.);
#5637=ORIENTED_EDGE('',*,*,#4022,.T.);
#5638=ORIENTED_EDGE('',*,*,#4024,.T.);
#5639=ORIENTED_EDGE('',*,*,#4026,.T.);
#5640=ORIENTED_EDGE('',*,*,#4028,.T.);
#5641=ORIENTED_EDGE('',*,*,#4035,.T.);
#5642=ORIENTED_EDGE('',*,*,#4037,.T.);
#5643=ORIENTED_EDGE('',*,*,#4039,.T.);
#5644=ORIENTED_EDGE('',*,*,#4041,.T.);
#5645=ORIENTED_EDGE('',*,*,#4042,.T.);
#5646=ORIENTED_EDGE('',*,*,#4045,.T.);
#5647=ORIENTED_EDGE('',*,*,#4078,.T.);
#5648=ORIENTED_EDGE('',*,*,#4075,.T.);
#5649=ORIENTED_EDGE('',*,*,#4072,.T.);
#5650=ORIENTED_EDGE('',*,*,#4069,.T.);
#5651=ORIENTED_EDGE('',*,*,#4066,.T.);
#5652=ORIENTED_EDGE('',*,*,#4063,.T.);
#5653=ORIENTED_EDGE('',*,*,#4060,.T.);
#5654=ORIENTED_EDGE('',*,*,#4057,.T.);
#5655=ORIENTED_EDGE('',*,*,#4054,.T.);
#5656=ORIENTED_EDGE('',*,*,#4051,.T.);
#5657=ORIENTED_EDGE('',*,*,#4048,.T.);
#5658=ORIENTED_EDGE('',*,*,#4080,.T.);
#5659=ORIENTED_EDGE('',*,*,#4081,.T.);
#5660=ORIENTED_EDGE('',*,*,#4082,.T.);
#5661=ORIENTED_EDGE('',*,*,#4083,.T.);
#5662=ORIENTED_EDGE('',*,*,#4084,.T.);
#5663=ORIENTED_EDGE('',*,*,#4085,.T.);
#5664=ORIENTED_EDGE('',*,*,#4086,.T.);
#5665=ORIENTED_EDGE('',*,*,#4087,.T.);
#5666=ORIENTED_EDGE('',*,*,#4088,.T.);
#5667=ORIENTED_EDGE('',*,*,#4089,.T.);
#5668=ORIENTED_EDGE('',*,*,#4090,.T.);
#5669=ORIENTED_EDGE('',*,*,#4091,.T.);
#5670=ORIENTED_EDGE('',*,*,#4092,.T.);
#5671=ORIENTED_EDGE('',*,*,#4093,.T.);
#5672=ORIENTED_EDGE('',*,*,#4094,.T.);
#5673=ORIENTED_EDGE('',*,*,#4095,.T.);
#5674=ORIENTED_EDGE('',*,*,#4096,.T.);
#5675=ORIENTED_EDGE('',*,*,#4097,.T.);
#5676=ORIENTED_EDGE('',*,*,#4098,.T.);
#5677=ORIENTED_EDGE('',*,*,#4099,.T.);
#5678=ORIENTED_EDGE('',*,*,#4100,.T.);
#5679=ORIENTED_EDGE('',*,*,#4101,.T.);
#5680=ORIENTED_EDGE('',*,*,#4102,.T.);
#5681=ORIENTED_EDGE('',*,*,#4103,.T.);
#5682=ORIENTED_EDGE('',*,*,#4104,.T.);
#5683=ORIENTED_EDGE('',*,*,#4105,.T.);
#5684=ORIENTED_EDGE('',*,*,#4106,.T.);
#5685=ORIENTED_EDGE('',*,*,#4107,.T.);
#5686=ORIENTED_EDGE('',*,*,#4108,.T.);
#5687=ORIENTED_EDGE('',*,*,#4109,.T.);
#5688=ORIENTED_EDGE('',*,*,#4110,.T.);
#5689=ORIENTED_EDGE('',*,*,#4111,.T.);
#5690=ORIENTED_EDGE('',*,*,#4112,.T.);
#5691=ORIENTED_EDGE('',*,*,#4113,.T.);
#5692=ORIENTED_EDGE('',*,*,#4114,.T.);
#5693=ORIENTED_EDGE('',*,*,#4115,.T.);
#5694=ORIENTED_EDGE('',*,*,#4116,.T.);
#5695=ORIENTED_EDGE('',*,*,#4117,.T.);
#5696=ORIENTED_EDGE('',*,*,#4118,.T.);
#5697=ORIENTED_EDGE('',*,*,#4119,.T.);
#5698=ORIENTED_EDGE('',*,*,#4120,.T.);
#5699=ORIENTED_EDGE('',*,*,#4121,.T.);
#5700=ORIENTED_EDGE('',*,*,#4122,.T.);
#5701=ORIENTED_EDGE('',*,*,#4123,.T.);
#5702=ORIENTED_EDGE('',*,*,#4124,.T.);
#5703=ORIENTED_EDGE('',*,*,#4125,.T.);
#5704=ORIENTED_EDGE('',*,*,#4126,.T.);
#5705=ORIENTED_EDGE('',*,*,#4127,.T.);
#5706=ORIENTED_EDGE('',*,*,#4128,.T.);
#5707=ORIENTED_EDGE('',*,*,#4129,.T.);
#5708=ORIENTED_EDGE('',*,*,#4130,.T.);
#5709=ORIENTED_EDGE('',*,*,#4131,.T.);
#5710=ORIENTED_EDGE('',*,*,#4132,.T.);
#5711=ORIENTED_EDGE('',*,*,#4133,.T.);
#5712=ORIENTED_EDGE('',*,*,#4134,.T.);
#5713=ORIENTED_EDGE('',*,*,#4135,.T.);
#5714=ORIENTED_EDGE('',*,*,#4136,.T.);
#5715=ORIENTED_EDGE('',*,*,#4137,.T.);
#5716=ORIENTED_EDGE('',*,*,#4138,.T.);
#5717=ORIENTED_EDGE('',*,*,#4139,.T.);
#5718=ORIENTED_EDGE('',*,*,#4140,.T.);
#5719=ORIENTED_EDGE('',*,*,#4141,.T.);
#5720=ORIENTED_EDGE('',*,*,#4142,.T.);
#5721=ORIENTED_EDGE('',*,*,#4143,.T.);
#5722=ORIENTED_EDGE('',*,*,#4144,.T.);
#5723=ORIENTED_EDGE('',*,*,#4145,.T.);
#5724=ORIENTED_EDGE('',*,*,#4146,.T.);
#5725=ORIENTED_EDGE('',*,*,#4147,.T.);
#5726=ORIENTED_EDGE('',*,*,#4148,.T.);
#5727=ORIENTED_EDGE('',*,*,#4149,.T.);
#5728=ORIENTED_EDGE('',*,*,#4150,.T.);
#5729=ORIENTED_EDGE('',*,*,#4151,.T.);
#5730=ORIENTED_EDGE('',*,*,#4152,.T.);
#5731=ORIENTED_EDGE('',*,*,#4153,.T.);
#5732=ORIENTED_EDGE('',*,*,#4154,.T.);
#5733=ORIENTED_EDGE('',*,*,#4155,.T.);
#5734=ORIENTED_EDGE('',*,*,#4156,.T.);
#5735=ORIENTED_EDGE('',*,*,#4157,.T.);
#5736=ORIENTED_EDGE('',*,*,#4158,.T.);
#5737=ORIENTED_EDGE('',*,*,#4159,.T.);
#5738=ORIENTED_EDGE('',*,*,#4160,.T.);
#5739=ORIENTED_EDGE('',*,*,#4161,.T.);
#5740=ORIENTED_EDGE('',*,*,#4162,.T.);
#5741=ORIENTED_EDGE('',*,*,#4008,.T.);
#5742=ORIENTED_EDGE('',*,*,#4011,.T.);
#5743=ORIENTED_EDGE('',*,*,#4013,.T.);
#5744=ORIENTED_EDGE('',*,*,#4015,.T.);
#5745=ORIENTED_EDGE('',*,*,#4033,.T.);
#5746=ORIENTED_EDGE('',*,*,#4031,.T.);
#5747=ORIENTED_EDGE('',*,*,#4029,.T.);
#5748=ORIENTED_EDGE('',*,*,#3912,.T.);
#5749=ORIENTED_EDGE('',*,*,#3915,.T.);
#5750=ORIENTED_EDGE('',*,*,#3917,.T.);
#5751=ORIENTED_EDGE('',*,*,#3919,.T.);
#5752=ORIENTED_EDGE('',*,*,#3940,.T.);
#5753=ORIENTED_EDGE('',*,*,#3938,.T.);
#5754=ORIENTED_EDGE('',*,*,#3936,.T.);
#5755=ORIENTED_EDGE('',*,*,#3716,.T.);
#5756=ORIENTED_EDGE('',*,*,#3720,.T.);
#5757=ORIENTED_EDGE('',*,*,#3723,.T.);
#5758=ORIENTED_EDGE('',*,*,#3751,.T.);
#5759=ORIENTED_EDGE('',*,*,#3748,.T.);
#5760=ORIENTED_EDGE('',*,*,#3745,.T.);
#5761=ORIENTED_EDGE('',*,*,#3742,.T.);
#5762=ORIENTED_EDGE('',*,*,#3903,.T.);
#5763=ORIENTED_EDGE('',*,*,#3906,.T.);
#5764=ORIENTED_EDGE('',*,*,#3908,.T.);
#5765=ORIENTED_EDGE('',*,*,#3910,.T.);
#5766=ORIENTED_EDGE('',*,*,#3935,.T.);
#5767=ORIENTED_EDGE('',*,*,#3933,.T.);
#5768=ORIENTED_EDGE('',*,*,#3931,.T.);
#5769=ORIENTED_EDGE('',*,*,#3677,.T.);
#5770=ORIENTED_EDGE('',*,*,#3680,.T.);
#5771=ORIENTED_EDGE('',*,*,#3690,.T.);
#5772=ORIENTED_EDGE('',*,*,#4083,.F.);
#5773=ORIENTED_EDGE('',*,*,#4163,.F.);
#5774=ORIENTED_EDGE('',*,*,#4164,.F.);
#5775=ORIENTED_EDGE('',*,*,#4165,.T.);
#5776=ORIENTED_EDGE('',*,*,#4082,.F.);
#5777=ORIENTED_EDGE('',*,*,#4166,.F.);
#5778=ORIENTED_EDGE('',*,*,#4167,.F.);
#5779=ORIENTED_EDGE('',*,*,#4163,.T.);
#5780=ORIENTED_EDGE('',*,*,#4081,.F.);
#5781=ORIENTED_EDGE('',*,*,#4168,.F.);
#5782=ORIENTED_EDGE('',*,*,#4169,.F.);
#5783=ORIENTED_EDGE('',*,*,#4166,.T.);
#5784=ORIENTED_EDGE('',*,*,#4080,.F.);
#5785=ORIENTED_EDGE('',*,*,#4170,.F.);
#5786=ORIENTED_EDGE('',*,*,#4171,.F.);
#5787=ORIENTED_EDGE('',*,*,#4168,.T.);
#5788=ORIENTED_EDGE('',*,*,#4089,.F.);
#5789=ORIENTED_EDGE('',*,*,#4172,.F.);
#5790=ORIENTED_EDGE('',*,*,#4173,.F.);
#5791=ORIENTED_EDGE('',*,*,#4174,.T.);
#5792=ORIENTED_EDGE('',*,*,#4088,.F.);
#5793=ORIENTED_EDGE('',*,*,#4175,.F.);
#5794=ORIENTED_EDGE('',*,*,#4176,.F.);
#5795=ORIENTED_EDGE('',*,*,#4172,.T.);
#5796=ORIENTED_EDGE('',*,*,#4087,.F.);
#5797=ORIENTED_EDGE('',*,*,#4177,.F.);
#5798=ORIENTED_EDGE('',*,*,#4178,.F.);
#5799=ORIENTED_EDGE('',*,*,#4175,.T.);
#5800=ORIENTED_EDGE('',*,*,#4094,.F.);
#5801=ORIENTED_EDGE('',*,*,#4179,.F.);
#5802=ORIENTED_EDGE('',*,*,#4180,.F.);
#5803=ORIENTED_EDGE('',*,*,#4181,.T.);
#5804=ORIENTED_EDGE('',*,*,#4093,.F.);
#5805=ORIENTED_EDGE('',*,*,#4182,.F.);
#5806=ORIENTED_EDGE('',*,*,#4183,.F.);
#5807=ORIENTED_EDGE('',*,*,#4179,.T.);
#5808=ORIENTED_EDGE('',*,*,#4092,.F.);
#5809=ORIENTED_EDGE('',*,*,#4184,.F.);
#5810=ORIENTED_EDGE('',*,*,#4185,.F.);
#5811=ORIENTED_EDGE('',*,*,#4182,.T.);
#5812=ORIENTED_EDGE('',*,*,#4098,.F.);
#5813=ORIENTED_EDGE('',*,*,#4186,.F.);
#5814=ORIENTED_EDGE('',*,*,#4187,.F.);
#5815=ORIENTED_EDGE('',*,*,#4188,.T.);
#5816=ORIENTED_EDGE('',*,*,#4097,.F.);
#5817=ORIENTED_EDGE('',*,*,#4189,.F.);
#5818=ORIENTED_EDGE('',*,*,#4190,.F.);
#5819=ORIENTED_EDGE('',*,*,#4186,.T.);
#5820=ORIENTED_EDGE('',*,*,#4103,.F.);
#5821=ORIENTED_EDGE('',*,*,#4191,.F.);
#5822=ORIENTED_EDGE('',*,*,#4192,.F.);
#5823=ORIENTED_EDGE('',*,*,#4193,.T.);
#5824=ORIENTED_EDGE('',*,*,#4102,.F.);
#5825=ORIENTED_EDGE('',*,*,#4194,.F.);
#5826=ORIENTED_EDGE('',*,*,#4195,.F.);
#5827=ORIENTED_EDGE('',*,*,#4191,.T.);
#5828=ORIENTED_EDGE('',*,*,#4101,.F.);
#5829=ORIENTED_EDGE('',*,*,#4196,.F.);
#5830=ORIENTED_EDGE('',*,*,#4197,.F.);
#5831=ORIENTED_EDGE('',*,*,#4194,.T.);
#5832=ORIENTED_EDGE('',*,*,#4100,.F.);
#5833=ORIENTED_EDGE('',*,*,#4198,.F.);
#5834=ORIENTED_EDGE('',*,*,#4199,.F.);
#5835=ORIENTED_EDGE('',*,*,#4196,.T.);
#5836=ORIENTED_EDGE('',*,*,#4110,.F.);
#5837=ORIENTED_EDGE('',*,*,#4200,.F.);
#5838=ORIENTED_EDGE('',*,*,#4201,.F.);
#5839=ORIENTED_EDGE('',*,*,#4202,.T.);
#5840=ORIENTED_EDGE('',*,*,#4109,.F.);
#5841=ORIENTED_EDGE('',*,*,#4203,.F.);
#5842=ORIENTED_EDGE('',*,*,#4204,.F.);
#5843=ORIENTED_EDGE('',*,*,#4200,.T.);
#5844=ORIENTED_EDGE('',*,*,#4108,.F.);
#5845=ORIENTED_EDGE('',*,*,#4205,.F.);
#5846=ORIENTED_EDGE('',*,*,#4206,.F.);
#5847=ORIENTED_EDGE('',*,*,#4203,.T.);
#5848=ORIENTED_EDGE('',*,*,#4107,.F.);
#5849=ORIENTED_EDGE('',*,*,#4207,.F.);
#5850=ORIENTED_EDGE('',*,*,#4208,.F.);
#5851=ORIENTED_EDGE('',*,*,#4205,.T.);
#5852=ORIENTED_EDGE('',*,*,#4116,.F.);
#5853=ORIENTED_EDGE('',*,*,#4209,.F.);
#5854=ORIENTED_EDGE('',*,*,#4210,.F.);
#5855=ORIENTED_EDGE('',*,*,#4211,.T.);
#5856=ORIENTED_EDGE('',*,*,#4115,.F.);
#5857=ORIENTED_EDGE('',*,*,#4212,.F.);
#5858=ORIENTED_EDGE('',*,*,#4213,.F.);
#5859=ORIENTED_EDGE('',*,*,#4209,.T.);
#5860=ORIENTED_EDGE('',*,*,#4114,.F.);
#5861=ORIENTED_EDGE('',*,*,#4214,.F.);
#5862=ORIENTED_EDGE('',*,*,#4215,.F.);
#5863=ORIENTED_EDGE('',*,*,#4212,.T.);
#5864=ORIENTED_EDGE('',*,*,#4121,.F.);
#5865=ORIENTED_EDGE('',*,*,#4216,.F.);
#5866=ORIENTED_EDGE('',*,*,#4217,.F.);
#5867=ORIENTED_EDGE('',*,*,#4218,.T.);
#5868=ORIENTED_EDGE('',*,*,#4120,.F.);
#5869=ORIENTED_EDGE('',*,*,#4219,.F.);
#5870=ORIENTED_EDGE('',*,*,#4220,.F.);
#5871=ORIENTED_EDGE('',*,*,#4216,.T.);
#5872=ORIENTED_EDGE('',*,*,#4119,.F.);
#5873=ORIENTED_EDGE('',*,*,#4221,.F.);
#5874=ORIENTED_EDGE('',*,*,#4222,.F.);
#5875=ORIENTED_EDGE('',*,*,#4219,.T.);
#5876=ORIENTED_EDGE('',*,*,#4127,.F.);
#5877=ORIENTED_EDGE('',*,*,#4223,.F.);
#5878=ORIENTED_EDGE('',*,*,#4224,.F.);
#5879=ORIENTED_EDGE('',*,*,#4225,.T.);
#5880=ORIENTED_EDGE('',*,*,#4126,.F.);
#5881=ORIENTED_EDGE('',*,*,#4226,.F.);
#5882=ORIENTED_EDGE('',*,*,#4227,.F.);
#5883=ORIENTED_EDGE('',*,*,#4223,.T.);
#5884=ORIENTED_EDGE('',*,*,#4125,.F.);
#5885=ORIENTED_EDGE('',*,*,#4228,.F.);
#5886=ORIENTED_EDGE('',*,*,#4229,.F.);
#5887=ORIENTED_EDGE('',*,*,#4226,.T.);
#5888=ORIENTED_EDGE('',*,*,#4124,.F.);
#5889=ORIENTED_EDGE('',*,*,#4230,.F.);
#5890=ORIENTED_EDGE('',*,*,#4231,.F.);
#5891=ORIENTED_EDGE('',*,*,#4228,.T.);
#5892=ORIENTED_EDGE('',*,*,#4133,.F.);
#5893=ORIENTED_EDGE('',*,*,#4232,.F.);
#5894=ORIENTED_EDGE('',*,*,#4233,.F.);
#5895=ORIENTED_EDGE('',*,*,#4234,.T.);
#5896=ORIENTED_EDGE('',*,*,#4132,.F.);
#5897=ORIENTED_EDGE('',*,*,#4235,.F.);
#5898=ORIENTED_EDGE('',*,*,#4236,.F.);
#5899=ORIENTED_EDGE('',*,*,#4232,.T.);
#5900=ORIENTED_EDGE('',*,*,#4131,.F.);
#5901=ORIENTED_EDGE('',*,*,#4237,.F.);
#5902=ORIENTED_EDGE('',*,*,#4238,.F.);
#5903=ORIENTED_EDGE('',*,*,#4235,.T.);
#5904=ORIENTED_EDGE('',*,*,#4139,.F.);
#5905=ORIENTED_EDGE('',*,*,#4239,.F.);
#5906=ORIENTED_EDGE('',*,*,#4240,.F.);
#5907=ORIENTED_EDGE('',*,*,#4241,.T.);
#5908=ORIENTED_EDGE('',*,*,#4138,.F.);
#5909=ORIENTED_EDGE('',*,*,#4242,.F.);
#5910=ORIENTED_EDGE('',*,*,#4243,.F.);
#5911=ORIENTED_EDGE('',*,*,#4239,.T.);
#5912=ORIENTED_EDGE('',*,*,#4137,.F.);
#5913=ORIENTED_EDGE('',*,*,#4244,.F.);
#5914=ORIENTED_EDGE('',*,*,#4245,.F.);
#5915=ORIENTED_EDGE('',*,*,#4242,.T.);
#5916=ORIENTED_EDGE('',*,*,#4146,.F.);
#5917=ORIENTED_EDGE('',*,*,#4246,.F.);
#5918=ORIENTED_EDGE('',*,*,#4247,.F.);
#5919=ORIENTED_EDGE('',*,*,#4248,.T.);
#5920=ORIENTED_EDGE('',*,*,#4145,.F.);
#5921=ORIENTED_EDGE('',*,*,#4249,.F.);
#5922=ORIENTED_EDGE('',*,*,#4250,.F.);
#5923=ORIENTED_EDGE('',*,*,#4246,.T.);
#5924=ORIENTED_EDGE('',*,*,#4144,.F.);
#5925=ORIENTED_EDGE('',*,*,#4251,.F.);
#5926=ORIENTED_EDGE('',*,*,#4252,.F.);
#5927=ORIENTED_EDGE('',*,*,#4249,.T.);
#5928=ORIENTED_EDGE('',*,*,#4143,.F.);
#5929=ORIENTED_EDGE('',*,*,#4253,.F.);
#5930=ORIENTED_EDGE('',*,*,#4254,.F.);
#5931=ORIENTED_EDGE('',*,*,#4251,.T.);
#5932=ORIENTED_EDGE('',*,*,#4152,.F.);
#5933=ORIENTED_EDGE('',*,*,#4255,.F.);
#5934=ORIENTED_EDGE('',*,*,#4256,.F.);
#5935=ORIENTED_EDGE('',*,*,#4257,.T.);
#5936=ORIENTED_EDGE('',*,*,#4151,.F.);
#5937=ORIENTED_EDGE('',*,*,#4258,.F.);
#5938=ORIENTED_EDGE('',*,*,#4259,.F.);
#5939=ORIENTED_EDGE('',*,*,#4255,.T.);
#5940=ORIENTED_EDGE('',*,*,#4150,.F.);
#5941=ORIENTED_EDGE('',*,*,#4260,.F.);
#5942=ORIENTED_EDGE('',*,*,#4261,.F.);
#5943=ORIENTED_EDGE('',*,*,#4258,.T.);
#5944=ORIENTED_EDGE('',*,*,#4159,.F.);
#5945=ORIENTED_EDGE('',*,*,#4262,.F.);
#5946=ORIENTED_EDGE('',*,*,#4263,.F.);
#5947=ORIENTED_EDGE('',*,*,#4264,.T.);
#5948=ORIENTED_EDGE('',*,*,#4158,.F.);
#5949=ORIENTED_EDGE('',*,*,#4265,.F.);
#5950=ORIENTED_EDGE('',*,*,#4266,.F.);
#5951=ORIENTED_EDGE('',*,*,#4262,.T.);
#5952=ORIENTED_EDGE('',*,*,#4157,.F.);
#5953=ORIENTED_EDGE('',*,*,#4267,.F.);
#5954=ORIENTED_EDGE('',*,*,#4268,.F.);
#5955=ORIENTED_EDGE('',*,*,#4265,.T.);
#5956=ORIENTED_EDGE('',*,*,#4156,.F.);
#5957=ORIENTED_EDGE('',*,*,#4269,.F.);
#5958=ORIENTED_EDGE('',*,*,#4270,.F.);
#5959=ORIENTED_EDGE('',*,*,#4267,.T.);
#5960=ORIENTED_EDGE('',*,*,#4079,.F.);
#5961=ORIENTED_EDGE('',*,*,#4271,.T.);
#5962=ORIENTED_EDGE('',*,*,#4272,.F.);
#5963=ORIENTED_EDGE('',*,*,#4271,.F.);
#5964=ORIENTED_EDGE('',*,*,#4084,.F.);
#5965=ORIENTED_EDGE('',*,*,#4165,.F.);
#5966=ORIENTED_EDGE('',*,*,#4273,.F.);
#5967=ORIENTED_EDGE('',*,*,#4274,.T.);
#5968=ORIENTED_EDGE('',*,*,#4085,.F.);
#5969=ORIENTED_EDGE('',*,*,#4274,.F.);
#5970=ORIENTED_EDGE('',*,*,#4275,.F.);
#5971=ORIENTED_EDGE('',*,*,#4276,.T.);
#5972=ORIENTED_EDGE('',*,*,#4086,.F.);
#5973=ORIENTED_EDGE('',*,*,#4276,.F.);
#5974=ORIENTED_EDGE('',*,*,#4277,.F.);
#5975=ORIENTED_EDGE('',*,*,#4170,.T.);
#5976=ORIENTED_EDGE('',*,*,#4090,.F.);
#5977=ORIENTED_EDGE('',*,*,#4174,.F.);
#5978=ORIENTED_EDGE('',*,*,#4278,.F.);
#5979=ORIENTED_EDGE('',*,*,#4279,.T.);
#5980=ORIENTED_EDGE('',*,*,#4091,.F.);
#5981=ORIENTED_EDGE('',*,*,#4279,.F.);
#5982=ORIENTED_EDGE('',*,*,#4280,.F.);
#5983=ORIENTED_EDGE('',*,*,#4177,.T.);
#5984=ORIENTED_EDGE('',*,*,#4095,.F.);
#5985=ORIENTED_EDGE('',*,*,#4181,.F.);
#5986=ORIENTED_EDGE('',*,*,#4281,.F.);
#5987=ORIENTED_EDGE('',*,*,#4282,.T.);
#5988=ORIENTED_EDGE('',*,*,#4096,.F.);
#5989=ORIENTED_EDGE('',*,*,#4282,.F.);
#5990=ORIENTED_EDGE('',*,*,#4283,.F.);
#5991=ORIENTED_EDGE('',*,*,#4184,.T.);
#5992=ORIENTED_EDGE('',*,*,#4099,.F.);
#5993=ORIENTED_EDGE('',*,*,#4188,.F.);
#5994=ORIENTED_EDGE('',*,*,#4284,.F.);
#5995=ORIENTED_EDGE('',*,*,#4189,.T.);
#5996=ORIENTED_EDGE('',*,*,#4104,.F.);
#5997=ORIENTED_EDGE('',*,*,#4193,.F.);
#5998=ORIENTED_EDGE('',*,*,#4285,.F.);
#5999=ORIENTED_EDGE('',*,*,#4286,.T.);
#6000=ORIENTED_EDGE('',*,*,#4105,.F.);
#6001=ORIENTED_EDGE('',*,*,#4286,.F.);
#6002=ORIENTED_EDGE('',*,*,#4287,.F.);
#6003=ORIENTED_EDGE('',*,*,#4288,.T.);
#6004=ORIENTED_EDGE('',*,*,#4106,.F.);
#6005=ORIENTED_EDGE('',*,*,#4288,.F.);
#6006=ORIENTED_EDGE('',*,*,#4289,.F.);
#6007=ORIENTED_EDGE('',*,*,#4198,.T.);
#6008=ORIENTED_EDGE('',*,*,#4111,.F.);
#6009=ORIENTED_EDGE('',*,*,#4202,.F.);
#6010=ORIENTED_EDGE('',*,*,#4290,.F.);
#6011=ORIENTED_EDGE('',*,*,#4291,.T.);
#6012=ORIENTED_EDGE('',*,*,#4112,.F.);
#6013=ORIENTED_EDGE('',*,*,#4291,.F.);
#6014=ORIENTED_EDGE('',*,*,#4292,.F.);
#6015=ORIENTED_EDGE('',*,*,#4293,.T.);
#6016=ORIENTED_EDGE('',*,*,#4113,.F.);
#6017=ORIENTED_EDGE('',*,*,#4293,.F.);
#6018=ORIENTED_EDGE('',*,*,#4294,.F.);
#6019=ORIENTED_EDGE('',*,*,#4207,.T.);
#6020=ORIENTED_EDGE('',*,*,#4117,.F.);
#6021=ORIENTED_EDGE('',*,*,#4211,.F.);
#6022=ORIENTED_EDGE('',*,*,#4295,.F.);
#6023=ORIENTED_EDGE('',*,*,#4296,.T.);
#6024=ORIENTED_EDGE('',*,*,#4118,.F.);
#6025=ORIENTED_EDGE('',*,*,#4296,.F.);
#6026=ORIENTED_EDGE('',*,*,#4297,.F.);
#6027=ORIENTED_EDGE('',*,*,#4214,.T.);
#6028=ORIENTED_EDGE('',*,*,#4122,.F.);
#6029=ORIENTED_EDGE('',*,*,#4218,.F.);
#6030=ORIENTED_EDGE('',*,*,#4298,.F.);
#6031=ORIENTED_EDGE('',*,*,#4299,.T.);
#6032=ORIENTED_EDGE('',*,*,#4123,.F.);
#6033=ORIENTED_EDGE('',*,*,#4299,.F.);
#6034=ORIENTED_EDGE('',*,*,#4300,.F.);
#6035=ORIENTED_EDGE('',*,*,#4221,.T.);
#6036=ORIENTED_EDGE('',*,*,#4128,.F.);
#6037=ORIENTED_EDGE('',*,*,#4225,.F.);
#6038=ORIENTED_EDGE('',*,*,#4301,.F.);
#6039=ORIENTED_EDGE('',*,*,#4302,.T.);
#6040=ORIENTED_EDGE('',*,*,#4129,.F.);
#6041=ORIENTED_EDGE('',*,*,#4302,.F.);
#6042=ORIENTED_EDGE('',*,*,#4303,.F.);
#6043=ORIENTED_EDGE('',*,*,#4304,.T.);
#6044=ORIENTED_EDGE('',*,*,#4130,.F.);
#6045=ORIENTED_EDGE('',*,*,#4304,.F.);
#6046=ORIENTED_EDGE('',*,*,#4305,.F.);
#6047=ORIENTED_EDGE('',*,*,#4230,.T.);
#6048=ORIENTED_EDGE('',*,*,#4134,.F.);
#6049=ORIENTED_EDGE('',*,*,#4234,.F.);
#6050=ORIENTED_EDGE('',*,*,#4306,.F.);
#6051=ORIENTED_EDGE('',*,*,#4307,.T.);
#6052=ORIENTED_EDGE('',*,*,#4135,.F.);
#6053=ORIENTED_EDGE('',*,*,#4307,.F.);
#6054=ORIENTED_EDGE('',*,*,#4308,.F.);
#6055=ORIENTED_EDGE('',*,*,#4309,.T.);
#6056=ORIENTED_EDGE('',*,*,#4136,.F.);
#6057=ORIENTED_EDGE('',*,*,#4309,.F.);
#6058=ORIENTED_EDGE('',*,*,#4310,.F.);
#6059=ORIENTED_EDGE('',*,*,#4237,.T.);
#6060=ORIENTED_EDGE('',*,*,#4140,.F.);
#6061=ORIENTED_EDGE('',*,*,#4241,.F.);
#6062=ORIENTED_EDGE('',*,*,#4311,.F.);
#6063=ORIENTED_EDGE('',*,*,#4312,.T.);
#6064=ORIENTED_EDGE('',*,*,#4141,.F.);
#6065=ORIENTED_EDGE('',*,*,#4312,.F.);
#6066=ORIENTED_EDGE('',*,*,#4313,.F.);
#6067=ORIENTED_EDGE('',*,*,#4314,.T.);
#6068=ORIENTED_EDGE('',*,*,#4142,.F.);
#6069=ORIENTED_EDGE('',*,*,#4314,.F.);
#6070=ORIENTED_EDGE('',*,*,#4315,.F.);
#6071=ORIENTED_EDGE('',*,*,#4244,.T.);
#6072=ORIENTED_EDGE('',*,*,#4147,.F.);
#6073=ORIENTED_EDGE('',*,*,#4248,.F.);
#6074=ORIENTED_EDGE('',*,*,#4316,.F.);
#6075=ORIENTED_EDGE('',*,*,#4317,.T.);
#6076=ORIENTED_EDGE('',*,*,#4148,.F.);
#6077=ORIENTED_EDGE('',*,*,#4317,.F.);
#6078=ORIENTED_EDGE('',*,*,#4318,.F.);
#6079=ORIENTED_EDGE('',*,*,#4319,.T.);
#6080=ORIENTED_EDGE('',*,*,#4149,.F.);
#6081=ORIENTED_EDGE('',*,*,#4319,.F.);
#6082=ORIENTED_EDGE('',*,*,#4320,.F.);
#6083=ORIENTED_EDGE('',*,*,#4253,.T.);
#6084=ORIENTED_EDGE('',*,*,#4153,.F.);
#6085=ORIENTED_EDGE('',*,*,#4257,.F.);
#6086=ORIENTED_EDGE('',*,*,#4321,.F.);
#6087=ORIENTED_EDGE('',*,*,#4322,.T.);
#6088=ORIENTED_EDGE('',*,*,#4154,.F.);
#6089=ORIENTED_EDGE('',*,*,#4322,.F.);
#6090=ORIENTED_EDGE('',*,*,#4323,.F.);
#6091=ORIENTED_EDGE('',*,*,#4324,.T.);
#6092=ORIENTED_EDGE('',*,*,#4155,.F.);
#6093=ORIENTED_EDGE('',*,*,#4324,.F.);
#6094=ORIENTED_EDGE('',*,*,#4325,.F.);
#6095=ORIENTED_EDGE('',*,*,#4260,.T.);
#6096=ORIENTED_EDGE('',*,*,#4160,.F.);
#6097=ORIENTED_EDGE('',*,*,#4264,.F.);
#6098=ORIENTED_EDGE('',*,*,#4326,.F.);
#6099=ORIENTED_EDGE('',*,*,#4327,.T.);
#6100=ORIENTED_EDGE('',*,*,#4161,.F.);
#6101=ORIENTED_EDGE('',*,*,#4327,.F.);
#6102=ORIENTED_EDGE('',*,*,#4328,.F.);
#6103=ORIENTED_EDGE('',*,*,#4329,.T.);
#6104=ORIENTED_EDGE('',*,*,#4162,.F.);
#6105=ORIENTED_EDGE('',*,*,#4329,.F.);
#6106=ORIENTED_EDGE('',*,*,#4330,.F.);
#6107=ORIENTED_EDGE('',*,*,#4269,.T.);
#6108=ORIENTED_EDGE('',*,*,#4331,.F.);
#6109=ORIENTED_EDGE('',*,*,#4272,.T.);
#6110=ORIENTED_EDGE('',*,*,#4263,.T.);
#6111=ORIENTED_EDGE('',*,*,#4266,.T.);
#6112=ORIENTED_EDGE('',*,*,#4268,.T.);
#6113=ORIENTED_EDGE('',*,*,#4270,.T.);
#6114=ORIENTED_EDGE('',*,*,#4330,.T.);
#6115=ORIENTED_EDGE('',*,*,#4328,.T.);
#6116=ORIENTED_EDGE('',*,*,#4326,.T.);
#6117=ORIENTED_EDGE('',*,*,#4256,.T.);
#6118=ORIENTED_EDGE('',*,*,#4259,.T.);
#6119=ORIENTED_EDGE('',*,*,#4261,.T.);
#6120=ORIENTED_EDGE('',*,*,#4325,.T.);
#6121=ORIENTED_EDGE('',*,*,#4323,.T.);
#6122=ORIENTED_EDGE('',*,*,#4321,.T.);
#6123=ORIENTED_EDGE('',*,*,#4247,.T.);
#6124=ORIENTED_EDGE('',*,*,#4250,.T.);
#6125=ORIENTED_EDGE('',*,*,#4252,.T.);
#6126=ORIENTED_EDGE('',*,*,#4254,.T.);
#6127=ORIENTED_EDGE('',*,*,#4320,.T.);
#6128=ORIENTED_EDGE('',*,*,#4318,.T.);
#6129=ORIENTED_EDGE('',*,*,#4316,.T.);
#6130=ORIENTED_EDGE('',*,*,#4240,.T.);
#6131=ORIENTED_EDGE('',*,*,#4243,.T.);
#6132=ORIENTED_EDGE('',*,*,#4245,.T.);
#6133=ORIENTED_EDGE('',*,*,#4315,.T.);
#6134=ORIENTED_EDGE('',*,*,#4313,.T.);
#6135=ORIENTED_EDGE('',*,*,#4311,.T.);
#6136=ORIENTED_EDGE('',*,*,#4233,.T.);
#6137=ORIENTED_EDGE('',*,*,#4236,.T.);
#6138=ORIENTED_EDGE('',*,*,#4238,.T.);
#6139=ORIENTED_EDGE('',*,*,#4310,.T.);
#6140=ORIENTED_EDGE('',*,*,#4308,.T.);
#6141=ORIENTED_EDGE('',*,*,#4306,.T.);
#6142=ORIENTED_EDGE('',*,*,#4224,.T.);
#6143=ORIENTED_EDGE('',*,*,#4227,.T.);
#6144=ORIENTED_EDGE('',*,*,#4229,.T.);
#6145=ORIENTED_EDGE('',*,*,#4231,.T.);
#6146=ORIENTED_EDGE('',*,*,#4305,.T.);
#6147=ORIENTED_EDGE('',*,*,#4303,.T.);
#6148=ORIENTED_EDGE('',*,*,#4301,.T.);
#6149=ORIENTED_EDGE('',*,*,#4217,.T.);
#6150=ORIENTED_EDGE('',*,*,#4220,.T.);
#6151=ORIENTED_EDGE('',*,*,#4222,.T.);
#6152=ORIENTED_EDGE('',*,*,#4300,.T.);
#6153=ORIENTED_EDGE('',*,*,#4298,.T.);
#6154=ORIENTED_EDGE('',*,*,#4210,.T.);
#6155=ORIENTED_EDGE('',*,*,#4213,.T.);
#6156=ORIENTED_EDGE('',*,*,#4215,.T.);
#6157=ORIENTED_EDGE('',*,*,#4297,.T.);
#6158=ORIENTED_EDGE('',*,*,#4295,.T.);
#6159=ORIENTED_EDGE('',*,*,#4201,.T.);
#6160=ORIENTED_EDGE('',*,*,#4204,.T.);
#6161=ORIENTED_EDGE('',*,*,#4206,.T.);
#6162=ORIENTED_EDGE('',*,*,#4208,.T.);
#6163=ORIENTED_EDGE('',*,*,#4294,.T.);
#6164=ORIENTED_EDGE('',*,*,#4292,.T.);
#6165=ORIENTED_EDGE('',*,*,#4290,.T.);
#6166=ORIENTED_EDGE('',*,*,#4192,.T.);
#6167=ORIENTED_EDGE('',*,*,#4195,.T.);
#6168=ORIENTED_EDGE('',*,*,#4197,.T.);
#6169=ORIENTED_EDGE('',*,*,#4199,.T.);
#6170=ORIENTED_EDGE('',*,*,#4289,.T.);
#6171=ORIENTED_EDGE('',*,*,#4287,.T.);
#6172=ORIENTED_EDGE('',*,*,#4285,.T.);
#6173=ORIENTED_EDGE('',*,*,#4187,.T.);
#6174=ORIENTED_EDGE('',*,*,#4190,.T.);
#6175=ORIENTED_EDGE('',*,*,#4284,.T.);
#6176=ORIENTED_EDGE('',*,*,#4180,.T.);
#6177=ORIENTED_EDGE('',*,*,#4183,.T.);
#6178=ORIENTED_EDGE('',*,*,#4185,.T.);
#6179=ORIENTED_EDGE('',*,*,#4283,.T.);
#6180=ORIENTED_EDGE('',*,*,#4281,.T.);
#6181=ORIENTED_EDGE('',*,*,#4173,.T.);
#6182=ORIENTED_EDGE('',*,*,#4176,.T.);
#6183=ORIENTED_EDGE('',*,*,#4178,.T.);
#6184=ORIENTED_EDGE('',*,*,#4280,.T.);
#6185=ORIENTED_EDGE('',*,*,#4278,.T.);
#6186=ORIENTED_EDGE('',*,*,#4331,.T.);
#6187=ORIENTED_EDGE('',*,*,#4332,.T.);
#6188=ORIENTED_EDGE('',*,*,#4333,.T.);
#6189=ORIENTED_EDGE('',*,*,#4332,.F.);
#6190=ORIENTED_EDGE('',*,*,#4333,.F.);
#6191=ORIENTED_EDGE('',*,*,#4334,.T.);
#6192=ORIENTED_EDGE('',*,*,#4335,.F.);
#6193=ORIENTED_EDGE('',*,*,#4336,.F.);
#6194=ORIENTED_EDGE('',*,*,#4337,.T.);
#6195=ORIENTED_EDGE('',*,*,#4338,.T.);
#6196=ORIENTED_EDGE('',*,*,#4339,.T.);
#6197=ORIENTED_EDGE('',*,*,#4340,.T.);
#6198=ORIENTED_EDGE('',*,*,#4341,.T.);
#6199=ORIENTED_EDGE('',*,*,#4342,.T.);
#6200=ORIENTED_EDGE('',*,*,#4343,.F.);
#6201=ORIENTED_EDGE('',*,*,#4344,.F.);
#6202=ORIENTED_EDGE('',*,*,#4345,.T.);
#6203=ORIENTED_EDGE('',*,*,#4346,.T.);
#6204=ORIENTED_EDGE('',*,*,#4347,.F.);
#6205=ORIENTED_EDGE('',*,*,#4334,.F.);
#6206=ORIENTED_EDGE('',*,*,#4164,.T.);
#6207=ORIENTED_EDGE('',*,*,#4167,.T.);
#6208=ORIENTED_EDGE('',*,*,#4169,.T.);
#6209=ORIENTED_EDGE('',*,*,#4171,.T.);
#6210=ORIENTED_EDGE('',*,*,#4277,.T.);
#6211=ORIENTED_EDGE('',*,*,#4275,.T.);
#6212=ORIENTED_EDGE('',*,*,#4273,.T.);
#6213=ORIENTED_EDGE('',*,*,#4339,.F.);
#6214=ORIENTED_EDGE('',*,*,#4348,.T.);
#6215=ORIENTED_EDGE('',*,*,#4349,.T.);
#6216=ORIENTED_EDGE('',*,*,#4350,.T.);
#6217=ORIENTED_EDGE('',*,*,#4338,.F.);
#6218=ORIENTED_EDGE('',*,*,#4351,.T.);
#6219=ORIENTED_EDGE('',*,*,#4352,.T.);
#6220=ORIENTED_EDGE('',*,*,#4348,.F.);
#6221=ORIENTED_EDGE('',*,*,#4353,.T.);
#6222=ORIENTED_EDGE('',*,*,#4354,.T.);
#6223=ORIENTED_EDGE('',*,*,#4349,.F.);
#6224=ORIENTED_EDGE('',*,*,#4352,.F.);
#6225=ORIENTED_EDGE('',*,*,#4340,.F.);
#6226=ORIENTED_EDGE('',*,*,#4350,.F.);
#6227=ORIENTED_EDGE('',*,*,#4354,.F.);
#6228=ORIENTED_EDGE('',*,*,#4355,.T.);
#6229=ORIENTED_EDGE('',*,*,#4337,.F.);
#6230=ORIENTED_EDGE('',*,*,#4356,.F.);
#6231=ORIENTED_EDGE('',*,*,#4357,.F.);
#6232=ORIENTED_EDGE('',*,*,#4358,.F.);
#6233=ORIENTED_EDGE('',*,*,#4359,.F.);
#6234=ORIENTED_EDGE('',*,*,#4360,.F.);
#6235=ORIENTED_EDGE('',*,*,#4345,.F.);
#6236=ORIENTED_EDGE('',*,*,#4361,.F.);
#6237=ORIENTED_EDGE('',*,*,#4362,.F.);
#6238=ORIENTED_EDGE('',*,*,#4363,.F.);
#6239=ORIENTED_EDGE('',*,*,#4364,.F.);
#6240=ORIENTED_EDGE('',*,*,#4365,.F.);
#6241=ORIENTED_EDGE('',*,*,#4341,.F.);
#6242=ORIENTED_EDGE('',*,*,#4355,.F.);
#6243=ORIENTED_EDGE('',*,*,#4353,.F.);
#6244=ORIENTED_EDGE('',*,*,#4351,.F.);
#6245=ORIENTED_EDGE('',*,*,#4366,.T.);
#6246=ORIENTED_EDGE('',*,*,#4367,.F.);
#6247=ORIENTED_EDGE('',*,*,#4368,.F.);
#6248=ORIENTED_EDGE('',*,*,#4369,.F.);
#6249=ORIENTED_EDGE('',*,*,#4370,.T.);
#6250=ORIENTED_EDGE('',*,*,#4371,.F.);
#6251=ORIENTED_EDGE('',*,*,#4370,.F.);
#6252=ORIENTED_EDGE('',*,*,#4372,.F.);
#6253=ORIENTED_EDGE('',*,*,#4373,.T.);
#6254=ORIENTED_EDGE('',*,*,#4366,.F.);
#6255=ORIENTED_EDGE('',*,*,#4373,.F.);
#6256=ORIENTED_EDGE('',*,*,#4372,.T.);
#6257=ORIENTED_EDGE('',*,*,#4369,.T.);
#6258=ORIENTED_EDGE('',*,*,#4374,.F.);
#6259=ORIENTED_EDGE('',*,*,#4375,.T.);
#6260=ORIENTED_EDGE('',*,*,#4367,.T.);
#6261=ORIENTED_EDGE('',*,*,#4375,.F.);
#6262=ORIENTED_EDGE('',*,*,#4357,.T.);
#6263=ORIENTED_EDGE('',*,*,#4376,.T.);
#6264=ORIENTED_EDGE('',*,*,#4377,.F.);
#6265=ORIENTED_EDGE('',*,*,#4378,.F.);
#6266=ORIENTED_EDGE('',*,*,#4358,.T.);
#6267=ORIENTED_EDGE('',*,*,#4378,.T.);
#6268=ORIENTED_EDGE('',*,*,#4379,.F.);
#6269=ORIENTED_EDGE('',*,*,#4380,.F.);
#6270=ORIENTED_EDGE('',*,*,#4359,.T.);
#6271=ORIENTED_EDGE('',*,*,#4380,.T.);
#6272=ORIENTED_EDGE('',*,*,#4381,.F.);
#6273=ORIENTED_EDGE('',*,*,#4382,.F.);
#6274=ORIENTED_EDGE('',*,*,#4360,.T.);
#6275=ORIENTED_EDGE('',*,*,#4382,.T.);
#6276=ORIENTED_EDGE('',*,*,#4383,.F.);
#6277=ORIENTED_EDGE('',*,*,#4346,.F.);
#6278=ORIENTED_EDGE('',*,*,#4356,.T.);
#6279=ORIENTED_EDGE('',*,*,#4336,.T.);
#6280=ORIENTED_EDGE('',*,*,#4384,.F.);
#6281=ORIENTED_EDGE('',*,*,#4376,.F.);
#6282=ORIENTED_EDGE('',*,*,#4384,.T.);
#6283=ORIENTED_EDGE('',*,*,#4335,.T.);
#6284=ORIENTED_EDGE('',*,*,#4347,.T.);
#6285=ORIENTED_EDGE('',*,*,#4383,.T.);
#6286=ORIENTED_EDGE('',*,*,#4381,.T.);
#6287=ORIENTED_EDGE('',*,*,#4379,.T.);
#6288=ORIENTED_EDGE('',*,*,#4377,.T.);
#6289=ORIENTED_EDGE('',*,*,#4374,.T.);
#6290=ORIENTED_EDGE('',*,*,#4385,.F.);
#6291=ORIENTED_EDGE('',*,*,#4386,.T.);
#6292=ORIENTED_EDGE('',*,*,#4368,.T.);
#6293=ORIENTED_EDGE('',*,*,#4386,.F.);
#6294=ORIENTED_EDGE('',*,*,#4362,.T.);
#6295=ORIENTED_EDGE('',*,*,#4387,.T.);
#6296=ORIENTED_EDGE('',*,*,#4388,.F.);
#6297=ORIENTED_EDGE('',*,*,#4389,.F.);
#6298=ORIENTED_EDGE('',*,*,#4363,.T.);
#6299=ORIENTED_EDGE('',*,*,#4389,.T.);
#6300=ORIENTED_EDGE('',*,*,#4390,.F.);
#6301=ORIENTED_EDGE('',*,*,#4391,.F.);
#6302=ORIENTED_EDGE('',*,*,#4364,.T.);
#6303=ORIENTED_EDGE('',*,*,#4391,.T.);
#6304=ORIENTED_EDGE('',*,*,#4392,.F.);
#6305=ORIENTED_EDGE('',*,*,#4393,.F.);
#6306=ORIENTED_EDGE('',*,*,#4365,.T.);
#6307=ORIENTED_EDGE('',*,*,#4393,.T.);
#6308=ORIENTED_EDGE('',*,*,#4394,.F.);
#6309=ORIENTED_EDGE('',*,*,#4342,.F.);
#6310=ORIENTED_EDGE('',*,*,#4361,.T.);
#6311=ORIENTED_EDGE('',*,*,#4344,.T.);
#6312=ORIENTED_EDGE('',*,*,#4395,.F.);
#6313=ORIENTED_EDGE('',*,*,#4387,.F.);
#6314=ORIENTED_EDGE('',*,*,#4395,.T.);
#6315=ORIENTED_EDGE('',*,*,#4343,.T.);
#6316=ORIENTED_EDGE('',*,*,#4394,.T.);
#6317=ORIENTED_EDGE('',*,*,#4392,.T.);
#6318=ORIENTED_EDGE('',*,*,#4390,.T.);
#6319=ORIENTED_EDGE('',*,*,#4388,.T.);
#6320=ORIENTED_EDGE('',*,*,#4385,.T.);
#6321=ORIENTED_EDGE('',*,*,#4371,.T.);
#6322=ORIENTED_EDGE('',*,*,#4396,.F.);
#6323=ORIENTED_EDGE('',*,*,#4397,.F.);
#6324=ORIENTED_EDGE('',*,*,#4398,.F.);
#6325=ORIENTED_EDGE('',*,*,#4399,.T.);
#6326=ORIENTED_EDGE('',*,*,#4400,.F.);
#6327=ORIENTED_EDGE('',*,*,#4399,.F.);
#6328=ORIENTED_EDGE('',*,*,#4401,.F.);
#6329=ORIENTED_EDGE('',*,*,#4402,.T.);
#6330=ORIENTED_EDGE('',*,*,#4403,.F.);
#6331=ORIENTED_EDGE('',*,*,#4404,.T.);
#6332=ORIENTED_EDGE('',*,*,#4405,.F.);
#6333=ORIENTED_EDGE('',*,*,#4406,.F.);
#6334=ORIENTED_EDGE('',*,*,#4407,.F.);
#6335=ORIENTED_EDGE('',*,*,#4408,.F.);
#6336=ORIENTED_EDGE('',*,*,#4409,.F.);
#6337=ORIENTED_EDGE('',*,*,#4410,.F.);
#6338=ORIENTED_EDGE('',*,*,#4411,.F.);
#6339=ORIENTED_EDGE('',*,*,#4412,.T.);
#6340=ORIENTED_EDGE('',*,*,#4413,.F.);
#6341=ORIENTED_EDGE('',*,*,#4404,.F.);
#6342=ORIENTED_EDGE('',*,*,#4414,.F.);
#6343=ORIENTED_EDGE('',*,*,#4402,.F.);
#6344=ORIENTED_EDGE('',*,*,#4415,.F.);
#6345=ORIENTED_EDGE('',*,*,#4416,.T.);
#6346=ORIENTED_EDGE('',*,*,#4417,.F.);
#6347=ORIENTED_EDGE('',*,*,#4416,.F.);
#6348=ORIENTED_EDGE('',*,*,#4418,.F.);
#6349=ORIENTED_EDGE('',*,*,#4397,.T.);
#6350=ORIENTED_EDGE('',*,*,#4419,.F.);
#6351=ORIENTED_EDGE('',*,*,#4420,.F.);
#6352=ORIENTED_EDGE('',*,*,#4421,.F.);
#6353=ORIENTED_EDGE('',*,*,#4412,.F.);
#6354=ORIENTED_EDGE('',*,*,#4422,.F.);
#6355=ORIENTED_EDGE('',*,*,#4409,.T.);
#6356=ORIENTED_EDGE('',*,*,#4423,.F.);
#6357=ORIENTED_EDGE('',*,*,#4424,.F.);
#6358=ORIENTED_EDGE('',*,*,#4425,.F.);
#6359=ORIENTED_EDGE('',*,*,#4426,.F.);
#6360=ORIENTED_EDGE('',*,*,#4424,.T.);
#6361=ORIENTED_EDGE('',*,*,#4427,.F.);
#6362=ORIENTED_EDGE('',*,*,#4407,.T.);
#6363=ORIENTED_EDGE('',*,*,#4428,.T.);
#6364=ORIENTED_EDGE('',*,*,#4429,.T.);
#6365=ORIENTED_EDGE('',*,*,#4430,.F.);
#6366=ORIENTED_EDGE('',*,*,#4427,.T.);
#6367=ORIENTED_EDGE('',*,*,#4423,.T.);
#6368=ORIENTED_EDGE('',*,*,#4408,.T.);
#6369=ORIENTED_EDGE('',*,*,#4430,.T.);
#6370=ORIENTED_EDGE('',*,*,#4431,.F.);
#6371=ORIENTED_EDGE('',*,*,#4432,.F.);
#6372=ORIENTED_EDGE('',*,*,#4405,.T.);
#6373=ORIENTED_EDGE('',*,*,#4413,.T.);
#6374=ORIENTED_EDGE('',*,*,#4421,.T.);
#6375=ORIENTED_EDGE('',*,*,#4433,.F.);
#6376=ORIENTED_EDGE('',*,*,#4434,.T.);
#6377=ORIENTED_EDGE('',*,*,#4435,.T.);
#6378=ORIENTED_EDGE('',*,*,#4436,.T.);
#6379=ORIENTED_EDGE('',*,*,#4437,.T.);
#6380=ORIENTED_EDGE('',*,*,#4438,.F.);
#6381=ORIENTED_EDGE('',*,*,#4439,.F.);
#6382=ORIENTED_EDGE('',*,*,#4440,.T.);
#6383=ORIENTED_EDGE('',*,*,#4441,.T.);
#6384=ORIENTED_EDGE('',*,*,#4442,.F.);
#6385=ORIENTED_EDGE('',*,*,#4443,.F.);
#6386=ORIENTED_EDGE('',*,*,#4444,.T.);
#6387=ORIENTED_EDGE('',*,*,#4445,.T.);
#6388=ORIENTED_EDGE('',*,*,#4446,.T.);
#6389=ORIENTED_EDGE('',*,*,#4447,.T.);
#6390=ORIENTED_EDGE('',*,*,#4420,.T.);
#6391=ORIENTED_EDGE('',*,*,#4448,.F.);
#6392=ORIENTED_EDGE('',*,*,#4449,.T.);
#6393=ORIENTED_EDGE('',*,*,#4433,.T.);
#6394=ORIENTED_EDGE('',*,*,#4406,.T.);
#6395=ORIENTED_EDGE('',*,*,#4432,.T.);
#6396=ORIENTED_EDGE('',*,*,#4450,.T.);
#6397=ORIENTED_EDGE('',*,*,#4451,.F.);
#6398=ORIENTED_EDGE('',*,*,#4452,.F.);
#6399=ORIENTED_EDGE('',*,*,#4453,.F.);
#6400=ORIENTED_EDGE('',*,*,#4454,.F.);
#6401=ORIENTED_EDGE('',*,*,#4450,.F.);
#6402=ORIENTED_EDGE('',*,*,#4431,.T.);
#6403=ORIENTED_EDGE('',*,*,#4429,.F.);
#6404=ORIENTED_EDGE('',*,*,#4455,.F.);
#6405=ORIENTED_EDGE('',*,*,#4456,.F.);
#6406=ORIENTED_EDGE('',*,*,#4457,.T.);
#6407=ORIENTED_EDGE('',*,*,#4458,.T.);
#6408=ORIENTED_EDGE('',*,*,#4459,.F.);
#6409=ORIENTED_EDGE('',*,*,#4441,.F.);
#6410=ORIENTED_EDGE('',*,*,#4460,.T.);
#6411=ORIENTED_EDGE('',*,*,#4461,.T.);
#6412=ORIENTED_EDGE('',*,*,#4462,.F.);
#6413=ORIENTED_EDGE('',*,*,#4458,.F.);
#6414=ORIENTED_EDGE('',*,*,#4463,.T.);
#6415=ORIENTED_EDGE('',*,*,#4464,.T.);
#6416=ORIENTED_EDGE('',*,*,#4465,.F.);
#6417=ORIENTED_EDGE('',*,*,#4466,.F.);
#6418=ORIENTED_EDGE('',*,*,#4467,.F.);
#6419=ORIENTED_EDGE('',*,*,#4468,.F.);
#6420=ORIENTED_EDGE('',*,*,#4469,.F.);
#6421=ORIENTED_EDGE('',*,*,#4436,.F.);
#6422=ORIENTED_EDGE('',*,*,#4444,.F.);
#6423=ORIENTED_EDGE('',*,*,#4470,.F.);
#6424=ORIENTED_EDGE('',*,*,#4471,.F.);
#6425=ORIENTED_EDGE('',*,*,#4472,.F.);
#6426=ORIENTED_EDGE('',*,*,#4471,.T.);
#6427=ORIENTED_EDGE('',*,*,#4473,.T.);
#6428=ORIENTED_EDGE('',*,*,#4474,.F.);
#6429=ORIENTED_EDGE('',*,*,#4475,.F.);
#6430=ORIENTED_EDGE('',*,*,#4470,.T.);
#6431=ORIENTED_EDGE('',*,*,#4443,.T.);
#6432=ORIENTED_EDGE('',*,*,#4476,.F.);
#6433=ORIENTED_EDGE('',*,*,#4461,.F.);
#6434=ORIENTED_EDGE('',*,*,#4477,.F.);
#6435=ORIENTED_EDGE('',*,*,#4473,.F.);
#6436=ORIENTED_EDGE('',*,*,#4478,.T.);
#6437=ORIENTED_EDGE('',*,*,#4434,.F.);
#6438=ORIENTED_EDGE('',*,*,#4449,.F.);
#6439=ORIENTED_EDGE('',*,*,#4479,.F.);
#6440=ORIENTED_EDGE('',*,*,#4480,.F.);
#6441=ORIENTED_EDGE('',*,*,#4481,.F.);
#6442=ORIENTED_EDGE('',*,*,#4482,.F.);
#6443=ORIENTED_EDGE('',*,*,#4483,.F.);
#6444=ORIENTED_EDGE('',*,*,#4484,.F.);
#6445=ORIENTED_EDGE('',*,*,#4446,.F.);
#6446=ORIENTED_EDGE('',*,*,#4485,.F.);
#6447=ORIENTED_EDGE('',*,*,#4486,.F.);
#6448=ORIENTED_EDGE('',*,*,#4425,.T.);
#6449=ORIENTED_EDGE('',*,*,#4447,.F.);
#6450=ORIENTED_EDGE('',*,*,#4484,.T.);
#6451=ORIENTED_EDGE('',*,*,#4487,.T.);
#6452=ORIENTED_EDGE('',*,*,#4426,.T.);
#6453=ORIENTED_EDGE('',*,*,#4487,.F.);
#6454=ORIENTED_EDGE('',*,*,#4483,.T.);
#6455=ORIENTED_EDGE('',*,*,#4488,.F.);
#6456=ORIENTED_EDGE('',*,*,#4455,.T.);
#6457=ORIENTED_EDGE('',*,*,#4428,.F.);
#6458=ORIENTED_EDGE('',*,*,#4410,.T.);
#6459=ORIENTED_EDGE('',*,*,#4422,.T.);
#6460=ORIENTED_EDGE('',*,*,#4462,.T.);
#6461=ORIENTED_EDGE('',*,*,#4476,.T.);
#6462=ORIENTED_EDGE('',*,*,#4442,.T.);
#6463=ORIENTED_EDGE('',*,*,#4459,.T.);
#6464=ORIENTED_EDGE('',*,*,#4403,.T.);
#6465=ORIENTED_EDGE('',*,*,#4451,.T.);
#6466=ORIENTED_EDGE('',*,*,#4454,.T.);
#6467=ORIENTED_EDGE('',*,*,#4489,.F.);
#6468=ORIENTED_EDGE('',*,*,#4479,.T.);
#6469=ORIENTED_EDGE('',*,*,#4448,.T.);
#6470=ORIENTED_EDGE('',*,*,#4419,.T.);
#6471=ORIENTED_EDGE('',*,*,#4411,.T.);
#6472=ORIENTED_EDGE('',*,*,#4490,.T.);
#6473=ORIENTED_EDGE('',*,*,#4439,.T.);
#6474=ORIENTED_EDGE('',*,*,#4491,.F.);
#6475=ORIENTED_EDGE('',*,*,#4464,.F.);
#6476=ORIENTED_EDGE('',*,*,#4491,.T.);
#6477=ORIENTED_EDGE('',*,*,#4438,.T.);
#6478=ORIENTED_EDGE('',*,*,#4492,.T.);
#6479=ORIENTED_EDGE('',*,*,#4465,.T.);
#6480=ORIENTED_EDGE('',*,*,#4460,.F.);
#6481=ORIENTED_EDGE('',*,*,#4457,.F.);
#6482=ORIENTED_EDGE('',*,*,#4440,.F.);
#6483=ORIENTED_EDGE('',*,*,#4490,.F.);
#6484=ORIENTED_EDGE('',*,*,#4463,.F.);
#6485=ORIENTED_EDGE('',*,*,#4493,.T.);
#6486=ORIENTED_EDGE('',*,*,#4494,.T.);
#6487=ORIENTED_EDGE('',*,*,#4495,.T.);
#6488=ORIENTED_EDGE('',*,*,#4496,.T.);
#6489=ORIENTED_EDGE('',*,*,#4497,.T.);
#6490=ORIENTED_EDGE('',*,*,#4474,.T.);
#6491=ORIENTED_EDGE('',*,*,#4477,.T.);
#6492=ORIENTED_EDGE('',*,*,#4453,.T.);
#6493=ORIENTED_EDGE('',*,*,#4498,.F.);
#6494=ORIENTED_EDGE('',*,*,#4480,.T.);
#6495=ORIENTED_EDGE('',*,*,#4489,.T.);
#6496=ORIENTED_EDGE('',*,*,#4452,.T.);
#6497=ORIENTED_EDGE('',*,*,#4499,.F.);
#6498=ORIENTED_EDGE('',*,*,#4481,.T.);
#6499=ORIENTED_EDGE('',*,*,#4498,.T.);
#6500=ORIENTED_EDGE('',*,*,#4396,.T.);
#6501=ORIENTED_EDGE('',*,*,#4400,.T.);
#6502=ORIENTED_EDGE('',*,*,#4414,.T.);
#6503=ORIENTED_EDGE('',*,*,#4417,.T.);
#6504=ORIENTED_EDGE('',*,*,#4456,.T.);
#6505=ORIENTED_EDGE('',*,*,#4488,.T.);
#6506=ORIENTED_EDGE('',*,*,#4482,.T.);
#6507=ORIENTED_EDGE('',*,*,#4499,.T.);
#6508=ORIENTED_EDGE('',*,*,#4485,.T.);
#6509=ORIENTED_EDGE('',*,*,#4445,.F.);
#6510=ORIENTED_EDGE('',*,*,#4472,.T.);
#6511=ORIENTED_EDGE('',*,*,#4475,.T.);
#6512=ORIENTED_EDGE('',*,*,#4497,.F.);
#6513=ORIENTED_EDGE('',*,*,#4500,.F.);
#6514=ORIENTED_EDGE('',*,*,#4486,.T.);
#6515=ORIENTED_EDGE('',*,*,#4500,.T.);
#6516=ORIENTED_EDGE('',*,*,#4496,.F.);
#6517=ORIENTED_EDGE('',*,*,#4501,.F.);
#6518=ORIENTED_EDGE('',*,*,#4398,.T.);
#6519=ORIENTED_EDGE('',*,*,#4418,.T.);
#6520=ORIENTED_EDGE('',*,*,#4415,.T.);
#6521=ORIENTED_EDGE('',*,*,#4401,.T.);
#6522=ORIENTED_EDGE('',*,*,#4478,.F.);
#6523=ORIENTED_EDGE('',*,*,#4501,.T.);
#6524=ORIENTED_EDGE('',*,*,#4495,.F.);
#6525=ORIENTED_EDGE('',*,*,#4502,.F.);
#6526=ORIENTED_EDGE('',*,*,#4467,.T.);
#6527=ORIENTED_EDGE('',*,*,#4435,.F.);
#6528=ORIENTED_EDGE('',*,*,#4468,.T.);
#6529=ORIENTED_EDGE('',*,*,#4502,.T.);
#6530=ORIENTED_EDGE('',*,*,#4494,.F.);
#6531=ORIENTED_EDGE('',*,*,#4503,.F.);
#6532=ORIENTED_EDGE('',*,*,#4469,.T.);
#6533=ORIENTED_EDGE('',*,*,#4503,.T.);
#6534=ORIENTED_EDGE('',*,*,#4493,.F.);
#6535=ORIENTED_EDGE('',*,*,#4466,.T.);
#6536=ORIENTED_EDGE('',*,*,#4492,.F.);
#6537=ORIENTED_EDGE('',*,*,#4437,.F.);
#6538=ORIENTED_EDGE('',*,*,#4504,.T.);
#6539=ORIENTED_EDGE('',*,*,#4505,.T.);
#6540=ORIENTED_EDGE('',*,*,#4506,.T.);
#6541=ORIENTED_EDGE('',*,*,#4507,.T.);
#6542=ORIENTED_EDGE('',*,*,#4504,.F.);
#6543=ORIENTED_EDGE('',*,*,#4508,.F.);
#6544=ORIENTED_EDGE('',*,*,#4509,.F.);
#6545=ORIENTED_EDGE('',*,*,#4510,.F.);
#6546=ORIENTED_EDGE('',*,*,#4511,.F.);
#6547=ORIENTED_EDGE('',*,*,#4512,.F.);
#6548=ORIENTED_EDGE('',*,*,#4507,.F.);
#6549=ORIENTED_EDGE('',*,*,#4513,.T.);
#6550=ORIENTED_EDGE('',*,*,#4514,.T.);
#6551=ORIENTED_EDGE('',*,*,#4515,.T.);
#6552=ORIENTED_EDGE('',*,*,#4516,.F.);
#6553=ORIENTED_EDGE('',*,*,#4515,.F.);
#6554=ORIENTED_EDGE('',*,*,#4517,.T.);
#6555=ORIENTED_EDGE('',*,*,#4518,.F.);
#6556=ORIENTED_EDGE('',*,*,#4510,.T.);
#6557=ORIENTED_EDGE('',*,*,#4519,.T.);
#6558=ORIENTED_EDGE('',*,*,#4508,.T.);
#6559=ORIENTED_EDGE('',*,*,#4520,.T.);
#6560=ORIENTED_EDGE('',*,*,#4521,.T.);
#6561=ORIENTED_EDGE('',*,*,#4511,.T.);
#6562=ORIENTED_EDGE('',*,*,#4518,.T.);
#6563=ORIENTED_EDGE('',*,*,#4506,.F.);
#6564=ORIENTED_EDGE('',*,*,#4522,.F.);
#6565=ORIENTED_EDGE('',*,*,#4520,.F.);
#6566=ORIENTED_EDGE('',*,*,#4517,.F.);
#6567=ORIENTED_EDGE('',*,*,#4523,.F.);
#6568=ORIENTED_EDGE('',*,*,#4513,.F.);
#6569=ORIENTED_EDGE('',*,*,#4516,.T.);
#6570=ORIENTED_EDGE('',*,*,#4505,.F.);
#6571=ORIENTED_EDGE('',*,*,#4512,.T.);
#6572=ORIENTED_EDGE('',*,*,#4521,.F.);
#6573=ORIENTED_EDGE('',*,*,#4522,.T.);
#6574=ORIENTED_EDGE('',*,*,#4509,.T.);
#6575=ORIENTED_EDGE('',*,*,#4519,.F.);
#6576=ORIENTED_EDGE('',*,*,#4523,.T.);
#6577=ORIENTED_EDGE('',*,*,#4514,.F.);
#6578=ORIENTED_EDGE('',*,*,#4524,.F.);
#6579=ORIENTED_EDGE('',*,*,#4525,.T.);
#6580=ORIENTED_EDGE('',*,*,#4526,.F.);
#6581=ORIENTED_EDGE('',*,*,#4525,.F.);
#6582=ORIENTED_EDGE('',*,*,#4527,.F.);
#6583=ORIENTED_EDGE('',*,*,#4528,.T.);
#6584=ORIENTED_EDGE('',*,*,#4529,.F.);
#6585=ORIENTED_EDGE('',*,*,#4528,.F.);
#6586=ORIENTED_EDGE('',*,*,#4529,.T.);
#6587=ORIENTED_EDGE('',*,*,#4526,.T.);
#6588=ORIENTED_EDGE('',*,*,#4527,.T.);
#6589=ORIENTED_EDGE('',*,*,#4524,.T.);
#6590=ORIENTED_EDGE('',*,*,#4530,.T.);
#6591=ORIENTED_EDGE('',*,*,#4531,.F.);
#6592=ORIENTED_EDGE('',*,*,#4532,.T.);
#6593=ORIENTED_EDGE('',*,*,#4530,.F.);
#6594=ORIENTED_EDGE('',*,*,#4532,.F.);
#6595=ORIENTED_EDGE('',*,*,#4531,.T.);
#6596=ORIENTED_EDGE('',*,*,#4533,.T.);
#6597=ORIENTED_EDGE('',*,*,#4534,.F.);
#6598=ORIENTED_EDGE('',*,*,#4535,.T.);
#6599=ORIENTED_EDGE('',*,*,#4533,.F.);
#6600=ORIENTED_EDGE('',*,*,#4535,.F.);
#6601=ORIENTED_EDGE('',*,*,#4534,.T.);
#6602=ORIENTED_EDGE('',*,*,#4536,.T.);
#6603=ORIENTED_EDGE('',*,*,#4537,.F.);
#6604=ORIENTED_EDGE('',*,*,#4538,.T.);
#6605=ORIENTED_EDGE('',*,*,#4536,.F.);
#6606=ORIENTED_EDGE('',*,*,#4538,.F.);
#6607=ORIENTED_EDGE('',*,*,#4537,.T.);
#6608=ORIENTED_EDGE('',*,*,#4539,.T.);
#6609=ORIENTED_EDGE('',*,*,#4540,.F.);
#6610=ORIENTED_EDGE('',*,*,#4541,.T.);
#6611=ORIENTED_EDGE('',*,*,#4539,.F.);
#6612=ORIENTED_EDGE('',*,*,#4541,.F.);
#6613=ORIENTED_EDGE('',*,*,#4540,.T.);
#6614=ORIENTED_EDGE('',*,*,#4542,.T.);
#6615=ORIENTED_EDGE('',*,*,#4543,.F.);
#6616=ORIENTED_EDGE('',*,*,#4544,.T.);
#6617=ORIENTED_EDGE('',*,*,#4542,.F.);
#6618=ORIENTED_EDGE('',*,*,#4544,.F.);
#6619=ORIENTED_EDGE('',*,*,#4543,.T.);
#6620=ORIENTED_EDGE('',*,*,#4545,.F.);
#6621=ORIENTED_EDGE('',*,*,#4546,.T.);
#6622=ORIENTED_EDGE('',*,*,#4547,.T.);
#6623=ORIENTED_EDGE('',*,*,#4546,.F.);
#6624=ORIENTED_EDGE('',*,*,#4545,.T.);
#6625=ORIENTED_EDGE('',*,*,#4547,.F.);
#6626=PLANE('',#7339);
#6627=PLANE('',#7340);
#6628=PLANE('',#7341);
#6629=PLANE('',#7342);
#6630=PLANE('',#7343);
#6631=PLANE('',#7344);
#6632=PLANE('',#7345);
#6633=PLANE('',#7346);
#6634=PLANE('',#7347);
#6635=PLANE('',#7348);
#6636=PLANE('',#7349);
#6637=PLANE('',#7350);
#6638=PLANE('',#7351);
#6639=PLANE('',#7352);
#6640=PLANE('',#7353);
#6641=PLANE('',#7354);
#6642=PLANE('',#7355);
#6643=PLANE('',#7356);
#6644=PLANE('',#7357);
#6645=PLANE('',#7358);
#6646=PLANE('',#7359);
#6647=PLANE('',#7360);
#6648=PLANE('',#7361);
#6649=PLANE('',#7362);
#6650=PLANE('',#7363);
#6651=PLANE('',#7364);
#6652=PLANE('',#7365);
#6653=PLANE('',#7366);
#6654=PLANE('',#7367);
#6655=PLANE('',#7368);
#6656=PLANE('',#7369);
#6657=PLANE('',#7370);
#6658=PLANE('',#7371);
#6659=PLANE('',#7372);
#6660=PLANE('',#7373);
#6661=PLANE('',#7374);
#6662=PLANE('',#7375);
#6663=PLANE('',#7376);
#6664=PLANE('',#7377);
#6665=PLANE('',#7378);
#6666=PLANE('',#7379);
#6667=PLANE('',#7380);
#6668=PLANE('',#7381);
#6669=PLANE('',#7382);
#6670=PLANE('',#7383);
#6671=PLANE('',#7384);
#6672=PLANE('',#7385);
#6673=PLANE('',#7386);
#6674=PLANE('',#7387);
#6675=PLANE('',#7388);
#6676=PLANE('',#7389);
#6677=PLANE('',#7390);
#6678=PLANE('',#7391);
#6679=PLANE('',#7392);
#6680=PLANE('',#7393);
#6681=PLANE('',#7394);
#6682=PLANE('',#7395);
#6683=PLANE('',#7396);
#6684=PLANE('',#7397);
#6685=PLANE('',#7398);
#6686=PLANE('',#7399);
#6687=PLANE('',#7400);
#6688=PLANE('',#7401);
#6689=PLANE('',#7402);
#6690=PLANE('',#7403);
#6691=PLANE('',#7404);
#6692=PLANE('',#7405);
#6693=PLANE('',#7406);
#6694=PLANE('',#7407);
#6695=PLANE('',#7408);
#6696=PLANE('',#7409);
#6697=PLANE('',#7410);
#6698=PLANE('',#7411);
#6699=PLANE('',#7412);
#6700=PLANE('',#7413);
#6701=PLANE('',#7414);
#6702=PLANE('',#7415);
#6703=PLANE('',#7416);
#6704=PLANE('',#7417);
#6705=PLANE('',#7418);
#6706=PLANE('',#7419);
#6707=PLANE('',#7420);
#6708=PLANE('',#7421);
#6709=PLANE('',#7422);
#6710=PLANE('',#7423);
#6711=PLANE('',#7424);
#6712=PLANE('',#7425);
#6713=PLANE('',#7426);
#6714=PLANE('',#7427);
#6715=PLANE('',#7428);
#6716=PLANE('',#7429);
#6717=PLANE('',#7430);
#6718=PLANE('',#7431);
#6719=PLANE('',#7432);
#6720=PLANE('',#7433);
#6721=PLANE('',#7434);
#6722=PLANE('',#7435);
#6723=PLANE('',#7436);
#6724=PLANE('',#7437);
#6725=PLANE('',#7438);
#6726=PLANE('',#7439);
#6727=PLANE('',#7440);
#6728=PLANE('',#7441);
#6729=PLANE('',#7442);
#6730=PLANE('',#7443);
#6731=PLANE('',#7444);
#6732=PLANE('',#7445);
#6733=PLANE('',#7446);
#6734=PLANE('',#7447);
#6735=PLANE('',#7448);
#6736=PLANE('',#7449);
#6737=PLANE('',#7450);
#6738=PLANE('',#7451);
#6739=PLANE('',#7452);
#6740=PLANE('',#7453);
#6741=PLANE('',#7454);
#6742=PLANE('',#7455);
#6743=PLANE('',#7456);
#6744=PLANE('',#7457);
#6745=PLANE('',#7458);
#6746=PLANE('',#7459);
#6747=PLANE('',#7460);
#6748=PLANE('',#7461);
#6749=PLANE('',#7462);
#6750=PLANE('',#7463);
#6751=PLANE('',#7464);
#6752=PLANE('',#7465);
#6753=PLANE('',#7466);
#6754=PLANE('',#7467);
#6755=PLANE('',#7468);
#6756=PLANE('',#7469);
#6757=PLANE('',#7470);
#6758=PLANE('',#7471);
#6759=PLANE('',#7472);
#6760=PLANE('',#7473);
#6761=PLANE('',#7474);
#6762=PLANE('',#7475);
#6763=PLANE('',#7476);
#6764=PLANE('',#7477);
#6765=PLANE('',#7478);
#6766=PLANE('',#7479);
#6767=PLANE('',#7481);
#6768=PLANE('',#7482);
#6769=PLANE('',#7483);
#6770=PLANE('',#7484);
#6771=PLANE('',#7485);
#6772=PLANE('',#7486);
#6773=PLANE('',#7487);
#6774=PLANE('',#7488);
#6775=PLANE('',#7489);
#6776=PLANE('',#7490);
#6777=PLANE('',#7491);
#6778=PLANE('',#7492);
#6779=PLANE('',#7493);
#6780=PLANE('',#7494);
#6781=PLANE('',#7495);
#6782=PLANE('',#7496);
#6783=PLANE('',#7497);
#6784=PLANE('',#7498);
#6785=PLANE('',#7499);
#6786=PLANE('',#7502);
#6787=PLANE('',#7503);
#6788=PLANE('',#7504);
#6789=PLANE('',#7505);
#6790=PLANE('',#7506);
#6791=PLANE('',#7507);
#6792=PLANE('',#7508);
#6793=PLANE('',#7509);
#6794=PLANE('',#7511);
#6795=PLANE('',#7512);
#6796=PLANE('',#7513);
#6797=PLANE('',#7514);
#6798=PLANE('',#7515);
#6799=PLANE('',#7516);
#6800=PLANE('',#7517);
#6801=PLANE('',#7518);
#6802=PLANE('',#7519);
#6803=PLANE('',#7520);
#6804=PLANE('',#7521);
#6805=PLANE('',#7522);
#6806=PLANE('',#7523);
#6807=PLANE('',#7535);
#6808=PLANE('',#7536);
#6809=PLANE('',#7537);
#6810=PLANE('',#7538);
#6811=PLANE('',#7539);
#6812=PLANE('',#7540);
#6813=PLANE('',#7553);
#6814=PLANE('',#7558);
#6815=PLANE('',#7561);
#6816=PLANE('',#7562);
#6817=PLANE('',#7563);
#6818=PLANE('',#7568);
#6819=PLANE('',#7571);
#6820=PLANE('',#7572);
#6821=PLANE('',#7573);
#6822=PLANE('',#7574);
#6823=PLANE('',#7578);
#6824=PLANE('',#7579);
#6825=PLANE('',#7582);
#6826=PLANE('',#7589);
#6827=PLANE('',#7590);
#6828=PLANE('',#7594);
#6829=PLANE('',#7597);
#6830=PLANE('',#7607);
#6831=PLANE('',#7608);
#6832=PLANE('',#7609);
#6833=PLANE('',#7612);
#6834=PLANE('',#7619);
#6835=PLANE('',#7620);
#6836=PLANE('',#7621);
#6837=PLANE('',#7622);
#6838=PLANE('',#7623);
#6839=PLANE('',#7626);
#6840=PLANE('',#7628);
#6841=PLANE('',#7630);
#6842=PLANE('',#7631);
#6843=PLANE('',#7632);
#6844=PLANE('',#7633);
#6845=PLANE('',#7634);
#6846=PLANE('',#7635);
#6847=PLANE('',#7636);
#6848=PLANE('',#7637);
#6849=PLANE('',#7638);
#6850=PLANE('',#7639);
#6851=PLANE('',#7640);
#6852=PLANE('',#7644);
#6853=PLANE('',#7652);
#6854=PLANE('',#7653);
#6855=PLANE('',#7654);
#6856=PLANE('',#7655);
#6857=PLANE('',#7656);
#6858=PLANE('',#7663);
#6859=PLANE('',#7664);
#6860=PLANE('',#7665);
#6861=PLANE('',#7669);
#6862=PLANE('',#7670);
#6863=PLANE('',#7674);
#6864=PLANE('',#7675);
#6865=PLANE('',#7679);
#6866=PLANE('',#7680);
#6867=PLANE('',#7684);
#6868=PLANE('',#7685);
#6869=PLANE('',#7689);
#6870=PLANE('',#7693);
#6871=PLANE('',#7694);
#6872=STYLED_ITEM('',(#13372),#6904);
#6873=STYLED_ITEM('',(#13372),#6925);
#6874=STYLED_ITEM('',(#13372),#6926);
#6875=STYLED_ITEM('',(#13372),#6959);
#6876=STYLED_ITEM('',(#13372),#6960);
#6877=STYLED_ITEM('',(#13372),#6990);
#6878=STYLED_ITEM('',(#13372),#6991);
#6879=STYLED_ITEM('',(#13372),#7010);
#6880=STYLED_ITEM('',(#13372),#7011);
#6881=STYLED_ITEM('',(#13372),#7036);
#6882=STYLED_ITEM('',(#13372),#7037);
#6883=STYLED_ITEM('',(#13372),#7075);
#6884=STYLED_ITEM('',(#13372),#7076);
#6885=STYLED_ITEM('',(#13372),#7107);
#6886=STYLED_ITEM('',(#13373),#7108);
#6887=STYLED_ITEM('',(#13373),#7109);
#6888=STYLED_ITEM('',(#13373),#7110);
#6889=STYLED_ITEM('',(#13373),#7111);
#6890=STYLED_ITEM('',(#13373),#7112);
#6891=STYLED_ITEM('',(#13373),#7113);
#6892=STYLED_ITEM('',(#13371),#22);
#6893=STYLED_ITEM('',(#13370),#23);
#6894=STYLED_ITEM('',(#13374),#24);
#6895=STYLED_ITEM('',(#13376),#7288);
#6896=STYLED_ITEM('',(#13375),#25);
#6897=STYLED_ITEM('',(#13377),#26);
#6898=STYLED_ITEM('',(#13378),#27);
#6899=STYLED_ITEM('',(#13379),#28);
#6900=STYLED_ITEM('',(#13380),#29);
#6901=STYLED_ITEM('',(#13381),#30);
#6902=STYLED_ITEM('',(#13382),#31);
#6903=STYLED_ITEM('',(#13384),#140);
#6904=ADVANCED_FACE('',(#311),#6626,.T.);
#6905=ADVANCED_FACE('',(#312),#6627,.T.);
#6906=ADVANCED_FACE('',(#313),#6628,.T.);
#6907=ADVANCED_FACE('',(#314),#185,.T.);
#6908=ADVANCED_FACE('',(#315),#186,.T.);
#6909=ADVANCED_FACE('',(#316),#6629,.T.);
#6910=ADVANCED_FACE('',(#317),#6630,.T.);
#6911=ADVANCED_FACE('',(#318),#187,.T.);
#6912=ADVANCED_FACE('',(#319),#188,.T.);
#6913=ADVANCED_FACE('',(#320),#189,.T.);
#6914=ADVANCED_FACE('',(#321),#190,.T.);
#6915=ADVANCED_FACE('',(#322),#191,.T.);
#6916=ADVANCED_FACE('',(#323),#192,.T.);
#6917=ADVANCED_FACE('',(#324),#6631,.T.);
#6918=ADVANCED_FACE('',(#325),#6632,.T.);
#6919=ADVANCED_FACE('',(#326),#193,.T.);
#6920=ADVANCED_FACE('',(#327),#194,.T.);
#6921=ADVANCED_FACE('',(#328),#6633,.T.);
#6922=ADVANCED_FACE('',(#329),#6634,.T.);
#6923=ADVANCED_FACE('',(#330),#195,.T.);
#6924=ADVANCED_FACE('',(#331),#196,.T.);
#6925=ADVANCED_FACE('',(#332),#6635,.T.);
#6926=ADVANCED_FACE('',(#333),#6636,.T.);
#6927=ADVANCED_FACE('',(#334),#6637,.T.);
#6928=ADVANCED_FACE('',(#335),#6638,.T.);
#6929=ADVANCED_FACE('',(#336),#6639,.T.);
#6930=ADVANCED_FACE('',(#337),#6640,.T.);
#6931=ADVANCED_FACE('',(#338),#6641,.T.);
#6932=ADVANCED_FACE('',(#339),#6642,.T.);
#6933=ADVANCED_FACE('',(#340),#6643,.T.);
#6934=ADVANCED_FACE('',(#341),#6644,.T.);
#6935=ADVANCED_FACE('',(#342),#6645,.T.);
#6936=ADVANCED_FACE('',(#343),#6646,.T.);
#6937=ADVANCED_FACE('',(#344),#6647,.T.);
#6938=ADVANCED_FACE('',(#345),#6648,.T.);
#6939=ADVANCED_FACE('',(#346),#6649,.T.);
#6940=ADVANCED_FACE('',(#347),#197,.T.);
#6941=ADVANCED_FACE('',(#348),#198,.T.);
#6942=ADVANCED_FACE('',(#349),#199,.T.);
#6943=ADVANCED_FACE('',(#350),#200,.T.);
#6944=ADVANCED_FACE('',(#351),#201,.T.);
#6945=ADVANCED_FACE('',(#352),#202,.T.);
#6946=ADVANCED_FACE('',(#353),#203,.T.);
#6947=ADVANCED_FACE('',(#354),#204,.T.);
#6948=ADVANCED_FACE('',(#355),#6650,.T.);
#6949=ADVANCED_FACE('',(#356),#6651,.T.);
#6950=ADVANCED_FACE('',(#357),#205,.T.);
#6951=ADVANCED_FACE('',(#358),#206,.T.);
#6952=ADVANCED_FACE('',(#359),#207,.T.);
#6953=ADVANCED_FACE('',(#360),#208,.T.);
#6954=ADVANCED_FACE('',(#361),#209,.T.);
#6955=ADVANCED_FACE('',(#362),#210,.T.);
#6956=ADVANCED_FACE('',(#363),#211,.T.);
#6957=ADVANCED_FACE('',(#364),#212,.T.);
#6958=ADVANCED_FACE('',(#365),#6652,.T.);
#6959=ADVANCED_FACE('',(#366),#6653,.T.);
#6960=ADVANCED_FACE('',(#367,#141),#6654,.T.);
#6961=ADVANCED_FACE('',(#368),#6655,.F.);
#6962=ADVANCED_FACE('',(#369),#6656,.F.);
#6963=ADVANCED_FACE('',(#370),#6657,.T.);
#6964=ADVANCED_FACE('',(#371),#6658,.T.);
#6965=ADVANCED_FACE('',(#372),#6659,.T.);
#6966=ADVANCED_FACE('',(#373),#6660,.T.);
#6967=ADVANCED_FACE('',(#374),#6661,.F.);
#6968=ADVANCED_FACE('',(#375),#6662,.T.);
#6969=ADVANCED_FACE('',(#376),#6663,.T.);
#6970=ADVANCED_FACE('',(#377),#6664,.T.);
#6971=ADVANCED_FACE('',(#378),#6665,.T.);
#6972=ADVANCED_FACE('',(#379),#6666,.T.);
#6973=ADVANCED_FACE('',(#380),#6667,.T.);
#6974=ADVANCED_FACE('',(#381),#6668,.T.);
#6975=ADVANCED_FACE('',(#382),#6669,.T.);
#6976=ADVANCED_FACE('',(#383),#6670,.T.);
#6977=ADVANCED_FACE('',(#384),#213,.F.);
#6978=ADVANCED_FACE('',(#385),#214,.F.);
#6979=ADVANCED_FACE('',(#386),#6671,.F.);
#6980=ADVANCED_FACE('',(#387),#6672,.T.);
#6981=ADVANCED_FACE('',(#388),#6673,.T.);
#6982=ADVANCED_FACE('',(#389),#6674,.T.);
#6983=ADVANCED_FACE('',(#390),#215,.T.);
#6984=ADVANCED_FACE('',(#391),#216,.T.);
#6985=ADVANCED_FACE('',(#392),#217,.T.);
#6986=ADVANCED_FACE('',(#393),#218,.F.);
#6987=ADVANCED_FACE('',(#394),#219,.F.);
#6988=ADVANCED_FACE('',(#395),#6675,.F.);
#6989=ADVANCED_FACE('',(#396),#6676,.F.);
#6990=ADVANCED_FACE('',(#397,#142),#6677,.T.);
#6991=ADVANCED_FACE('',(#398),#6678,.T.);
#6992=ADVANCED_FACE('',(#399),#6679,.T.);
#6993=ADVANCED_FACE('',(#400),#6680,.T.);
#6994=ADVANCED_FACE('',(#401),#6681,.T.);
#6995=ADVANCED_FACE('',(#402),#6682,.T.);
#6996=ADVANCED_FACE('',(#403),#6683,.T.);
#6997=ADVANCED_FACE('',(#404),#6684,.T.);
#6998=ADVANCED_FACE('',(#405),#6685,.T.);
#6999=ADVANCED_FACE('',(#406),#6686,.T.);
#7000=ADVANCED_FACE('',(#407),#6687,.T.);
#7001=ADVANCED_FACE('',(#408),#6688,.T.);
#7002=ADVANCED_FACE('',(#409),#6689,.T.);
#7003=ADVANCED_FACE('',(#410),#6690,.T.);
#7004=ADVANCED_FACE('',(#411),#6691,.T.);
#7005=ADVANCED_FACE('',(#412),#6692,.T.);
#7006=ADVANCED_FACE('',(#413),#6693,.T.);
#7007=ADVANCED_FACE('',(#414),#6694,.T.);
#7008=ADVANCED_FACE('',(#415),#6695,.T.);
#7009=ADVANCED_FACE('',(#416),#6696,.T.);
#7010=ADVANCED_FACE('',(#417),#6697,.T.);
#7011=ADVANCED_FACE('',(#418),#6698,.T.);
#7012=ADVANCED_FACE('',(#419),#6699,.T.);
#7013=ADVANCED_FACE('',(#420),#6700,.T.);
#7014=ADVANCED_FACE('',(#421),#6701,.T.);
#7015=ADVANCED_FACE('',(#422),#220,.T.);
#7016=ADVANCED_FACE('',(#423),#221,.T.);
#7017=ADVANCED_FACE('',(#424),#222,.T.);
#7018=ADVANCED_FACE('',(#425),#223,.T.);
#7019=ADVANCED_FACE('',(#426),#6702,.T.);
#7020=ADVANCED_FACE('',(#427),#6703,.T.);
#7021=ADVANCED_FACE('',(#428),#6704,.T.);
#7022=ADVANCED_FACE('',(#429),#224,.T.);
#7023=ADVANCED_FACE('',(#430),#225,.T.);
#7024=ADVANCED_FACE('',(#431),#226,.T.);
#7025=ADVANCED_FACE('',(#432),#227,.T.);
#7026=ADVANCED_FACE('',(#433),#6705,.T.);
#7027=ADVANCED_FACE('',(#434),#6706,.T.);
#7028=ADVANCED_FACE('',(#435),#6707,.T.);
#7029=ADVANCED_FACE('',(#436),#6708,.T.);
#7030=ADVANCED_FACE('',(#437),#6709,.T.);
#7031=ADVANCED_FACE('',(#438),#6710,.T.);
#7032=ADVANCED_FACE('',(#439),#6711,.T.);
#7033=ADVANCED_FACE('',(#440),#6712,.T.);
#7034=ADVANCED_FACE('',(#441),#6713,.T.);
#7035=ADVANCED_FACE('',(#442),#6714,.T.);
#7036=ADVANCED_FACE('',(#443),#6715,.T.);
#7037=ADVANCED_FACE('',(#444,#143,#144),#6716,.T.);
#7038=ADVANCED_FACE('',(#445),#6717,.F.);
#7039=ADVANCED_FACE('',(#446),#6718,.F.);
#7040=ADVANCED_FACE('',(#447),#228,.F.);
#7041=ADVANCED_FACE('',(#448),#229,.F.);
#7042=ADVANCED_FACE('',(#449),#6719,.F.);
#7043=ADVANCED_FACE('',(#450),#6720,.F.);
#7044=ADVANCED_FACE('',(#451),#230,.F.);
#7045=ADVANCED_FACE('',(#452),#231,.F.);
#7046=ADVANCED_FACE('',(#453),#232,.T.);
#7047=ADVANCED_FACE('',(#454),#6721,.T.);
#7048=ADVANCED_FACE('',(#455),#233,.T.);
#7049=ADVANCED_FACE('',(#456),#234,.T.);
#7050=ADVANCED_FACE('',(#457),#235,.T.);
#7051=ADVANCED_FACE('',(#458),#6722,.F.);
#7052=ADVANCED_FACE('',(#459),#236,.F.);
#7053=ADVANCED_FACE('',(#460),#237,.F.);
#7054=ADVANCED_FACE('',(#461),#6723,.F.);
#7055=ADVANCED_FACE('',(#462),#238,.F.);
#7056=ADVANCED_FACE('',(#463),#239,.F.);
#7057=ADVANCED_FACE('',(#464),#6724,.T.);
#7058=ADVANCED_FACE('',(#465),#6725,.T.);
#7059=ADVANCED_FACE('',(#466),#6726,.T.);
#7060=ADVANCED_FACE('',(#467),#240,.T.);
#7061=ADVANCED_FACE('',(#468),#241,.T.);
#7062=ADVANCED_FACE('',(#469),#6727,.T.);
#7063=ADVANCED_FACE('',(#470),#6728,.T.);
#7064=ADVANCED_FACE('',(#471),#6729,.T.);
#7065=ADVANCED_FACE('',(#472),#6730,.T.);
#7066=ADVANCED_FACE('',(#473),#6731,.T.);
#7067=ADVANCED_FACE('',(#474),#6732,.T.);
#7068=ADVANCED_FACE('',(#475),#6733,.T.);
#7069=ADVANCED_FACE('',(#476),#6734,.T.);
#7070=ADVANCED_FACE('',(#477),#6735,.T.);
#7071=ADVANCED_FACE('',(#478),#6736,.T.);
#7072=ADVANCED_FACE('',(#479),#6737,.T.);
#7073=ADVANCED_FACE('',(#480),#6738,.T.);
#7074=ADVANCED_FACE('',(#481),#6739,.T.);
#7075=ADVANCED_FACE('',(#482),#6740,.T.);
#7076=ADVANCED_FACE('',(#483,#145),#6741,.T.);
#7077=ADVANCED_FACE('',(#484),#6742,.F.);
#7078=ADVANCED_FACE('',(#485),#6743,.F.);
#7079=ADVANCED_FACE('',(#486),#242,.F.);
#7080=ADVANCED_FACE('',(#487),#243,.F.);
#7081=ADVANCED_FACE('',(#488),#244,.T.);
#7082=ADVANCED_FACE('',(#489),#245,.T.);
#7083=ADVANCED_FACE('',(#490),#246,.T.);
#7084=ADVANCED_FACE('',(#491),#6744,.T.);
#7085=ADVANCED_FACE('',(#492),#6745,.T.);
#7086=ADVANCED_FACE('',(#493),#6746,.T.);
#7087=ADVANCED_FACE('',(#494),#6747,.F.);
#7088=ADVANCED_FACE('',(#495),#247,.F.);
#7089=ADVANCED_FACE('',(#496),#248,.F.);
#7090=ADVANCED_FACE('',(#497),#6748,.T.);
#7091=ADVANCED_FACE('',(#498),#6749,.T.);
#7092=ADVANCED_FACE('',(#499),#6750,.T.);
#7093=ADVANCED_FACE('',(#500),#6751,.T.);
#7094=ADVANCED_FACE('',(#501),#6752,.T.);
#7095=ADVANCED_FACE('',(#502),#6753,.T.);
#7096=ADVANCED_FACE('',(#503),#6754,.T.);
#7097=ADVANCED_FACE('',(#504),#6755,.T.);
#7098=ADVANCED_FACE('',(#505),#6756,.T.);
#7099=ADVANCED_FACE('',(#506),#6757,.T.);
#7100=ADVANCED_FACE('',(#507),#6758,.T.);
#7101=ADVANCED_FACE('',(#508),#6759,.T.);
#7102=ADVANCED_FACE('',(#509),#6760,.T.);
#7103=ADVANCED_FACE('',(#510),#6761,.T.);
#7104=ADVANCED_FACE('',(#511),#6762,.T.);
#7105=ADVANCED_FACE('',(#512),#6763,.T.);
#7106=ADVANCED_FACE('',(#513),#6764,.T.);
#7107=ADVANCED_FACE('',(#514),#6765,.T.);
#7108=ADVANCED_FACE('',(#515,#146,#147,#148,#149,#150,#151,#152,#153,#154,
#155,#156,#157,#158,#159,#160,#161,#162,#163,#164,#165,#166,#167,#168,#169,
#170,#171,#172,#173),#6766,.T.);
#7109=ADVANCED_FACE('',(#516),#6767,.T.);
#7110=ADVANCED_FACE('',(#517),#6768,.T.);
#7111=ADVANCED_FACE('',(#518),#6769,.T.);
#7112=ADVANCED_FACE('',(#519),#6770,.T.);
#7113=ADVANCED_FACE('',(#520),#6771,.T.);
#7114=ADVANCED_FACE('',(#521),#6772,.F.);
#7115=ADVANCED_FACE('',(#522),#6773,.F.);
#7116=ADVANCED_FACE('',(#523),#249,.F.);
#7117=ADVANCED_FACE('',(#524),#250,.F.);
#7118=ADVANCED_FACE('',(#525),#251,.F.);
#7119=ADVANCED_FACE('',(#526),#252,.F.);
#7120=ADVANCED_FACE('',(#527),#253,.F.);
#7121=ADVANCED_FACE('',(#528),#254,.F.);
#7122=ADVANCED_FACE('',(#529),#255,.F.);
#7123=ADVANCED_FACE('',(#530),#256,.F.);
#7124=ADVANCED_FACE('',(#531),#6774,.F.);
#7125=ADVANCED_FACE('',(#532),#6775,.F.);
#7126=ADVANCED_FACE('',(#533),#6776,.F.);
#7127=ADVANCED_FACE('',(#534),#6777,.F.);
#7128=ADVANCED_FACE('',(#535),#257,.F.);
#7129=ADVANCED_FACE('',(#536),#258,.F.);
#7130=ADVANCED_FACE('',(#537),#6778,.F.);
#7131=ADVANCED_FACE('',(#538),#6779,.F.);
#7132=ADVANCED_FACE('',(#539),#259,.F.);
#7133=ADVANCED_FACE('',(#540),#260,.F.);
#7134=ADVANCED_FACE('',(#541),#261,.F.);
#7135=ADVANCED_FACE('',(#542),#262,.F.);
#7136=ADVANCED_FACE('',(#543),#263,.F.);
#7137=ADVANCED_FACE('',(#544),#264,.F.);
#7138=ADVANCED_FACE('',(#545),#265,.F.);
#7139=ADVANCED_FACE('',(#546),#266,.F.);
#7140=ADVANCED_FACE('',(#547),#6780,.F.);
#7141=ADVANCED_FACE('',(#548),#6781,.F.);
#7142=ADVANCED_FACE('',(#549),#267,.F.);
#7143=ADVANCED_FACE('',(#550),#268,.F.);
#7144=ADVANCED_FACE('',(#551),#269,.F.);
#7145=ADVANCED_FACE('',(#552),#270,.F.);
#7146=ADVANCED_FACE('',(#553),#271,.F.);
#7147=ADVANCED_FACE('',(#554),#272,.F.);
#7148=ADVANCED_FACE('',(#555),#273,.F.);
#7149=ADVANCED_FACE('',(#556),#274,.F.);
#7150=ADVANCED_FACE('',(#557),#6782,.F.);
#7151=ADVANCED_FACE('',(#558),#6783,.F.);
#7152=ADVANCED_FACE('',(#559),#275,.F.);
#7153=ADVANCED_FACE('',(#560),#276,.F.);
#7154=ADVANCED_FACE('',(#561),#277,.F.);
#7155=ADVANCED_FACE('',(#562),#278,.F.);
#7156=ADVANCED_FACE('',(#563),#279,.F.);
#7157=ADVANCED_FACE('',(#564),#6784,.F.);
#7158=ADVANCED_FACE('',(#565),#6785,.F.);
#7159=ADVANCED_FACE('',(#566),#280,.F.);
#7160=ADVANCED_FACE('',(#567),#281,.F.);
#7161=ADVANCED_FACE('',(#568),#33,.T.);
#7162=ADVANCED_FACE('',(#569),#6786,.F.);
#7163=ADVANCED_FACE('',(#570),#282,.F.);
#7164=ADVANCED_FACE('',(#571),#283,.F.);
#7165=ADVANCED_FACE('',(#572),#284,.F.);
#7166=ADVANCED_FACE('',(#573),#285,.F.);
#7167=ADVANCED_FACE('',(#574),#286,.F.);
#7168=ADVANCED_FACE('',(#575),#287,.F.);
#7169=ADVANCED_FACE('',(#576),#6787,.F.);
#7170=ADVANCED_FACE('',(#577),#6788,.F.);
#7171=ADVANCED_FACE('',(#578),#288,.F.);
#7172=ADVANCED_FACE('',(#579),#289,.F.);
#7173=ADVANCED_FACE('',(#580),#6789,.F.);
#7174=ADVANCED_FACE('',(#581),#290,.F.);
#7175=ADVANCED_FACE('',(#582),#291,.F.);
#7176=ADVANCED_FACE('',(#583),#292,.F.);
#7177=ADVANCED_FACE('',(#584),#293,.F.);
#7178=ADVANCED_FACE('',(#585),#294,.F.);
#7179=ADVANCED_FACE('',(#586),#295,.F.);
#7180=ADVANCED_FACE('',(#587),#6790,.F.);
#7181=ADVANCED_FACE('',(#588),#296,.F.);
#7182=ADVANCED_FACE('',(#589),#297,.F.);
#7183=ADVANCED_FACE('',(#590),#298,.F.);
#7184=ADVANCED_FACE('',(#591),#299,.F.);
#7185=ADVANCED_FACE('',(#592),#300,.F.);
#7186=ADVANCED_FACE('',(#593),#301,.F.);
#7187=ADVANCED_FACE('',(#594),#302,.F.);
#7188=ADVANCED_FACE('',(#595),#303,.F.);
#7189=ADVANCED_FACE('',(#596),#6791,.F.);
#7190=ADVANCED_FACE('',(#597),#304,.F.);
#7191=ADVANCED_FACE('',(#598),#305,.F.);
#7192=ADVANCED_FACE('',(#599),#306,.F.);
#7193=ADVANCED_FACE('',(#600),#307,.F.);
#7194=ADVANCED_FACE('',(#601),#308,.F.);
#7195=ADVANCED_FACE('',(#602),#6792,.F.);
#7196=ADVANCED_FACE('',(#603),#309,.F.);
#7197=ADVANCED_FACE('',(#604),#310,.F.);
#7198=ADVANCED_FACE('',(#605,#174),#6793,.T.);
#7199=ADVANCED_FACE('',(#606),#6794,.T.);
#7200=ADVANCED_FACE('',(#607),#6795,.T.);
#7201=ADVANCED_FACE('',(#608),#6796,.T.);
#7202=ADVANCED_FACE('',(#609),#6797,.T.);
#7203=ADVANCED_FACE('',(#610),#6798,.T.);
#7204=ADVANCED_FACE('',(#611),#6799,.T.);
#7205=ADVANCED_FACE('',(#612),#6800,.T.);
#7206=ADVANCED_FACE('',(#613),#6801,.T.);
#7207=ADVANCED_FACE('',(#614),#6802,.T.);
#7208=ADVANCED_FACE('',(#615),#6803,.T.);
#7209=ADVANCED_FACE('',(#616),#6804,.T.);
#7210=ADVANCED_FACE('',(#617),#6805,.T.);
#7211=ADVANCED_FACE('',(#618),#6806,.T.);
#7212=ADVANCED_FACE('',(#619),#32,.T.);
#7213=ADVANCED_FACE('',(#620),#34,.T.);
#7214=ADVANCED_FACE('',(#621),#6807,.T.);
#7215=ADVANCED_FACE('',(#622),#6808,.T.);
#7216=ADVANCED_FACE('',(#623),#6809,.T.);
#7217=ADVANCED_FACE('',(#624),#6810,.T.);
#7218=ADVANCED_FACE('',(#625),#6811,.T.);
#7219=ADVANCED_FACE('',(#626,#175,#176,#177),#6812,.F.);
#7220=ADVANCED_FACE('',(#627),#35,.F.);
#7221=ADVANCED_FACE('',(#628),#36,.T.);
#7222=ADVANCED_FACE('',(#629,#178),#6813,.F.);
#7223=ADVANCED_FACE('',(#630),#37,.F.);
#7224=ADVANCED_FACE('',(#631),#38,.T.);
#7225=ADVANCED_FACE('',(#632),#6814,.T.);
#7226=ADVANCED_FACE('',(#633),#39,.T.);
#7227=ADVANCED_FACE('',(#634),#6815,.T.);
#7228=ADVANCED_FACE('',(#635),#6816,.T.);
#7229=ADVANCED_FACE('',(#636,#179),#6817,.T.);
#7230=ADVANCED_FACE('',(#637),#40,.F.);
#7231=ADVANCED_FACE('',(#638),#41,.T.);
#7232=ADVANCED_FACE('',(#639),#6818,.T.);
#7233=ADVANCED_FACE('',(#640),#42,.T.);
#7234=ADVANCED_FACE('',(#641),#6819,.T.);
#7235=ADVANCED_FACE('',(#642),#6820,.T.);
#7236=ADVANCED_FACE('',(#643,#180),#6821,.T.);
#7237=ADVANCED_FACE('',(#644),#6822,.F.);
#7238=ADVANCED_FACE('',(#645),#43,.F.);
#7239=ADVANCED_FACE('',(#646),#6823,.F.);
#7240=ADVANCED_FACE('',(#647),#6824,.F.);
#7241=ADVANCED_FACE('',(#648),#6825,.F.);
#7242=ADVANCED_FACE('',(#649),#44,.F.);
#7243=ADVANCED_FACE('',(#650),#45,.F.);
#7244=ADVANCED_FACE('',(#651),#6826,.F.);
#7245=ADVANCED_FACE('',(#652),#6827,.F.);
#7246=ADVANCED_FACE('',(#653),#46,.F.);
#7247=ADVANCED_FACE('',(#654),#6828,.F.);
#7248=ADVANCED_FACE('',(#655),#6829,.T.);
#7249=ADVANCED_FACE('',(#656),#47,.F.);
#7250=ADVANCED_FACE('',(#657),#6830,.T.);
#7251=ADVANCED_FACE('',(#658),#6831,.T.);
#7252=ADVANCED_FACE('',(#659),#6832,.F.);
#7253=ADVANCED_FACE('',(#660),#6833,.T.);
#7254=ADVANCED_FACE('',(#661),#48,.T.);
#7255=ADVANCED_FACE('',(#662),#49,.T.);
#7256=ADVANCED_FACE('',(#663),#6834,.F.);
#7257=ADVANCED_FACE('',(#664),#6835,.F.);
#7258=ADVANCED_FACE('',(#665),#6836,.T.);
#7259=ADVANCED_FACE('',(#666),#6837,.T.);
#7260=ADVANCED_FACE('',(#667),#6838,.F.);
#7261=ADVANCED_FACE('',(#668),#6839,.T.);
#7262=ADVANCED_FACE('',(#669),#50,.T.);
#7263=ADVANCED_FACE('',(#670),#6840,.T.);
#7264=ADVANCED_FACE('',(#671),#51,.T.);
#7265=ADVANCED_FACE('',(#672),#6841,.T.);
#7266=ADVANCED_FACE('',(#673),#6842,.T.);
#7267=ADVANCED_FACE('',(#674),#6843,.T.);
#7268=ADVANCED_FACE('',(#675),#6844,.T.);
#7269=ADVANCED_FACE('',(#676,#181),#6845,.T.);
#7270=ADVANCED_FACE('',(#677),#6846,.T.);
#7271=ADVANCED_FACE('',(#678),#6847,.T.);
#7272=ADVANCED_FACE('',(#679,#182),#6848,.T.);
#7273=ADVANCED_FACE('',(#680),#6849,.T.);
#7274=ADVANCED_FACE('',(#681),#6850,.T.);
#7275=ADVANCED_FACE('',(#682),#6851,.T.);
#7276=ADVANCED_FACE('',(#683),#20,.T.);
#7277=ADVANCED_FACE('',(#684),#6852,.F.);
#7278=ADVANCED_FACE('',(#685),#52,.T.);
#7279=ADVANCED_FACE('',(#686),#21,.T.);
#7280=ADVANCED_FACE('',(#687),#6853,.F.);
#7281=ADVANCED_FACE('',(#688),#6854,.T.);
#7282=ADVANCED_FACE('',(#689),#6855,.F.);
#7283=ADVANCED_FACE('',(#690),#6856,.F.);
#7284=ADVANCED_FACE('',(#691),#6857,.F.);
#7285=ADVANCED_FACE('',(#692),#53,.F.);
#7286=ADVANCED_FACE('',(#693),#54,.T.);
#7287=ADVANCED_FACE('',(#694,#183),#6858,.T.);
#7288=ADVANCED_FACE('',(#695,#184),#6859,.F.);
#7289=ADVANCED_FACE('',(#696),#6860,.F.);
#7290=ADVANCED_FACE('',(#697),#55,.T.);
#7291=ADVANCED_FACE('',(#698),#6861,.T.);
#7292=ADVANCED_FACE('',(#699),#6862,.F.);
#7293=ADVANCED_FACE('',(#700),#56,.T.);
#7294=ADVANCED_FACE('',(#701),#6863,.T.);
#7295=ADVANCED_FACE('',(#702),#6864,.F.);
#7296=ADVANCED_FACE('',(#703),#57,.T.);
#7297=ADVANCED_FACE('',(#704),#6865,.T.);
#7298=ADVANCED_FACE('',(#705),#6866,.F.);
#7299=ADVANCED_FACE('',(#706),#58,.T.);
#7300=ADVANCED_FACE('',(#707),#6867,.T.);
#7301=ADVANCED_FACE('',(#708),#6868,.F.);
#7302=ADVANCED_FACE('',(#709),#59,.T.);
#7303=ADVANCED_FACE('',(#710),#6869,.T.);
#7304=ADVANCED_FACE('',(#711),#60,.T.);
#7305=ADVANCED_FACE('',(#712),#6870,.T.);
#7306=ADVANCED_FACE('',(#713),#6871,.F.);
#7307=CLOSED_SHELL('',(#6904,#6905,#6906,#6907,#6908,#6909,#6910,#6911,
#6912,#6913,#6914,#6915,#6916,#6917,#6918,#6919,#6920,#6921,#6922,#6923,
#6924,#6925,#6926,#6927,#6928,#6929,#6930,#6931,#6932,#6933,#6934,#6935,
#6936,#6937,#6938,#6939,#6940,#6941,#6942,#6943,#6944,#6945,#6946,#6947,
#6948,#6949,#6950,#6951,#6952,#6953,#6954,#6955,#6956,#6957,#6958,#6959,
#6960,#6961,#6962,#6963,#6964,#6965,#6966,#6967,#6968,#6969,#6970,#6971,
#6972,#6973,#6974,#6975,#6976,#6977,#6978,#6979,#6980,#6981,#6982,#6983,
#6984,#6985,#6986,#6987,#6988,#6989,#6990,#6991,#6992,#6993,#6994,#6995,
#6996,#6997,#6998,#6999,#7000,#7001,#7002,#7003,#7004,#7005,#7006,#7007,
#7008,#7009,#7010,#7011,#7012,#7013,#7014,#7015,#7016,#7017,#7018,#7019,
#7020,#7021,#7022,#7023,#7024,#7025,#7026,#7027,#7028,#7029,#7030,#7031,
#7032,#7033,#7034,#7035,#7036,#7037,#7038,#7039,#7040,#7041,#7042,#7043,
#7044,#7045,#7046,#7047,#7048,#7049,#7050,#7051,#7052,#7053,#7054,#7055,
#7056,#7057,#7058,#7059,#7060,#7061,#7062,#7063,#7064,#7065,#7066,#7067,
#7068,#7069,#7070,#7071,#7072,#7073,#7074,#7075,#7076,#7077,#7078,#7079,
#7080,#7081,#7082,#7083,#7084,#7085,#7086,#7087,#7088,#7089,#7090,#7091,
#7092,#7093,#7094,#7095,#7096,#7097,#7098,#7099,#7100,#7101,#7102,#7103,
#7104,#7105,#7106,#7107,#7108,#7109,#7110,#7111,#7112,#7113,#7114,#7115,
#7116,#7117,#7118,#7119,#7120,#7121,#7122,#7123,#7124,#7125,#7126,#7127,
#7128,#7129,#7130,#7131,#7132,#7133,#7134,#7135,#7136,#7137,#7138,#7139,
#7140,#7141,#7142,#7143,#7144,#7145,#7146,#7147,#7148,#7149,#7150,#7151,
#7152,#7153,#7154,#7155,#7156,#7157,#7158,#7159,#7160,#7161,#7162,#7163,
#7164,#7165,#7166,#7167,#7168,#7169,#7170,#7171,#7172,#7173,#7174,#7175,
#7176,#7177,#7178,#7179,#7180,#7181,#7182,#7183,#7184,#7185,#7186,#7187,
#7188,#7189,#7190,#7191,#7192,#7193,#7194,#7195,#7196,#7197,#7198,#7199,
#7200,#7201,#7202,#7203,#7204,#7205,#7206,#7207,#7208,#7209,#7210,#7211,
#7212,#7213,#7214,#7215,#7216,#7217,#7218,#7219,#7220,#7221,#7222,#7223,
#7224,#7225,#7226,#7227,#7228,#7229,#7230,#7231,#7232,#7233,#7234,#7235,
#7236,#7237));
#7308=CLOSED_SHELL('',(#7238,#7239,#7240,#7241,#7242,#7243,#7244,#7245,
#7246,#7247,#7248,#7249,#7250,#7251,#7252,#7253,#7254,#7255,#7256,#7257,
#7258,#7259,#7260,#7261,#7262,#7263,#7264,#7265,#7266,#7267,#7268,#7269,
#7270,#7271,#7272,#7273,#7274,#7275));
#7309=CLOSED_SHELL('',(#7276,#7277,#7278,#7279,#7280,#7281,#7282,#7283,
#7284));
#7310=CLOSED_SHELL('',(#7285,#7286,#7287,#7288));
#7311=CLOSED_SHELL('',(#7289,#7290,#7291));
#7312=CLOSED_SHELL('',(#7292,#7293,#7294));
#7313=CLOSED_SHELL('',(#7295,#7296,#7297));
#7314=CLOSED_SHELL('',(#7298,#7299,#7300));
#7315=CLOSED_SHELL('',(#7301,#7302,#7303));
#7316=CLOSED_SHELL('',(#7304,#7305,#7306));
#7317=DERIVED_UNIT_ELEMENT(#7320,1.);
#7318=DERIVED_UNIT_ELEMENT(#13356,-3.);
#7319=DIMENSIONAL_EXPONENTS(1.,0.,0.,0.,0.,0.,0.);
#7320=(
CONVERSION_BASED_UNIT('gram',#7322)
MASS_UNIT()
NAMED_UNIT(#7319)
);
#7321=(
MASS_UNIT()
NAMED_UNIT(*)
SI_UNIT(.KILO.,.GRAM.)
);
#7322=MASS_MEASURE_WITH_UNIT(MASS_MEASURE(0.001),#7321);
#7323=DERIVED_UNIT((#7317,#7318));
#7324=MEASURE_REPRESENTATION_ITEM('density measure',
POSITIVE_RATIO_MEASURE(1.),#7323);
#7325=PROPERTY_DEFINITION_REPRESENTATION(#7330,#7327);
#7326=PROPERTY_DEFINITION_REPRESENTATION(#7331,#7328);
#7327=REPRESENTATION('material name',(#7329),#13353);
#7328=REPRESENTATION('density',(#7324),#13353);
#7329=DESCRIPTIVE_REPRESENTATION_ITEM('Generic','Generic');
#7330=PROPERTY_DEFINITION('material property','material name',#13363);
#7331=PROPERTY_DEFINITION('material property','density of part',#13363);
#7332=DATE_TIME_ROLE('creation_date');
#7333=APPLIED_DATE_AND_TIME_ASSIGNMENT(#7334,#7332,(#13363));
#7334=DATE_AND_TIME(#7335,#7336);
#7335=CALENDAR_DATE(2023,11,12);
#7336=LOCAL_TIME(0,0,0.,#7337);
#7337=COORDINATED_UNIVERSAL_TIME_OFFSET(0,0,.BEHIND.);
#7338=AXIS2_PLACEMENT_3D('placement',#9112,#7696,#7697);
#7339=AXIS2_PLACEMENT_3D('',#9113,#7698,#7699);
#7340=AXIS2_PLACEMENT_3D('',#9170,#7704,#7705);
#7341=AXIS2_PLACEMENT_3D('',#9176,#7709,#7710);
#7342=AXIS2_PLACEMENT_3D('',#9208,#7715,#7716);
#7343=AXIS2_PLACEMENT_3D('',#9212,#7719,#7720);
#7344=AXIS2_PLACEMENT_3D('',#9317,#7729,#7730);
#7345=AXIS2_PLACEMENT_3D('',#9323,#7734,#7735);
#7346=AXIS2_PLACEMENT_3D('',#9373,#7741,#7742);
#7347=AXIS2_PLACEMENT_3D('',#9379,#7746,#7747);
#7348=AXIS2_PLACEMENT_3D('',#9425,#7752,#7753);
#7349=AXIS2_PLACEMENT_3D('',#9426,#7754,#7755);
#7350=AXIS2_PLACEMENT_3D('',#9451,#7768,#7769);
#7351=AXIS2_PLACEMENT_3D('',#9457,#7773,#7774);
#7352=AXIS2_PLACEMENT_3D('',#9461,#7777,#7778);
#7353=AXIS2_PLACEMENT_3D('',#9465,#7781,#7782);
#7354=AXIS2_PLACEMENT_3D('',#9469,#7785,#7786);
#7355=AXIS2_PLACEMENT_3D('',#9473,#7789,#7790);
#7356=AXIS2_PLACEMENT_3D('',#9477,#7793,#7794);
#7357=AXIS2_PLACEMENT_3D('',#9481,#7797,#7798);
#7358=AXIS2_PLACEMENT_3D('',#9485,#7801,#7802);
#7359=AXIS2_PLACEMENT_3D('',#9489,#7805,#7806);
#7360=AXIS2_PLACEMENT_3D('',#9493,#7809,#7810);
#7361=AXIS2_PLACEMENT_3D('',#9497,#7813,#7814);
#7362=AXIS2_PLACEMENT_3D('',#9499,#7816,#7817);
#7363=AXIS2_PLACEMENT_3D('',#9684,#7830,#7831);
#7364=AXIS2_PLACEMENT_3D('',#9690,#7835,#7836);
#7365=AXIS2_PLACEMENT_3D('',#9872,#7848,#7849);
#7366=AXIS2_PLACEMENT_3D('',#9875,#7852,#7853);
#7367=AXIS2_PLACEMENT_3D('',#9876,#7854,#7855);
#7368=AXIS2_PLACEMENT_3D('',#9899,#7867,#7868);
#7369=AXIS2_PLACEMENT_3D('',#9905,#7872,#7873);
#7370=AXIS2_PLACEMENT_3D('',#9909,#7876,#7877);
#7371=AXIS2_PLACEMENT_3D('',#9915,#7881,#7882);
#7372=AXIS2_PLACEMENT_3D('',#9919,#7885,#7886);
#7373=AXIS2_PLACEMENT_3D('',#9923,#7889,#7890);
#7374=AXIS2_PLACEMENT_3D('',#9927,#7893,#7894);
#7375=AXIS2_PLACEMENT_3D('',#9929,#7896,#7897);
#7376=AXIS2_PLACEMENT_3D('',#9933,#7900,#7901);
#7377=AXIS2_PLACEMENT_3D('',#9937,#7904,#7905);
#7378=AXIS2_PLACEMENT_3D('',#9941,#7908,#7909);
#7379=AXIS2_PLACEMENT_3D('',#9943,#7911,#7912);
#7380=AXIS2_PLACEMENT_3D('',#9952,#7917,#7918);
#7381=AXIS2_PLACEMENT_3D('',#9958,#7922,#7923);
#7382=AXIS2_PLACEMENT_3D('',#9964,#7927,#7928);
#7383=AXIS2_PLACEMENT_3D('',#9970,#7932,#7933);
#7384=AXIS2_PLACEMENT_3D('',#10023,#7940,#7941);
#7385=AXIS2_PLACEMENT_3D('',#10029,#7945,#7946);
#7386=AXIS2_PLACEMENT_3D('',#10035,#7950,#7951);
#7387=AXIS2_PLACEMENT_3D('',#10041,#7955,#7956);
#7388=AXIS2_PLACEMENT_3D('',#10154,#7964,#7965);
#7389=AXIS2_PLACEMENT_3D('',#10160,#7969,#7970);
#7390=AXIS2_PLACEMENT_3D('',#10163,#7973,#7974);
#7391=AXIS2_PLACEMENT_3D('',#10164,#7975,#7976);
#7392=AXIS2_PLACEMENT_3D('',#10177,#7983,#7984);
#7393=AXIS2_PLACEMENT_3D('',#10183,#7988,#7989);
#7394=AXIS2_PLACEMENT_3D('',#10187,#7992,#7993);
#7395=AXIS2_PLACEMENT_3D('',#10191,#7996,#7997);
#7396=AXIS2_PLACEMENT_3D('',#10195,#8000,#8001);
#7397=AXIS2_PLACEMENT_3D('',#10199,#8004,#8005);
#7398=AXIS2_PLACEMENT_3D('',#10201,#8007,#8008);
#7399=AXIS2_PLACEMENT_3D('',#10210,#8013,#8014);
#7400=AXIS2_PLACEMENT_3D('',#10216,#8018,#8019);
#7401=AXIS2_PLACEMENT_3D('',#10222,#8023,#8024);
#7402=AXIS2_PLACEMENT_3D('',#10228,#8028,#8029);
#7403=AXIS2_PLACEMENT_3D('',#10234,#8033,#8034);
#7404=AXIS2_PLACEMENT_3D('',#10240,#8038,#8039);
#7405=AXIS2_PLACEMENT_3D('',#10246,#8043,#8044);
#7406=AXIS2_PLACEMENT_3D('',#10252,#8048,#8049);
#7407=AXIS2_PLACEMENT_3D('',#10258,#8053,#8054);
#7408=AXIS2_PLACEMENT_3D('',#10264,#8058,#8059);
#7409=AXIS2_PLACEMENT_3D('',#10270,#8063,#8064);
#7410=AXIS2_PLACEMENT_3D('',#10273,#8067,#8068);
#7411=AXIS2_PLACEMENT_3D('',#10274,#8069,#8070);
#7412=AXIS2_PLACEMENT_3D('',#10351,#8077,#8078);
#7413=AXIS2_PLACEMENT_3D('',#10357,#8082,#8083);
#7414=AXIS2_PLACEMENT_3D('',#10361,#8086,#8087);
#7415=AXIS2_PLACEMENT_3D('',#10421,#8094,#8095);
#7416=AXIS2_PLACEMENT_3D('',#10425,#8098,#8099);
#7417=AXIS2_PLACEMENT_3D('',#10429,#8102,#8103);
#7418=AXIS2_PLACEMENT_3D('',#10487,#8109,#8110);
#7419=AXIS2_PLACEMENT_3D('',#10496,#8115,#8116);
#7420=AXIS2_PLACEMENT_3D('',#10502,#8120,#8121);
#7421=AXIS2_PLACEMENT_3D('',#10508,#8125,#8126);
#7422=AXIS2_PLACEMENT_3D('',#10514,#8130,#8131);
#7423=AXIS2_PLACEMENT_3D('',#10520,#8135,#8136);
#7424=AXIS2_PLACEMENT_3D('',#10526,#8140,#8141);
#7425=AXIS2_PLACEMENT_3D('',#10532,#8145,#8146);
#7426=AXIS2_PLACEMENT_3D('',#10538,#8150,#8151);
#7427=AXIS2_PLACEMENT_3D('',#10544,#8155,#8156);
#7428=AXIS2_PLACEMENT_3D('',#10547,#8159,#8160);
#7429=AXIS2_PLACEMENT_3D('',#10548,#8161,#8162);
#7430=AXIS2_PLACEMENT_3D('',#10681,#8173,#8174);
#7431=AXIS2_PLACEMENT_3D('',#10687,#8178,#8179);
#7432=AXIS2_PLACEMENT_3D('',#10719,#8184,#8185);
#7433=AXIS2_PLACEMENT_3D('',#10725,#8189,#8190);
#7434=AXIS2_PLACEMENT_3D('',#10773,#8197,#8198);
#7435=AXIS2_PLACEMENT_3D('',#10819,#8204,#8205);
#7436=AXIS2_PLACEMENT_3D('',#10849,#8209,#8210);
#7437=AXIS2_PLACEMENT_3D('',#10879,#8214,#8215);
#7438=AXIS2_PLACEMENT_3D('',#10883,#8218,#8219);
#7439=AXIS2_PLACEMENT_3D('',#10887,#8222,#8223);
#7440=AXIS2_PLACEMENT_3D('',#10917,#8227,#8228);
#7441=AXIS2_PLACEMENT_3D('',#10926,#8233,#8234);
#7442=AXIS2_PLACEMENT_3D('',#10932,#8238,#8239);
#7443=AXIS2_PLACEMENT_3D('',#10938,#8243,#8244);
#7444=AXIS2_PLACEMENT_3D('',#10944,#8248,#8249);
#7445=AXIS2_PLACEMENT_3D('',#10950,#8253,#8254);
#7446=AXIS2_PLACEMENT_3D('',#10956,#8258,#8259);
#7447=AXIS2_PLACEMENT_3D('',#10962,#8263,#8264);
#7448=AXIS2_PLACEMENT_3D('',#10968,#8268,#8269);
#7449=AXIS2_PLACEMENT_3D('',#10974,#8273,#8274);
#7450=AXIS2_PLACEMENT_3D('',#10980,#8278,#8279);
#7451=AXIS2_PLACEMENT_3D('',#10986,#8283,#8284);
#7452=AXIS2_PLACEMENT_3D('',#10992,#8288,#8289);
#7453=AXIS2_PLACEMENT_3D('',#10995,#8292,#8293);
#7454=AXIS2_PLACEMENT_3D('',#10996,#8294,#8295);
#7455=AXIS2_PLACEMENT_3D('',#11075,#8307,#8308);
#7456=AXIS2_PLACEMENT_3D('',#11081,#8312,#8313);
#7457=AXIS2_PLACEMENT_3D('',#11157,#8322,#8323);
#7458=AXIS2_PLACEMENT_3D('',#11161,#8326,#8327);
#7459=AXIS2_PLACEMENT_3D('',#11165,#8330,#8331);
#7460=AXIS2_PLACEMENT_3D('',#11169,#8334,#8335);
#7461=AXIS2_PLACEMENT_3D('',#11199,#8339,#8340);
#7462=AXIS2_PLACEMENT_3D('',#11203,#8343,#8344);
#7463=AXIS2_PLACEMENT_3D('',#11207,#8347,#8348);
#7464=AXIS2_PLACEMENT_3D('',#11211,#8351,#8352);
#7465=AXIS2_PLACEMENT_3D('',#11215,#8355,#8356);
#7466=AXIS2_PLACEMENT_3D('',#11217,#8358,#8359);
#7467=AXIS2_PLACEMENT_3D('',#11226,#8364,#8365);
#7468=AXIS2_PLACEMENT_3D('',#11232,#8369,#8370);
#7469=AXIS2_PLACEMENT_3D('',#11238,#8374,#8375);
#7470=AXIS2_PLACEMENT_3D('',#11244,#8379,#8380);
#7471=AXIS2_PLACEMENT_3D('',#11250,#8384,#8385);
#7472=AXIS2_PLACEMENT_3D('',#11256,#8389,#8390);
#7473=AXIS2_PLACEMENT_3D('',#11262,#8394,#8395);
#7474=AXIS2_PLACEMENT_3D('',#11268,#8399,#8400);
#7475=AXIS2_PLACEMENT_3D('',#11274,#8404,#8405);
#7476=AXIS2_PLACEMENT_3D('',#11280,#8409,#8410);
#7477=AXIS2_PLACEMENT_3D('',#11286,#8414,#8415);
#7478=AXIS2_PLACEMENT_3D('',#11289,#8418,#8419);
#7479=AXIS2_PLACEMENT_3D('',#11290,#8420,#8421);
#7480=AXIS2_PLACEMENT_3D('',#11292,#8422,#8423);
#7481=AXIS2_PLACEMENT_3D('',#11840,#8445,#8446);
#7482=AXIS2_PLACEMENT_3D('',#11841,#8447,#8448);
#7483=AXIS2_PLACEMENT_3D('',#11842,#8449,#8450);
#7484=AXIS2_PLACEMENT_3D('',#11843,#8451,#8452);
#7485=AXIS2_PLACEMENT_3D('',#11844,#8453,#8454);
#7486=AXIS2_PLACEMENT_3D('',#11845,#8455,#8456);
#7487=AXIS2_PLACEMENT_3D('',#11851,#8460,#8461);
#7488=AXIS2_PLACEMENT_3D('',#11971,#8474,#8475);
#7489=AXIS2_PLACEMENT_3D('',#11977,#8479,#8480);
#7490=AXIS2_PLACEMENT_3D('',#11981,#8483,#8484);
#7491=AXIS2_PLACEMENT_3D('',#11987,#8488,#8489);
#7492=AXIS2_PLACEMENT_3D('',#12019,#8494,#8495);
#7493=AXIS2_PLACEMENT_3D('',#12025,#8499,#8500);
#7494=AXIS2_PLACEMENT_3D('',#12145,#8513,#8514);
#7495=AXIS2_PLACEMENT_3D('',#12151,#8518,#8519);
#7496=AXIS2_PLACEMENT_3D('',#12271,#8532,#8533);
#7497=AXIS2_PLACEMENT_3D('',#12277,#8537,#8538);
#7498=AXIS2_PLACEMENT_3D('',#12353,#8547,#8548);
#7499=AXIS2_PLACEMENT_3D('',#12359,#8552,#8553);
#7500=AXIS2_PLACEMENT_3D('',#12391,#8558,#8559);
#7501=AXIS2_PLACEMENT_3D('',#12394,#8561,#8562);
#7502=AXIS2_PLACEMENT_3D('',#12395,#8563,#8564);
#7503=AXIS2_PLACEMENT_3D('',#12477,#8570,#8571);
#7504=AXIS2_PLACEMENT_3D('',#12479,#8573,#8574);
#7505=AXIS2_PLACEMENT_3D('',#12509,#8578,#8579);
#7506=AXIS2_PLACEMENT_3D('',#12591,#8585,#8586);
#7507=AXIS2_PLACEMENT_3D('',#12701,#8594,#8595);
#7508=AXIS2_PLACEMENT_3D('',#12771,#8601,#8602);
#7509=AXIS2_PLACEMENT_3D('',#12801,#8606,#8607);
#7510=AXIS2_PLACEMENT_3D('',#12803,#8608,#8609);
#7511=AXIS2_PLACEMENT_3D('',#12804,#8610,#8611);
#7512=AXIS2_PLACEMENT_3D('',#12805,#8612,#8613);
#7513=AXIS2_PLACEMENT_3D('',#12806,#8614,#8615);
#7514=AXIS2_PLACEMENT_3D('',#12807,#8616,#8617);
#7515=AXIS2_PLACEMENT_3D('',#12808,#8618,#8619);
#7516=AXIS2_PLACEMENT_3D('',#12809,#8620,#8621);
#7517=AXIS2_PLACEMENT_3D('',#12810,#8622,#8623);
#7518=AXIS2_PLACEMENT_3D('',#12811,#8624,#8625);
#7519=AXIS2_PLACEMENT_3D('',#12812,#8626,#8627);
#7520=AXIS2_PLACEMENT_3D('',#12813,#8628,#8629);
#7521=AXIS2_PLACEMENT_3D('',#12814,#8630,#8631);
#7522=AXIS2_PLACEMENT_3D('',#12815,#8632,#8633);
#7523=AXIS2_PLACEMENT_3D('',#12816,#8634,#8635);
#7524=AXIS2_PLACEMENT_3D('',#12817,#8636,#8637);
#7525=AXIS2_PLACEMENT_3D('',#12819,#8638,#8639);
#7526=AXIS2_PLACEMENT_3D('',#12820,#8640,#8641);
#7527=AXIS2_PLACEMENT_3D('',#12821,#8642,#8643);
#7528=AXIS2_PLACEMENT_3D('',#12825,#8645,#8646);
#7529=AXIS2_PLACEMENT_3D('',#12829,#8648,#8649);
#7530=AXIS2_PLACEMENT_3D('',#12833,#8651,#8652);
#7531=AXIS2_PLACEMENT_3D('',#12837,#8654,#8655);
#7532=AXIS2_PLACEMENT_3D('',#12841,#8657,#8658);
#7533=AXIS2_PLACEMENT_3D('',#12845,#8660,#8661);
#7534=AXIS2_PLACEMENT_3D('',#12848,#8663,#8664);
#7535=AXIS2_PLACEMENT_3D('',#12849,#8665,#8666);
#7536=AXIS2_PLACEMENT_3D('',#12850,#8667,#8668);
#7537=AXIS2_PLACEMENT_3D('',#12856,#8672,#8673);
#7538=AXIS2_PLACEMENT_3D('',#12860,#8676,#8677);
#7539=AXIS2_PLACEMENT_3D('',#12864,#8680,#8681);
#7540=AXIS2_PLACEMENT_3D('',#12866,#8683,#8684);
#7541=AXIS2_PLACEMENT_3D('',#12870,#8686,#8687);
#7542=AXIS2_PLACEMENT_3D('',#12874,#8689,#8690);
#7543=AXIS2_PLACEMENT_3D('',#12879,#8693,#8694);
#7544=AXIS2_PLACEMENT_3D('',#12883,#8696,#8697);
#7545=AXIS2_PLACEMENT_3D('',#12886,#8699,#8700);
#7546=AXIS2_PLACEMENT_3D('',#12888,#8701,#8702);
#7547=AXIS2_PLACEMENT_3D('',#12890,#8703,#8704);
#7548=AXIS2_PLACEMENT_3D('',#12891,#8705,#8706);
#7549=AXIS2_PLACEMENT_3D('',#12893,#8707,#8708);
#7550=AXIS2_PLACEMENT_3D('',#12896,#8710,#8711);
#7551=AXIS2_PLACEMENT_3D('',#12897,#8712,#8713);
#7552=AXIS2_PLACEMENT_3D('',#12899,#8714,#8715);
#7553=AXIS2_PLACEMENT_3D('',#12901,#8717,#8718);
#7554=AXIS2_PLACEMENT_3D('',#12902,#8719,#8720);
#7555=AXIS2_PLACEMENT_3D('',#12904,#8721,#8722);
#7556=AXIS2_PLACEMENT_3D('',#12906,#8724,#8725);
#7557=AXIS2_PLACEMENT_3D('',#12910,#8727,#8728);
#7558=AXIS2_PLACEMENT_3D('',#12912,#8730,#8731);
#7559=AXIS2_PLACEMENT_3D('',#12916,#8734,#8735);
#7560=AXIS2_PLACEMENT_3D('',#12918,#8736,#8737);
#7561=AXIS2_PLACEMENT_3D('',#12920,#8739,#8740);
#7562=AXIS2_PLACEMENT_3D('',#12922,#8742,#8743);
#7563=AXIS2_PLACEMENT_3D('',#12924,#8745,#8746);
#7564=AXIS2_PLACEMENT_3D('',#12925,#8747,#8748);
#7565=AXIS2_PLACEMENT_3D('',#12927,#8749,#8750);
#7566=AXIS2_PLACEMENT_3D('',#12929,#8752,#8753);
#7567=AXIS2_PLACEMENT_3D('',#12933,#8755,#8756);
#7568=AXIS2_PLACEMENT_3D('',#12935,#8758,#8759);
#7569=AXIS2_PLACEMENT_3D('',#12939,#8762,#8763);
#7570=AXIS2_PLACEMENT_3D('',#12941,#8764,#8765);
#7571=AXIS2_PLACEMENT_3D('',#12943,#8767,#8768);
#7572=AXIS2_PLACEMENT_3D('',#12945,#8770,#8771);
#7573=AXIS2_PLACEMENT_3D('',#12947,#8773,#8774);
#7574=AXIS2_PLACEMENT_3D('',#12948,#8775,#8776);
#7575=AXIS2_PLACEMENT_3D('',#12949,#8777,#8778);
#7576=AXIS2_PLACEMENT_3D('',#12952,#8779,#8780);
#7577=AXIS2_PLACEMENT_3D('',#12956,#8782,#8783);
#7578=AXIS2_PLACEMENT_3D('',#12958,#8785,#8786);
#7579=AXIS2_PLACEMENT_3D('',#12964,#8790,#8791);
#7580=AXIS2_PLACEMENT_3D('',#12967,#8792,#8793);
#7581=AXIS2_PLACEMENT_3D('',#12971,#8795,#8796);
#7582=AXIS2_PLACEMENT_3D('',#12973,#8798,#8799);
#7583=AXIS2_PLACEMENT_3D('',#12978,#8801,#8802);
#7584=AXIS2_PLACEMENT_3D('',#12981,#8804,#8805);
#7585=AXIS2_PLACEMENT_3D('',#12982,#8806,#8807);
#7586=AXIS2_PLACEMENT_3D('',#13024,#8809,#8810);
#7587=AXIS2_PLACEMENT_3D('',#13026,#8811,#8812);
#7588=AXIS2_PLACEMENT_3D('',#13028,#8813,#8814);
#7589=AXIS2_PLACEMENT_3D('',#13030,#8816,#8817);
#7590=AXIS2_PLACEMENT_3D('',#13033,#8820,#8821);
#7591=AXIS2_PLACEMENT_3D('',#13035,#8822,#8823);
#7592=AXIS2_PLACEMENT_3D('',#13038,#8825,#8826);
#7593=AXIS2_PLACEMENT_3D('',#13039,#8827,#8828);
#7594=AXIS2_PLACEMENT_3D('',#13079,#8830,#8831);
#7595=AXIS2_PLACEMENT_3D('',#13083,#8833,#8834);
#7596=AXIS2_PLACEMENT_3D('',#13084,#8835,#8836);
#7597=AXIS2_PLACEMENT_3D('',#13085,#8837,#8838);
#7598=AXIS2_PLACEMENT_3D('',#13091,#8842,#8843);
#7599=AXIS2_PLACEMENT_3D('',#13093,#8844,#8845);
#7600=AXIS2_PLACEMENT_3D('',#13098,#8848,#8849);
#7601=AXIS2_PLACEMENT_3D('',#13102,#8851,#8852);
#7602=AXIS2_PLACEMENT_3D('',#13106,#8854,#8855);
#7603=AXIS2_PLACEMENT_3D('',#13110,#8857,#8858);
#7604=AXIS2_PLACEMENT_3D('',#13114,#8860,#8861);
#7605=AXIS2_PLACEMENT_3D('',#13118,#8863,#8864);
#7606=AXIS2_PLACEMENT_3D('',#13122,#8866,#8867);
#7607=AXIS2_PLACEMENT_3D('',#13124,#8869,#8870);
#7608=AXIS2_PLACEMENT_3D('',#13128,#8873,#8874);
#7609=AXIS2_PLACEMENT_3D('',#13132,#8877,#8878);
#7610=AXIS2_PLACEMENT_3D('',#13138,#8881,#8882);
#7611=AXIS2_PLACEMENT_3D('',#13140,#8883,#8884);
#7612=AXIS2_PLACEMENT_3D('',#13142,#8886,#8887);
#7613=AXIS2_PLACEMENT_3D('',#13148,#8891,#8892);
#7614=AXIS2_PLACEMENT_3D('',#13150,#8893,#8894);
#7615=AXIS2_PLACEMENT_3D('',#13153,#8896,#8897);
#7616=AXIS2_PLACEMENT_3D('',#13154,#8898,#8899);
#7617=AXIS2_PLACEMENT_3D('',#13157,#8900,#8901);
#7618=AXIS2_PLACEMENT_3D('',#13161,#8903,#8904);
#7619=AXIS2_PLACEMENT_3D('',#13163,#8906,#8907);
#7620=AXIS2_PLACEMENT_3D('',#13169,#8911,#8912);
#7621=AXIS2_PLACEMENT_3D('',#13175,#8916,#8917);
#7622=AXIS2_PLACEMENT_3D('',#13181,#8921,#8922);
#7623=AXIS2_PLACEMENT_3D('',#13184,#8925,#8926);
#7624=AXIS2_PLACEMENT_3D('',#13188,#8928,#8929);
#7625=AXIS2_PLACEMENT_3D('',#13196,#8933,#8934);
#7626=AXIS2_PLACEMENT_3D('',#13201,#8938,#8939);
#7627=AXIS2_PLACEMENT_3D('',#13203,#8941,#8942);
#7628=AXIS2_PLACEMENT_3D('',#13205,#8944,#8945);
#7629=AXIS2_PLACEMENT_3D('',#13206,#8946,#8947);
#7630=AXIS2_PLACEMENT_3D('',#13208,#8949,#8950);
#7631=AXIS2_PLACEMENT_3D('',#13211,#8953,#8954);
#7632=AXIS2_PLACEMENT_3D('',#13213,#8956,#8957);
#7633=AXIS2_PLACEMENT_3D('',#13223,#8963,#8964);
#7634=AXIS2_PLACEMENT_3D('',#13225,#8966,#8967);
#7635=AXIS2_PLACEMENT_3D('',#13227,#8969,#8970);
#7636=AXIS2_PLACEMENT_3D('',#13228,#8971,#8972);
#7637=AXIS2_PLACEMENT_3D('',#13230,#8974,#8975);
#7638=AXIS2_PLACEMENT_3D('',#13232,#8977,#8978);
#7639=AXIS2_PLACEMENT_3D('',#13234,#8980,#8981);
#7640=AXIS2_PLACEMENT_3D('',#13236,#8983,#8984);
#7641=AXIS2_PLACEMENT_3D('',#13237,#8985,#8986);
#7642=AXIS2_PLACEMENT_3D('',#13244,#8987,#8988);
#7643=AXIS2_PLACEMENT_3D('',#13249,#8989,#8990);
#7644=AXIS2_PLACEMENT_3D('',#13250,#8991,#8992);
#7645=AXIS2_PLACEMENT_3D('',#13262,#8997,#8998);
#7646=AXIS2_PLACEMENT_3D('',#13266,#9000,#9001);
#7647=AXIS2_PLACEMENT_3D('',#13269,#9003,#9004);
#7648=AXIS2_PLACEMENT_3D('',#13272,#9006,#9007);
#7649=AXIS2_PLACEMENT_3D('',#13273,#9008,#9009);
#7650=AXIS2_PLACEMENT_3D('',#13274,#9010,#9011);
#7651=AXIS2_PLACEMENT_3D('',#13279,#9012,#9013);
#7652=AXIS2_PLACEMENT_3D('',#13280,#9014,#9015);
#7653=AXIS2_PLACEMENT_3D('',#13283,#9018,#9019);
#7654=AXIS2_PLACEMENT_3D('',#13284,#9020,#9021);
#7655=AXIS2_PLACEMENT_3D('',#13285,#9022,#9023);
#7656=AXIS2_PLACEMENT_3D('',#13286,#9024,#9025);
#7657=AXIS2_PLACEMENT_3D('',#13287,#9026,#9027);
#7658=AXIS2_PLACEMENT_3D('',#13289,#9028,#9029);
#7659=AXIS2_PLACEMENT_3D('',#13292,#9031,#9032);
#7660=AXIS2_PLACEMENT_3D('',#13293,#9033,#9034);
#7661=AXIS2_PLACEMENT_3D('',#13295,#9035,#9036);
#7662=AXIS2_PLACEMENT_3D('',#13298,#9038,#9039);
#7663=AXIS2_PLACEMENT_3D('',#13299,#9040,#9041);
#7664=AXIS2_PLACEMENT_3D('',#13300,#9042,#9043);
#7665=AXIS2_PLACEMENT_3D('',#13301,#9044,#9045);
#7666=AXIS2_PLACEMENT_3D('',#13303,#9046,#9047);
#7667=AXIS2_PLACEMENT_3D('',#13304,#9048,#9049);
#7668=AXIS2_PLACEMENT_3D('',#13306,#9050,#9051);
#7669=AXIS2_PLACEMENT_3D('',#13308,#9053,#9054);
#7670=AXIS2_PLACEMENT_3D('',#13309,#9055,#9056);
#7671=AXIS2_PLACEMENT_3D('',#13311,#9057,#9058);
#7672=AXIS2_PLACEMENT_3D('',#13312,#9059,#9060);
#7673=AXIS2_PLACEMENT_3D('',#13314,#9061,#9062);
#7674=AXIS2_PLACEMENT_3D('',#13316,#9064,#9065);
#7675=AXIS2_PLACEMENT_3D('',#13317,#9066,#9067);
#7676=AXIS2_PLACEMENT_3D('',#13319,#9068,#9069);
#7677=AXIS2_PLACEMENT_3D('',#13320,#9070,#9071);
#7678=AXIS2_PLACEMENT_3D('',#13322,#9072,#9073);
#7679=AXIS2_PLACEMENT_3D('',#13324,#9075,#9076);
#7680=AXIS2_PLACEMENT_3D('',#13325,#9077,#9078);
#7681=AXIS2_PLACEMENT_3D('',#13327,#9079,#9080);
#7682=AXIS2_PLACEMENT_3D('',#13328,#9081,#9082);
#7683=AXIS2_PLACEMENT_3D('',#13330,#9083,#9084);
#7684=AXIS2_PLACEMENT_3D('',#13332,#9086,#9087);
#7685=AXIS2_PLACEMENT_3D('',#13333,#9088,#9089);
#7686=AXIS2_PLACEMENT_3D('',#13335,#9090,#9091);
#7687=AXIS2_PLACEMENT_3D('',#13336,#9092,#9093);
#7688=AXIS2_PLACEMENT_3D('',#13338,#9094,#9095);
#7689=AXIS2_PLACEMENT_3D('',#13340,#9097,#9098);
#7690=AXIS2_PLACEMENT_3D('',#13341,#9099,#9100);
#7691=AXIS2_PLACEMENT_3D('',#13343,#9101,#9102);
#7692=AXIS2_PLACEMENT_3D('',#13346,#9104,#9105);
#7693=AXIS2_PLACEMENT_3D('',#13347,#9106,#9107);
#7694=AXIS2_PLACEMENT_3D('',#13348,#9108,#9109);
#7695=AXIS2_PLACEMENT_3D('',#13349,#9110,#9111);
#7696=DIRECTION('axis',(0.,0.,1.));
#7697=DIRECTION('refdir',(1.,0.,0.));
#7698=DIRECTION('center_axis',(0.,0.,1.));
#7699=DIRECTION('ref_axis',(1.,0.,0.));
#7700=DIRECTION('',(1.,0.,0.));
#7701=DIRECTION('',(-1.,0.,0.));
#7702=DIRECTION('',(-0.351123441588411,-0.936329177569037,0.));
#7703=DIRECTION('',(-0.351123441588411,-0.936329177569037,0.));
#7704=DIRECTION('center_axis',(-0.936329177569037,0.351123441588411,0.));
#7705=DIRECTION('ref_axis',(0.,0.,1.));
#7706=DIRECTION('',(0.,0.,1.));
#7707=DIRECTION('',(0.351123441588411,0.936329177569037,0.));
#7708=DIRECTION('',(0.,0.,1.));
#7709=DIRECTION('center_axis',(0.,1.,0.));
#7710=DIRECTION('ref_axis',(0.,0.,1.));
#7711=DIRECTION('',(0.,0.,1.));
#7712=DIRECTION('',(1.,0.,0.));
#7713=DIRECTION('',(0.,0.,1.));
#7714=DIRECTION('',(0.,0.,1.));
#7715=DIRECTION('center_axis',(0.,-1.,0.));
#7716=DIRECTION('ref_axis',(0.,0.,-1.));
#7717=DIRECTION('',(0.,0.,1.));
#7718=DIRECTION('',(-1.,0.,0.));
#7719=DIRECTION('center_axis',(-0.936329177569037,0.351123441588411,0.));
#7720=DIRECTION('ref_axis',(0.,0.,1.));
#7721=DIRECTION('',(0.,0.,1.));
#7722=DIRECTION('',(0.351123441588411,0.936329177569037,0.));
#7723=DIRECTION('',(0.,0.,1.));
#7724=DIRECTION('',(0.,0.,1.));
#7725=DIRECTION('',(0.,0.,1.));
#7726=DIRECTION('',(0.,0.,1.));
#7727=DIRECTION('',(0.,0.,1.));
#7728=DIRECTION('',(0.,0.,1.));
#7729=DIRECTION('center_axis',(0.936329177569037,-0.351123441588411,0.));
#7730=DIRECTION('ref_axis',(0.,0.,-1.));
#7731=DIRECTION('',(0.351123441588411,0.936329177569037,0.));
#7732=DIRECTION('',(-0.351123441588411,-0.936329177569037,0.));
#7733=DIRECTION('',(0.,0.,1.));
#7734=DIRECTION('center_axis',(0.,1.,0.));
#7735=DIRECTION('ref_axis',(0.,0.,1.));
#7736=DIRECTION('',(-1.,0.,0.));
#7737=DIRECTION('',(1.,0.,0.));
#7738=DIRECTION('',(0.,0.,1.));
#7739=DIRECTION('',(0.,0.,1.));
#7740=DIRECTION('',(0.,0.,1.));
#7741=DIRECTION('center_axis',(0.,-1.,0.));
#7742=DIRECTION('ref_axis',(0.,0.,-1.));
#7743=DIRECTION('',(1.,0.,0.));
#7744=DIRECTION('',(-1.,0.,0.));
#7745=DIRECTION('',(0.,0.,1.));
#7746=DIRECTION('center_axis',(0.936329177569008,-0.351123441588489,0.));
#7747=DIRECTION('ref_axis',(0.,0.,-1.));
#7748=DIRECTION('',(0.351123441588489,0.936329177569008,0.));
#7749=DIRECTION('',(-0.351123441588489,-0.936329177569008,0.));
#7750=DIRECTION('',(0.,0.,1.));
#7751=DIRECTION('',(0.,0.,1.));
#7752=DIRECTION('center_axis',(0.,0.,1.));
#7753=DIRECTION('ref_axis',(1.,0.,0.));
#7754=DIRECTION('center_axis',(0.,0.,1.));
#7755=DIRECTION('ref_axis',(1.,0.,0.));
#7756=DIRECTION('',(-1.,0.,0.));
#7757=DIRECTION('',(-0.321517520909324,-0.946903629599297,0.));
#7758=DIRECTION('',(1.,0.,0.));
#7759=DIRECTION('',(0.323992974871692,0.946059486625334,0.));
#7760=DIRECTION('',(-1.,0.,0.));
#7761=DIRECTION('',(0.320567626372329,0.947225631474366,0.));
#7762=DIRECTION('',(1.,0.,0.));
#7763=DIRECTION('',(0.323992974871687,0.946059486625336,0.));
#7764=DIRECTION('',(-1.,0.,0.));
#7765=DIRECTION('',(0.32210357939695,0.94670443335799,0.));
#7766=DIRECTION('',(1.,0.,0.));
#7767=DIRECTION('',(0.318175110226084,0.948031961081808,0.));
#7768=DIRECTION('center_axis',(0.947225631474366,-0.320567626372329,0.));
#7769=DIRECTION('ref_axis',(0.,0.,-1.));
#7770=DIRECTION('',(0.,0.,1.));
#7771=DIRECTION('',(-0.320567626372329,-0.947225631474366,0.));
#7772=DIRECTION('',(0.,0.,1.));
#7773=DIRECTION('center_axis',(0.,1.,0.));
#7774=DIRECTION('ref_axis',(0.,0.,1.));
#7775=DIRECTION('',(0.,0.,1.));
#7776=DIRECTION('',(1.,0.,0.));
#7777=DIRECTION('center_axis',(0.946059486625335,-0.323992974871692,0.));
#7778=DIRECTION('ref_axis',(0.,0.,-1.));
#7779=DIRECTION('',(0.,0.,1.));
#7780=DIRECTION('',(-0.323992974871692,-0.946059486625334,0.));
#7781=DIRECTION('center_axis',(0.,-1.,0.));
#7782=DIRECTION('ref_axis',(0.,0.,-1.));
#7783=DIRECTION('',(0.,0.,1.));
#7784=DIRECTION('',(-1.,0.,0.));
#7785=DIRECTION('center_axis',(-0.946903629599297,0.321517520909324,0.));
#7786=DIRECTION('ref_axis',(0.,0.,1.));
#7787=DIRECTION('',(0.,0.,1.));
#7788=DIRECTION('',(0.321517520909324,0.946903629599297,0.));
#7789=DIRECTION('center_axis',(0.,1.,0.));
#7790=DIRECTION('ref_axis',(0.,0.,1.));
#7791=DIRECTION('',(0.,0.,1.));
#7792=DIRECTION('',(1.,0.,0.));
#7793=DIRECTION('center_axis',(0.948031961081808,-0.318175110226084,0.));
#7794=DIRECTION('ref_axis',(0.,0.,-1.));
#7795=DIRECTION('',(0.,0.,1.));
#7796=DIRECTION('',(-0.318175110226084,-0.948031961081808,0.));
#7797=DIRECTION('center_axis',(0.,-1.,0.));
#7798=DIRECTION('ref_axis',(0.,0.,-1.));
#7799=DIRECTION('',(0.,0.,1.));
#7800=DIRECTION('',(-1.,0.,0.));
#7801=DIRECTION('center_axis',(0.94670443335799,-0.32210357939695,0.));
#7802=DIRECTION('ref_axis',(0.,0.,-1.));
#7803=DIRECTION('',(0.,0.,1.));
#7804=DIRECTION('',(-0.32210357939695,-0.94670443335799,0.));
#7805=DIRECTION('center_axis',(0.,1.,0.));
#7806=DIRECTION('ref_axis',(0.,0.,1.));
#7807=DIRECTION('',(0.,0.,1.));
#7808=DIRECTION('',(1.,0.,0.));
#7809=DIRECTION('center_axis',(0.946059486625336,-0.323992974871687,0.));
#7810=DIRECTION('ref_axis',(0.,0.,-1.));
#7811=DIRECTION('',(0.,0.,1.));
#7812=DIRECTION('',(-0.323992974871687,-0.946059486625336,0.));
#7813=DIRECTION('center_axis',(0.,-1.,0.));
#7814=DIRECTION('ref_axis',(0.,0.,-1.));
#7815=DIRECTION('',(-1.,0.,0.));
#7816=DIRECTION('center_axis',(0.946241776499073,-0.323460199109378,0.));
#7817=DIRECTION('ref_axis',(0.,0.,-1.));
#7818=DIRECTION('',(0.323460199109378,0.946241776499073,0.));
#7819=DIRECTION('',(0.,0.,1.));
#7820=DIRECTION('',(-0.323460199109378,-0.946241776499073,0.));
#7821=DIRECTION('',(0.,0.,1.));
#7822=DIRECTION('',(0.,0.,1.));
#7823=DIRECTION('',(0.,0.,1.));
#7824=DIRECTION('',(0.,0.,1.));
#7825=DIRECTION('',(0.,0.,1.));
#7826=DIRECTION('',(0.,0.,1.));
#7827=DIRECTION('',(0.,0.,1.));
#7828=DIRECTION('',(0.,0.,1.));
#7829=DIRECTION('',(0.,0.,1.));
#7830=DIRECTION('center_axis',(0.,1.,0.));
#7831=DIRECTION('ref_axis',(0.,0.,1.));
#7832=DIRECTION('',(-1.,0.,0.));
#7833=DIRECTION('',(1.,0.,0.));
#7834=DIRECTION('',(0.,0.,1.));
#7835=DIRECTION('center_axis',(-0.946828762283359,0.321737928931237,0.));
#7836=DIRECTION('ref_axis',(0.,0.,1.));
#7837=DIRECTION('',(-0.321737928931237,-0.946828762283359,0.));
#7838=DIRECTION('',(0.321737928931237,0.946828762283359,0.));
#7839=DIRECTION('',(0.,0.,1.));
#7840=DIRECTION('',(0.,0.,1.));
#7841=DIRECTION('',(0.,0.,1.));
#7842=DIRECTION('',(0.,0.,1.));
#7843=DIRECTION('',(0.,0.,1.));
#7844=DIRECTION('',(0.,0.,1.));
#7845=DIRECTION('',(0.,0.,1.));
#7846=DIRECTION('',(0.,0.,1.));
#7847=DIRECTION('',(0.,0.,1.));
#7848=DIRECTION('center_axis',(0.,-1.,0.));
#7849=DIRECTION('ref_axis',(0.,0.,-1.));
#7850=DIRECTION('',(1.,0.,0.));
#7851=DIRECTION('',(-1.,0.,0.));
#7852=DIRECTION('center_axis',(0.,0.,1.));
#7853=DIRECTION('ref_axis',(1.,0.,0.));
#7854=DIRECTION('center_axis',(0.,0.,1.));
#7855=DIRECTION('ref_axis',(1.,0.,0.));
#7856=DIRECTION('',(-1.,0.,0.));
#7857=DIRECTION('',(-0.560417704292711,-0.828210116284079,0.));
#7858=DIRECTION('',(1.,0.,0.));
#7859=DIRECTION('',(0.553027176974363,0.833163214219019,0.));
#7860=DIRECTION('',(1.,0.,0.));
#7861=DIRECTION('',(-0.0144912318345953,-0.9998949965871,0.));
#7862=DIRECTION('',(1.,0.,0.));
#7863=DIRECTION('',(0.002431111130093,0.99999704484497,0.));
#7864=DIRECTION('',(-1.,0.,0.));
#7865=DIRECTION('',(0.554369580246127,0.832270610136951,0.));
#7866=DIRECTION('',(-0.0120473184147725,-0.99992742842619,0.));
#7867=DIRECTION('center_axis',(-0.832270610136951,0.554369580246127,0.));
#7868=DIRECTION('ref_axis',(0.,0.,1.));
#7869=DIRECTION('',(0.,0.,1.));
#7870=DIRECTION('',(-0.554369580246127,-0.832270610136951,0.));
#7871=DIRECTION('',(0.,0.,1.));
#7872=DIRECTION('center_axis',(0.,-1.,0.));
#7873=DIRECTION('ref_axis',(0.,0.,-1.));
#7874=DIRECTION('',(0.,0.,1.));
#7875=DIRECTION('',(1.,0.,0.));
#7876=DIRECTION('center_axis',(0.833163214219019,-0.553027176974363,0.));
#7877=DIRECTION('ref_axis',(0.,0.,-1.));
#7878=DIRECTION('',(0.,0.,1.));
#7879=DIRECTION('',(-0.553027176974363,-0.833163214219019,0.));
#7880=DIRECTION('',(0.,0.,1.));
#7881=DIRECTION('center_axis',(0.,-1.,0.));
#7882=DIRECTION('ref_axis',(0.,0.,-1.));
#7883=DIRECTION('',(0.,0.,1.));
#7884=DIRECTION('',(-1.,0.,0.));
#7885=DIRECTION('center_axis',(-0.828210116284079,0.560417704292711,0.));
#7886=DIRECTION('ref_axis',(0.,0.,1.));
#7887=DIRECTION('',(0.,0.,1.));
#7888=DIRECTION('',(0.560417704292711,0.828210116284079,0.));
#7889=DIRECTION('center_axis',(0.,1.,0.));
#7890=DIRECTION('ref_axis',(0.,0.,1.));
#7891=DIRECTION('',(0.,0.,1.));
#7892=DIRECTION('',(1.,0.,0.));
#7893=DIRECTION('center_axis',(0.99992742842619,-0.0120473184147725,0.));
#7894=DIRECTION('ref_axis',(0.,0.,-1.));
#7895=DIRECTION('',(0.0120473184147725,0.99992742842619,0.));
#7896=DIRECTION('center_axis',(0.99999704484497,-0.002431111130093,0.));
#7897=DIRECTION('ref_axis',(0.,0.,-1.));
#7898=DIRECTION('',(0.,0.,1.));
#7899=DIRECTION('',(-0.002431111130093,-0.99999704484497,0.));
#7900=DIRECTION('center_axis',(0.,-1.,0.));
#7901=DIRECTION('ref_axis',(0.,0.,-1.));
#7902=DIRECTION('',(0.,0.,1.));
#7903=DIRECTION('',(-1.,0.,0.));
#7904=DIRECTION('center_axis',(-0.9998949965871,0.0144912318345953,0.));
#7905=DIRECTION('ref_axis',(0.,0.,1.));
#7906=DIRECTION('',(0.,0.,1.));
#7907=DIRECTION('',(0.0144912318345953,0.9998949965871,0.));
#7908=DIRECTION('center_axis',(0.,-1.,0.));
#7909=DIRECTION('ref_axis',(0.,0.,-1.));
#7910=DIRECTION('',(-1.,0.,0.));
#7911=DIRECTION('center_axis',(0.,1.,0.));
#7912=DIRECTION('ref_axis',(0.,0.,1.));
#7913=DIRECTION('',(-1.,0.,0.));
#7914=DIRECTION('',(0.,0.,1.));
#7915=DIRECTION('',(1.,0.,0.));
#7916=DIRECTION('',(0.,0.,1.));
#7917=DIRECTION('center_axis',(-0.946903629599297,0.321517520909324,0.));
#7918=DIRECTION('ref_axis',(0.,0.,1.));
#7919=DIRECTION('',(-0.321517520909324,-0.946903629599297,0.));
#7920=DIRECTION('',(0.321517520909324,0.946903629599297,0.));
#7921=DIRECTION('',(0.,0.,1.));
#7922=DIRECTION('center_axis',(0.,-1.,0.));
#7923=DIRECTION('ref_axis',(0.,0.,-1.));
#7924=DIRECTION('',(1.,0.,0.));
#7925=DIRECTION('',(-1.,0.,0.));
#7926=DIRECTION('',(0.,0.,1.));
#7927=DIRECTION('center_axis',(0.946737480160607,-0.322006434189045,0.));
#7928=DIRECTION('ref_axis',(0.,0.,-1.));
#7929=DIRECTION('',(0.322006434189045,0.946737480160607,0.));
#7930=DIRECTION('',(-0.322006434189045,-0.946737480160607,0.));
#7931=DIRECTION('',(0.,0.,1.));
#7932=DIRECTION('center_axis',(0.,-1.,0.));
#7933=DIRECTION('ref_axis',(0.,0.,-1.));
#7934=DIRECTION('',(1.,0.,0.));
#7935=DIRECTION('',(-1.,0.,0.));
#7936=DIRECTION('',(0.,0.,1.));
#7937=DIRECTION('',(0.,0.,1.));
#7938=DIRECTION('',(0.,0.,1.));
#7939=DIRECTION('',(0.,0.,1.));
#7940=DIRECTION('center_axis',(0.,1.,0.));
#7941=DIRECTION('ref_axis',(0.,0.,1.));
#7942=DIRECTION('',(1.,0.,0.));
#7943=DIRECTION('',(0.,0.,1.));
#7944=DIRECTION('',(-1.,0.,0.));
#7945=DIRECTION('center_axis',(-0.910493445913294,-0.41352349987508,0.));
#7946=DIRECTION('ref_axis',(0.,0.,1.));
#7947=DIRECTION('',(0.41352349987508,-0.910493445913294,0.));
#7948=DIRECTION('',(-0.41352349987508,0.910493445913294,0.));
#7949=DIRECTION('',(0.,0.,1.));
#7950=DIRECTION('center_axis',(0.,-1.,0.));
#7951=DIRECTION('ref_axis',(0.,0.,-1.));
#7952=DIRECTION('',(1.,0.,0.));
#7953=DIRECTION('',(-1.,0.,0.));
#7954=DIRECTION('',(0.,0.,1.));
#7955=DIRECTION('center_axis',(0.902674006159709,0.430325038318224,0.));
#7956=DIRECTION('ref_axis',(0.,0.,-1.));
#7957=DIRECTION('',(-0.430325038318224,0.902674006159709,0.));
#7958=DIRECTION('',(0.430325038318224,-0.902674006159709,0.));
#7959=DIRECTION('',(0.,0.,1.));
#7960=DIRECTION('',(0.,0.,1.));
#7961=DIRECTION('',(0.,0.,1.));
#7962=DIRECTION('',(0.,0.,1.));
#7963=DIRECTION('',(0.,0.,1.));
#7964=DIRECTION('center_axis',(0.,-1.,0.));
#7965=DIRECTION('ref_axis',(0.,0.,-1.));
#7966=DIRECTION('',(-1.,0.,0.));
#7967=DIRECTION('',(1.,0.,0.));
#7968=DIRECTION('',(0.,0.,1.));
#7969=DIRECTION('center_axis',(-0.946623418320371,0.322341595031506,0.));
#7970=DIRECTION('ref_axis',(0.,0.,1.));
#7971=DIRECTION('',(0.322341595031506,0.946623418320371,0.));
#7972=DIRECTION('',(-0.322341595031506,-0.946623418320371,0.));
#7973=DIRECTION('center_axis',(0.,0.,1.));
#7974=DIRECTION('ref_axis',(1.,0.,0.));
#7975=DIRECTION('center_axis',(0.,0.,1.));
#7976=DIRECTION('ref_axis',(1.,0.,0.));
#7977=DIRECTION('',(-0.321517520909324,-0.946903629599297,0.));
#7978=DIRECTION('',(1.,0.,0.));
#7979=DIRECTION('',(0.323992974871691,0.946059486625335,0.));
#7980=DIRECTION('',(-1.,0.,0.));
#7981=DIRECTION('',(0.321184833233782,0.947016527258415,0.));
#7982=DIRECTION('',(-1.,0.,0.));
#7983=DIRECTION('center_axis',(0.946059486625335,-0.323992974871691,0.));
#7984=DIRECTION('ref_axis',(0.,0.,-1.));
#7985=DIRECTION('',(0.,0.,1.));
#7986=DIRECTION('',(-0.323992974871691,-0.946059486625335,0.));
#7987=DIRECTION('',(0.,0.,1.));
#7988=DIRECTION('center_axis',(0.,-1.,0.));
#7989=DIRECTION('ref_axis',(0.,0.,-1.));
#7990=DIRECTION('',(0.,0.,1.));
#7991=DIRECTION('',(-1.,0.,0.));
#7992=DIRECTION('center_axis',(-0.946903629599297,0.321517520909324,0.));
#7993=DIRECTION('ref_axis',(0.,0.,1.));
#7994=DIRECTION('',(0.,0.,1.));
#7995=DIRECTION('',(0.321517520909324,0.946903629599297,0.));
#7996=DIRECTION('center_axis',(0.,1.,0.));
#7997=DIRECTION('ref_axis',(0.,0.,1.));
#7998=DIRECTION('',(0.,0.,1.));
#7999=DIRECTION('',(1.,0.,0.));
#8000=DIRECTION('center_axis',(0.947016527258415,-0.321184833233782,0.));
#8001=DIRECTION('ref_axis',(0.,0.,-1.));
#8002=DIRECTION('',(0.,0.,1.));
#8003=DIRECTION('',(-0.321184833233782,-0.947016527258415,0.));
#8004=DIRECTION('center_axis',(0.,1.,0.));
#8005=DIRECTION('ref_axis',(0.,0.,1.));
#8006=DIRECTION('',(1.,0.,0.));
#8007=DIRECTION('center_axis',(0.948683298050514,-0.316227766016837,0.));
#8008=DIRECTION('ref_axis',(0.,0.,-1.));
#8009=DIRECTION('',(0.316227766016837,0.948683298050514,0.));
#8010=DIRECTION('',(0.,0.,1.));
#8011=DIRECTION('',(-0.316227766016837,-0.948683298050514,0.));
#8012=DIRECTION('',(0.,0.,1.));
#8013=DIRECTION('center_axis',(0.,1.,0.));
#8014=DIRECTION('ref_axis',(0.,0.,1.));
#8015=DIRECTION('',(-1.,0.,0.));
#8016=DIRECTION('',(1.,0.,0.));
#8017=DIRECTION('',(0.,0.,1.));
#8018=DIRECTION('center_axis',(-0.948683298050513,0.31622776601684,0.));
#8019=DIRECTION('ref_axis',(0.,0.,1.));
#8020=DIRECTION('',(-0.31622776601684,-0.948683298050513,0.));
#8021=DIRECTION('',(0.31622776601684,0.948683298050513,0.));
#8022=DIRECTION('',(0.,0.,1.));
#8023=DIRECTION('center_axis',(0.,-1.,0.));
#8024=DIRECTION('ref_axis',(0.,0.,-1.));
#8025=DIRECTION('',(1.,0.,0.));
#8026=DIRECTION('',(-1.,0.,0.));
#8027=DIRECTION('',(0.,0.,1.));
#8028=DIRECTION('center_axis',(-0.946737480160607,0.322006434189045,0.));
#8029=DIRECTION('ref_axis',(0.,0.,1.));
#8030=DIRECTION('',(-0.322006434189045,-0.946737480160607,0.));
#8031=DIRECTION('',(0.322006434189045,0.946737480160607,0.));
#8032=DIRECTION('',(0.,0.,1.));
#8033=DIRECTION('center_axis',(0.,1.,0.));
#8034=DIRECTION('ref_axis',(0.,0.,1.));
#8035=DIRECTION('',(-1.,0.,0.));
#8036=DIRECTION('',(1.,0.,0.));
#8037=DIRECTION('',(0.,0.,1.));
#8038=DIRECTION('center_axis',(-0.946405865397736,0.322979779461133,0.));
#8039=DIRECTION('ref_axis',(0.,0.,1.));
#8040=DIRECTION('',(-0.322979779461133,-0.946405865397736,0.));
#8041=DIRECTION('',(0.322979779461133,0.946405865397736,0.));
#8042=DIRECTION('',(0.,0.,1.));
#8043=DIRECTION('center_axis',(0.,-1.,0.));
#8044=DIRECTION('ref_axis',(0.,0.,-1.));
#8045=DIRECTION('',(1.,0.,0.));
#8046=DIRECTION('',(-1.,0.,0.));
#8047=DIRECTION('',(0.,0.,1.));
#8048=DIRECTION('center_axis',(0.946405865397736,-0.322979779461133,0.));
#8049=DIRECTION('ref_axis',(0.,0.,-1.));
#8050=DIRECTION('',(0.322979779461133,0.946405865397736,0.));
#8051=DIRECTION('',(-0.322979779461133,-0.946405865397736,0.));
#8052=DIRECTION('',(0.,0.,1.));
#8053=DIRECTION('center_axis',(0.,1.,0.));
#8054=DIRECTION('ref_axis',(0.,0.,1.));
#8055=DIRECTION('',(-1.,0.,0.));
#8056=DIRECTION('',(1.,0.,0.));
#8057=DIRECTION('',(0.,0.,1.));
#8058=DIRECTION('center_axis',(0.946737480160607,-0.322006434189045,0.));
#8059=DIRECTION('ref_axis',(0.,0.,-1.));
#8060=DIRECTION('',(0.322006434189045,0.946737480160607,0.));
#8061=DIRECTION('',(-0.322006434189045,-0.946737480160607,0.));
#8062=DIRECTION('',(0.,0.,1.));
#8063=DIRECTION('center_axis',(0.,-1.,0.));
#8064=DIRECTION('ref_axis',(0.,0.,-1.));
#8065=DIRECTION('',(1.,0.,0.));
#8066=DIRECTION('',(-1.,0.,0.));
#8067=DIRECTION('center_axis',(0.,0.,1.));
#8068=DIRECTION('ref_axis',(1.,0.,0.));
#8069=DIRECTION('center_axis',(0.,0.,1.));
#8070=DIRECTION('ref_axis',(1.,0.,0.));
#8071=DIRECTION('',(0.321020582854869,0.947072217617812,0.));
#8072=DIRECTION('',(-1.,0.,0.));
#8073=DIRECTION('',(-0.321727281652333,-0.946832380223976,0.));
#8074=DIRECTION('',(0.321020582854869,0.947072217617812,0.));
#8075=DIRECTION('',(-1.,0.,0.));
#8076=DIRECTION('',(-0.321020582854869,-0.947072217617812,0.));
#8077=DIRECTION('center_axis',(-0.946832380223976,0.321727281652333,0.));
#8078=DIRECTION('ref_axis',(0.,0.,1.));
#8079=DIRECTION('',(0.,0.,1.));
#8080=DIRECTION('',(0.321727281652333,0.946832380223976,0.));
#8081=DIRECTION('',(0.,0.,1.));
#8082=DIRECTION('center_axis',(0.,1.,0.));
#8083=DIRECTION('ref_axis',(0.,0.,1.));
#8084=DIRECTION('',(0.,0.,1.));
#8085=DIRECTION('',(1.,0.,0.));
#8086=DIRECTION('center_axis',(0.947072217617812,-0.321020582854869,0.));
#8087=DIRECTION('ref_axis',(0.,0.,-1.));
#8088=DIRECTION('',(0.,0.,1.));
#8089=DIRECTION('',(-0.321020582854869,-0.947072217617812,0.));
#8090=DIRECTION('',(0.,0.,1.));
#8091=DIRECTION('',(0.,0.,1.));
#8092=DIRECTION('',(0.,0.,1.));
#8093=DIRECTION('',(0.,0.,1.));
#8094=DIRECTION('center_axis',(-0.947072217617812,0.321020582854869,0.));
#8095=DIRECTION('ref_axis',(0.,0.,1.));
#8096=DIRECTION('',(0.,0.,1.));
#8097=DIRECTION('',(0.321020582854869,0.947072217617812,0.));
#8098=DIRECTION('center_axis',(0.,1.,0.));
#8099=DIRECTION('ref_axis',(0.,0.,1.));
#8100=DIRECTION('',(0.,0.,1.));
#8101=DIRECTION('',(1.,0.,0.));
#8102=DIRECTION('center_axis',(0.947072217617812,-0.321020582854869,0.));
#8103=DIRECTION('ref_axis',(0.,0.,-1.));
#8104=DIRECTION('',(0.,0.,1.));
#8105=DIRECTION('',(-0.321020582854869,-0.947072217617812,0.));
#8106=DIRECTION('',(0.,0.,1.));
#8107=DIRECTION('',(0.,0.,1.));
#8108=DIRECTION('',(0.,0.,1.));
#8109=DIRECTION('center_axis',(0.986037027980662,0.166526212504411,0.));
#8110=DIRECTION('ref_axis',(0.,0.,-1.));
#8111=DIRECTION('',(-0.16652621250441,0.986037027980662,0.));
#8112=DIRECTION('',(0.,0.,1.));
#8113=DIRECTION('',(0.16652621250441,-0.986037027980662,0.));
#8114=DIRECTION('',(0.,0.,1.));
#8115=DIRECTION('center_axis',(0.,1.,0.));
#8116=DIRECTION('ref_axis',(0.,0.,1.));
#8117=DIRECTION('',(-1.,0.,0.));
#8118=DIRECTION('',(1.,0.,0.));
#8119=DIRECTION('',(0.,0.,1.));
#8120=DIRECTION('center_axis',(-0.946903629599297,0.321517520909324,0.));
#8121=DIRECTION('ref_axis',(0.,0.,1.));
#8122=DIRECTION('',(-0.321517520909324,-0.946903629599297,0.));
#8123=DIRECTION('',(0.321517520909324,0.946903629599297,0.));
#8124=DIRECTION('',(0.,0.,1.));
#8125=DIRECTION('center_axis',(0.,-1.,0.));
#8126=DIRECTION('ref_axis',(0.,0.,-1.));
#8127=DIRECTION('',(1.,0.,0.));
#8128=DIRECTION('',(-1.,0.,0.));
#8129=DIRECTION('',(0.,0.,1.));
#8130=DIRECTION('center_axis',(0.94670764421634,-0.322094142111198,0.));
#8131=DIRECTION('ref_axis',(0.,0.,-1.));
#8132=DIRECTION('',(0.322094142111198,0.946707644216339,0.));
#8133=DIRECTION('',(-0.322094142111198,-0.946707644216339,0.));
#8134=DIRECTION('',(0.,0.,1.));
#8135=DIRECTION('center_axis',(-0.985374438505344,-0.170403098388142,0.));
#8136=DIRECTION('ref_axis',(0.,0.,1.));
#8137=DIRECTION('',(0.170403098388142,-0.985374438505344,0.));
#8138=DIRECTION('',(-0.170403098388142,0.985374438505344,0.));
#8139=DIRECTION('',(0.,0.,1.));
#8140=DIRECTION('center_axis',(0.,-1.,0.));
#8141=DIRECTION('ref_axis',(0.,0.,-1.));
#8142=DIRECTION('',(1.,0.,0.));
#8143=DIRECTION('',(-1.,0.,0.));
#8144=DIRECTION('',(0.,0.,1.));
#8145=DIRECTION('center_axis',(0.946903629599297,-0.321517520909324,0.));
#8146=DIRECTION('ref_axis',(0.,0.,-1.));
#8147=DIRECTION('',(0.321517520909324,0.946903629599297,0.));
#8148=DIRECTION('',(-0.321517520909324,-0.946903629599297,0.));
#8149=DIRECTION('',(0.,0.,1.));
#8150=DIRECTION('center_axis',(0.,1.,0.));
#8151=DIRECTION('ref_axis',(0.,0.,1.));
#8152=DIRECTION('',(-1.,0.,0.));
#8153=DIRECTION('',(1.,0.,0.));
#8154=DIRECTION('',(0.,0.,1.));
#8155=DIRECTION('center_axis',(-0.946825896009149,0.321746363843436,0.));
#8156=DIRECTION('ref_axis',(0.,0.,1.));
#8157=DIRECTION('',(-0.321746363843436,-0.946825896009149,0.));
#8158=DIRECTION('',(0.321746363843436,0.946825896009149,0.));
#8159=DIRECTION('center_axis',(0.,0.,1.));
#8160=DIRECTION('ref_axis',(1.,0.,0.));
#8161=DIRECTION('center_axis',(0.,0.,1.));
#8162=DIRECTION('ref_axis',(1.,0.,0.));
#8163=DIRECTION('',(0.31622776601691,0.94868329805049,0.));
#8164=DIRECTION('',(-1.,0.,0.));
#8165=DIRECTION('',(-0.321517520909324,-0.946903629599297,0.));
#8166=DIRECTION('',(1.,0.,0.));
#8167=DIRECTION('',(-1.,0.,0.));
#8168=DIRECTION('',(0.321828285792445,0.946798053686158,0.));
#8169=DIRECTION('',(1.,0.,0.));
#8170=DIRECTION('',(-1.,0.,0.));
#8171=DIRECTION('',(0.322513760129193,0.946564775663731,0.));
#8172=DIRECTION('',(1.,0.,0.));
#8173=DIRECTION('center_axis',(-0.946564775663731,0.322513760129193,0.));
#8174=DIRECTION('ref_axis',(0.,0.,1.));
#8175=DIRECTION('',(0.,0.,1.));
#8176=DIRECTION('',(-0.322513760129193,-0.946564775663731,0.));
#8177=DIRECTION('',(0.,0.,1.));
#8178=DIRECTION('center_axis',(0.,-1.,0.));
#8179=DIRECTION('ref_axis',(0.,0.,-1.));
#8180=DIRECTION('',(0.,0.,1.));
#8181=DIRECTION('',(1.,0.,0.));
#8182=DIRECTION('',(0.,0.,1.));
#8183=DIRECTION('',(0.,0.,1.));
#8184=DIRECTION('center_axis',(-0.946798053686158,0.321828285792445,0.));
#8185=DIRECTION('ref_axis',(0.,0.,1.));
#8186=DIRECTION('',(0.,0.,1.));
#8187=DIRECTION('',(-0.321828285792445,-0.946798053686158,0.));
#8188=DIRECTION('',(0.,0.,1.));
#8189=DIRECTION('center_axis',(0.,-1.,0.));
#8190=DIRECTION('ref_axis',(0.,0.,-1.));
#8191=DIRECTION('',(0.,0.,1.));
#8192=DIRECTION('',(1.,0.,0.));
#8193=DIRECTION('',(0.,0.,1.));
#8194=DIRECTION('',(0.,0.,1.));
#8195=DIRECTION('',(0.,0.,1.));
#8196=DIRECTION('',(0.,0.,1.));
#8197=DIRECTION('center_axis',(0.94868329805049,-0.31622776601691,0.));
#8198=DIRECTION('ref_axis',(0.,0.,-1.));
#8199=DIRECTION('',(0.,0.,1.));
#8200=DIRECTION('',(-0.31622776601691,-0.94868329805049,0.));
#8201=DIRECTION('',(0.,0.,1.));
#8202=DIRECTION('',(0.,0.,1.));
#8203=DIRECTION('',(0.,0.,1.));
#8204=DIRECTION('center_axis',(0.,1.,0.));
#8205=DIRECTION('ref_axis',(0.,0.,1.));
#8206=DIRECTION('',(-1.,0.,0.));
#8207=DIRECTION('',(0.,0.,1.));
#8208=DIRECTION('',(0.,0.,1.));
#8209=DIRECTION('center_axis',(0.,1.,0.));
#8210=DIRECTION('ref_axis',(0.,0.,1.));
#8211=DIRECTION('',(-1.,0.,0.));
#8212=DIRECTION('',(0.,0.,1.));
#8213=DIRECTION('',(0.,0.,1.));
#8214=DIRECTION('center_axis',(0.,-1.,0.));
#8215=DIRECTION('ref_axis',(0.,0.,-1.));
#8216=DIRECTION('',(0.,0.,1.));
#8217=DIRECTION('',(-1.,0.,0.));
#8218=DIRECTION('center_axis',(-0.946903629599297,0.321517520909324,0.));
#8219=DIRECTION('ref_axis',(0.,0.,1.));
#8220=DIRECTION('',(0.,0.,1.));
#8221=DIRECTION('',(0.321517520909324,0.946903629599297,0.));
#8222=DIRECTION('center_axis',(0.,1.,0.));
#8223=DIRECTION('ref_axis',(0.,0.,1.));
#8224=DIRECTION('',(0.,0.,1.));
#8225=DIRECTION('',(1.,0.,0.));
#8226=DIRECTION('',(0.,0.,1.));
#8227=DIRECTION('center_axis',(-0.946903629599297,0.321517520909324,0.));
#8228=DIRECTION('ref_axis',(0.,0.,1.));
#8229=DIRECTION('',(-0.321517520909324,-0.946903629599297,0.));
#8230=DIRECTION('',(0.,0.,1.));
#8231=DIRECTION('',(0.321517520909324,0.946903629599297,0.));
#8232=DIRECTION('',(0.,0.,1.));
#8233=DIRECTION('center_axis',(0.,-1.,0.));
#8234=DIRECTION('ref_axis',(0.,0.,-1.));
#8235=DIRECTION('',(1.,0.,0.));
#8236=DIRECTION('',(-1.,0.,0.));
#8237=DIRECTION('',(0.,0.,1.));
#8238=DIRECTION('center_axis',(0.946886706324603,-0.321567357463012,0.));
#8239=DIRECTION('ref_axis',(0.,0.,-1.));
#8240=DIRECTION('',(0.321567357463012,0.946886706324603,0.));
#8241=DIRECTION('',(-0.321567357463012,-0.946886706324603,0.));
#8242=DIRECTION('',(0.,0.,1.));
#8243=DIRECTION('center_axis',(-0.99480290159291,-0.101819384118777,0.));
#8244=DIRECTION('ref_axis',(0.,0.,1.));
#8245=DIRECTION('',(0.101819384118777,-0.99480290159291,0.));
#8246=DIRECTION('',(-0.101819384118777,0.99480290159291,0.));
#8247=DIRECTION('',(0.,0.,1.));
#8248=DIRECTION('center_axis',(0.,-1.,0.));
#8249=DIRECTION('ref_axis',(0.,0.,-1.));
#8250=DIRECTION('',(1.,0.,0.));
#8251=DIRECTION('',(-1.,0.,0.));
#8252=DIRECTION('',(0.,0.,1.));
#8253=DIRECTION('center_axis',(0.786884504964358,-0.617100296424331,0.));
#8254=DIRECTION('ref_axis',(0.,0.,-1.));
#8255=DIRECTION('',(0.617100296424331,0.786884504964358,0.));
#8256=DIRECTION('',(-0.617100296424331,-0.786884504964358,0.));
#8257=DIRECTION('',(0.,0.,1.));
#8258=DIRECTION('center_axis',(-0.946886706324603,0.321567357463012,0.));
#8259=DIRECTION('ref_axis',(0.,0.,1.));
#8260=DIRECTION('',(-0.321567357463012,-0.946886706324603,0.));
#8261=DIRECTION('',(0.321567357463012,0.946886706324603,0.));
#8262=DIRECTION('',(0.,0.,1.));
#8263=DIRECTION('center_axis',(0.,-1.,0.));
#8264=DIRECTION('ref_axis',(0.,0.,-1.));
#8265=DIRECTION('',(1.,0.,0.));
#8266=DIRECTION('',(-1.,0.,0.));
#8267=DIRECTION('',(0.,0.,1.));
#8268=DIRECTION('center_axis',(0.946903629599297,-0.321517520909324,0.));
#8269=DIRECTION('ref_axis',(0.,0.,-1.));
#8270=DIRECTION('',(0.321517520909324,0.946903629599297,0.));
#8271=DIRECTION('',(-0.321517520909324,-0.946903629599297,0.));
#8272=DIRECTION('',(0.,0.,1.));
#8273=DIRECTION('center_axis',(0.,1.,0.));
#8274=DIRECTION('ref_axis',(0.,0.,1.));
#8275=DIRECTION('',(-1.,0.,0.));
#8276=DIRECTION('',(1.,0.,0.));
#8277=DIRECTION('',(0.,0.,1.));
#8278=DIRECTION('center_axis',(-0.791209010754313,0.611545829272984,0.));
#8279=DIRECTION('ref_axis',(0.,0.,1.));
#8280=DIRECTION('',(-0.611545829272984,-0.791209010754313,0.));
#8281=DIRECTION('',(0.611545829272984,0.791209010754313,0.));
#8282=DIRECTION('',(0.,0.,1.));
#8283=DIRECTION('center_axis',(0.994093664524077,0.108525509227519,0.));
#8284=DIRECTION('ref_axis',(0.,0.,-1.));
#8285=DIRECTION('',(-0.108525509227519,0.994093664524077,0.));
#8286=DIRECTION('',(0.108525509227519,-0.994093664524077,0.));
#8287=DIRECTION('',(0.,0.,1.));
#8288=DIRECTION('center_axis',(0.,1.,0.));
#8289=DIRECTION('ref_axis',(0.,0.,1.));
#8290=DIRECTION('',(-1.,0.,0.));
#8291=DIRECTION('',(1.,0.,0.));
#8292=DIRECTION('center_axis',(0.,0.,1.));
#8293=DIRECTION('ref_axis',(1.,0.,0.));
#8294=DIRECTION('center_axis',(0.,0.,1.));
#8295=DIRECTION('ref_axis',(1.,0.,0.));
#8296=DIRECTION('',(0.41352349987508,-0.910493445913294,0.));
#8297=DIRECTION('',(1.,0.,0.));
#8298=DIRECTION('',(-0.430325038318224,0.902674006159709,0.));
#8299=DIRECTION('',(-1.,0.,0.));
#8300=DIRECTION('',(-0.321517520909324,-0.946903629599297,0.));
#8301=DIRECTION('',(1.,0.,0.));
#8302=DIRECTION('',(0.322006434189045,0.946737480160607,0.));
#8303=DIRECTION('',(1.,0.,0.));
#8304=DIRECTION('',(-1.,0.,0.));
#8305=DIRECTION('',(0.322341595031506,0.946623418320371,0.));
#8306=DIRECTION('',(1.,0.,0.));
#8307=DIRECTION('center_axis',(-0.946623418320371,0.322341595031506,0.));
#8308=DIRECTION('ref_axis',(0.,0.,1.));
#8309=DIRECTION('',(0.,0.,1.));
#8310=DIRECTION('',(-0.322341595031506,-0.946623418320371,0.));
#8311=DIRECTION('',(0.,0.,1.));
#8312=DIRECTION('center_axis',(0.,-1.,0.));
#8313=DIRECTION('ref_axis',(0.,0.,-1.));
#8314=DIRECTION('',(0.,0.,1.));
#8315=DIRECTION('',(1.,0.,0.));
#8316=DIRECTION('',(0.,0.,1.));
#8317=DIRECTION('',(0.,0.,1.));
#8318=DIRECTION('',(0.,0.,1.));
#8319=DIRECTION('',(0.,0.,1.));
#8320=DIRECTION('',(0.,0.,1.));
#8321=DIRECTION('',(0.,0.,1.));
#8322=DIRECTION('center_axis',(0.902674006159709,0.430325038318224,0.));
#8323=DIRECTION('ref_axis',(0.,0.,-1.));
#8324=DIRECTION('',(0.,0.,1.));
#8325=DIRECTION('',(0.430325038318224,-0.902674006159709,0.));
#8326=DIRECTION('center_axis',(0.,-1.,0.));
#8327=DIRECTION('ref_axis',(0.,0.,-1.));
#8328=DIRECTION('',(0.,0.,1.));
#8329=DIRECTION('',(-1.,0.,0.));
#8330=DIRECTION('center_axis',(-0.910493445913294,-0.41352349987508,0.));
#8331=DIRECTION('ref_axis',(0.,0.,1.));
#8332=DIRECTION('',(0.,0.,1.));
#8333=DIRECTION('',(-0.41352349987508,0.910493445913294,0.));
#8334=DIRECTION('center_axis',(0.,1.,0.));
#8335=DIRECTION('ref_axis',(0.,0.,1.));
#8336=DIRECTION('',(-1.,0.,0.));
#8337=DIRECTION('',(0.,0.,1.));
#8338=DIRECTION('',(0.,0.,1.));
#8339=DIRECTION('center_axis',(0.,-1.,0.));
#8340=DIRECTION('ref_axis',(0.,0.,-1.));
#8341=DIRECTION('',(0.,0.,1.));
#8342=DIRECTION('',(-1.,0.,0.));
#8343=DIRECTION('center_axis',(0.946737480160607,-0.322006434189045,0.));
#8344=DIRECTION('ref_axis',(0.,0.,-1.));
#8345=DIRECTION('',(0.,0.,1.));
#8346=DIRECTION('',(-0.322006434189045,-0.946737480160607,0.));
#8347=DIRECTION('center_axis',(0.,-1.,0.));
#8348=DIRECTION('ref_axis',(0.,0.,-1.));
#8349=DIRECTION('',(0.,0.,1.));
#8350=DIRECTION('',(-1.,0.,0.));
#8351=DIRECTION('center_axis',(-0.946903629599297,0.321517520909324,0.));
#8352=DIRECTION('ref_axis',(0.,0.,1.));
#8353=DIRECTION('',(0.,0.,1.));
#8354=DIRECTION('',(0.321517520909324,0.946903629599297,0.));
#8355=DIRECTION('center_axis',(0.,1.,0.));
#8356=DIRECTION('ref_axis',(0.,0.,1.));
#8357=DIRECTION('',(1.,0.,0.));
#8358=DIRECTION('center_axis',(0.,-1.,0.));
#8359=DIRECTION('ref_axis',(0.,0.,-1.));
#8360=DIRECTION('',(1.,0.,0.));
#8361=DIRECTION('',(0.,0.,1.));
#8362=DIRECTION('',(-1.,0.,0.));
#8363=DIRECTION('',(0.,0.,1.));
#8364=DIRECTION('center_axis',(0.946059486625336,-0.323992974871687,0.));
#8365=DIRECTION('ref_axis',(0.,0.,-1.));
#8366=DIRECTION('',(0.323992974871687,0.946059486625336,0.));
#8367=DIRECTION('',(-0.323992974871687,-0.946059486625336,0.));
#8368=DIRECTION('',(0.,0.,1.));
#8369=DIRECTION('center_axis',(0.,1.,0.));
#8370=DIRECTION('ref_axis',(0.,0.,1.));
#8371=DIRECTION('',(-1.,0.,0.));
#8372=DIRECTION('',(1.,0.,0.));
#8373=DIRECTION('',(0.,0.,1.));
#8374=DIRECTION('center_axis',(0.94670443335799,-0.32210357939695,0.));
#8375=DIRECTION('ref_axis',(0.,0.,-1.));
#8376=DIRECTION('',(0.32210357939695,0.94670443335799,0.));
#8377=DIRECTION('',(-0.32210357939695,-0.94670443335799,0.));
#8378=DIRECTION('',(0.,0.,1.));
#8379=DIRECTION('center_axis',(0.,-1.,0.));
#8380=DIRECTION('ref_axis',(0.,0.,-1.));
#8381=DIRECTION('',(1.,0.,0.));
#8382=DIRECTION('',(-1.,0.,0.));
#8383=DIRECTION('',(0.,0.,1.));
#8384=DIRECTION('center_axis',(0.948031961081808,-0.318175110226084,0.));
#8385=DIRECTION('ref_axis',(0.,0.,-1.));
#8386=DIRECTION('',(0.318175110226084,0.948031961081808,0.));
#8387=DIRECTION('',(-0.318175110226084,-0.948031961081808,0.));
#8388=DIRECTION('',(0.,0.,1.));
#8389=DIRECTION('center_axis',(0.,1.,0.));
#8390=DIRECTION('ref_axis',(0.,0.,1.));
#8391=DIRECTION('',(-1.,0.,0.));
#8392=DIRECTION('',(1.,0.,0.));
#8393=DIRECTION('',(0.,0.,1.));
#8394=DIRECTION('center_axis',(-0.946903629599297,0.321517520909324,0.));
#8395=DIRECTION('ref_axis',(0.,0.,1.));
#8396=DIRECTION('',(-0.321517520909324,-0.946903629599297,0.));
#8397=DIRECTION('',(0.321517520909324,0.946903629599297,0.));
#8398=DIRECTION('',(0.,0.,1.));
#8399=DIRECTION('center_axis',(0.,-1.,0.));
#8400=DIRECTION('ref_axis',(0.,0.,-1.));
#8401=DIRECTION('',(1.,0.,0.));
#8402=DIRECTION('',(-1.,0.,0.));
#8403=DIRECTION('',(0.,0.,1.));
#8404=DIRECTION('center_axis',(0.946059486625335,-0.323992974871692,0.));
#8405=DIRECTION('ref_axis',(0.,0.,-1.));
#8406=DIRECTION('',(0.323992974871692,0.946059486625334,0.));
#8407=DIRECTION('',(-0.323992974871692,-0.946059486625334,0.));
#8408=DIRECTION('',(0.,0.,1.));
#8409=DIRECTION('center_axis',(0.,1.,0.));
#8410=DIRECTION('ref_axis',(0.,0.,1.));
#8411=DIRECTION('',(-1.,0.,0.));
#8412=DIRECTION('',(1.,0.,0.));
#8413=DIRECTION('',(0.,0.,1.));
#8414=DIRECTION('center_axis',(0.947225631474366,-0.320567626372329,0.));
#8415=DIRECTION('ref_axis',(0.,0.,-1.));
#8416=DIRECTION('',(0.320567626372329,0.947225631474366,0.));
#8417=DIRECTION('',(-0.320567626372329,-0.947225631474366,0.));
#8418=DIRECTION('center_axis',(0.,0.,1.));
#8419=DIRECTION('ref_axis',(1.,0.,0.));
#8420=DIRECTION('center_axis',(0.,0.,1.));
#8421=DIRECTION('ref_axis',(1.,0.,0.));
#8422=DIRECTION('center_axis',(0.,0.,1.));
#8423=DIRECTION('ref_axis',(-1.,0.,0.));
#8424=DIRECTION('',(-1.,0.,0.));
#8425=DIRECTION('',(0.,1.,0.));
#8426=DIRECTION('',(1.,0.,0.));
#8427=DIRECTION('',(-1.,0.,0.));
#8428=DIRECTION('',(0.652472978799314,0.757811989834385,0.));
#8429=DIRECTION('',(0.,-1.,0.));
#8430=DIRECTION('',(-1.,0.,0.));
#8431=DIRECTION('',(0.,1.,0.));
#8432=DIRECTION('',(1.,0.,0.));
#8433=DIRECTION('',(-1.,0.,0.));
#8434=DIRECTION('',(0.,1.,0.));
#8435=DIRECTION('',(1.,0.,0.));
#8436=DIRECTION('',(-1.,0.,0.));
#8437=DIRECTION('',(0.,1.,0.));
#8438=DIRECTION('',(1.,0.,0.));
#8439=DIRECTION('',(-1.,0.,0.));
#8440=DIRECTION('',(0.,1.,0.));
#8441=DIRECTION('',(1.,0.,0.));
#8442=DIRECTION('',(-1.,0.,0.));
#8443=DIRECTION('',(0.,1.,0.));
#8444=DIRECTION('',(1.,0.,0.));
#8445=DIRECTION('center_axis',(0.,0.,1.));
#8446=DIRECTION('ref_axis',(1.,0.,0.));
#8447=DIRECTION('center_axis',(0.,0.,1.));
#8448=DIRECTION('ref_axis',(1.,0.,0.));
#8449=DIRECTION('center_axis',(0.,0.,1.));
#8450=DIRECTION('ref_axis',(1.,0.,0.));
#8451=DIRECTION('center_axis',(0.,0.,1.));
#8452=DIRECTION('ref_axis',(1.,0.,0.));
#8453=DIRECTION('center_axis',(0.,0.,1.));
#8454=DIRECTION('ref_axis',(1.,0.,0.));
#8455=DIRECTION('center_axis',(-1.,0.,0.));
#8456=DIRECTION('ref_axis',(0.,0.,1.));
#8457=DIRECTION('',(0.,0.,1.));
#8458=DIRECTION('',(0.,-1.,0.));
#8459=DIRECTION('',(0.,0.,1.));
#8460=DIRECTION('center_axis',(0.,-1.,0.));
#8461=DIRECTION('ref_axis',(0.,0.,-1.));
#8462=DIRECTION('',(0.,0.,1.));
#8463=DIRECTION('',(1.,0.,0.));
#8464=DIRECTION('',(0.,0.,1.));
#8465=DIRECTION('',(0.,0.,1.));
#8466=DIRECTION('',(0.,0.,1.));
#8467=DIRECTION('',(0.,0.,1.));
#8468=DIRECTION('',(0.,0.,1.));
#8469=DIRECTION('',(0.,0.,1.));
#8470=DIRECTION('',(0.,0.,1.));
#8471=DIRECTION('',(0.,0.,1.));
#8472=DIRECTION('',(0.,0.,1.));
#8473=DIRECTION('',(0.,0.,1.));
#8474=DIRECTION('center_axis',(-0.757811989834385,0.652472978799314,0.));
#8475=DIRECTION('ref_axis',(0.,0.,1.));
#8476=DIRECTION('',(0.,0.,1.));
#8477=DIRECTION('',(-0.652472978799314,-0.757811989834385,0.));
#8478=DIRECTION('',(0.,0.,1.));
#8479=DIRECTION('center_axis',(0.,-1.,0.));
#8480=DIRECTION('ref_axis',(0.,0.,-1.));
#8481=DIRECTION('',(0.,0.,1.));
#8482=DIRECTION('',(1.,0.,0.));
#8483=DIRECTION('center_axis',(-1.,0.,0.));
#8484=DIRECTION('ref_axis',(0.,0.,1.));
#8485=DIRECTION('',(0.,0.,1.));
#8486=DIRECTION('',(0.,-1.,0.));
#8487=DIRECTION('',(0.,0.,1.));
#8488=DIRECTION('center_axis',(0.,-1.,0.));
#8489=DIRECTION('ref_axis',(0.,0.,-1.));
#8490=DIRECTION('',(0.,0.,1.));
#8491=DIRECTION('',(1.,0.,0.));
#8492=DIRECTION('',(0.,0.,1.));
#8493=DIRECTION('',(0.,0.,1.));
#8494=DIRECTION('center_axis',(-1.,0.,0.));
#8495=DIRECTION('ref_axis',(0.,0.,1.));
#8496=DIRECTION('',(0.,0.,1.));
#8497=DIRECTION('',(0.,-1.,0.));
#8498=DIRECTION('',(0.,0.,1.));
#8499=DIRECTION('center_axis',(0.,-1.,0.));
#8500=DIRECTION('ref_axis',(0.,0.,-1.));
#8501=DIRECTION('',(0.,0.,1.));
#8502=DIRECTION('',(1.,0.,0.));
#8503=DIRECTION('',(0.,0.,1.));
#8504=DIRECTION('',(0.,0.,1.));
#8505=DIRECTION('',(0.,0.,1.));
#8506=DIRECTION('',(0.,0.,1.));
#8507=DIRECTION('',(0.,0.,1.));
#8508=DIRECTION('',(0.,0.,1.));
#8509=DIRECTION('',(0.,0.,1.));
#8510=DIRECTION('',(0.,0.,1.));
#8511=DIRECTION('',(0.,0.,1.));
#8512=DIRECTION('',(0.,0.,1.));
#8513=DIRECTION('center_axis',(-1.,0.,0.));
#8514=DIRECTION('ref_axis',(0.,0.,1.));
#8515=DIRECTION('',(0.,0.,1.));
#8516=DIRECTION('',(0.,-1.,0.));
#8517=DIRECTION('',(0.,0.,1.));
#8518=DIRECTION('center_axis',(0.,-1.,0.));
#8519=DIRECTION('ref_axis',(0.,0.,-1.));
#8520=DIRECTION('',(0.,0.,1.));
#8521=DIRECTION('',(1.,0.,0.));
#8522=DIRECTION('',(0.,0.,1.));
#8523=DIRECTION('',(0.,0.,1.));
#8524=DIRECTION('',(0.,0.,1.));
#8525=DIRECTION('',(0.,0.,1.));
#8526=DIRECTION('',(0.,0.,1.));
#8527=DIRECTION('',(0.,0.,1.));
#8528=DIRECTION('',(0.,0.,1.));
#8529=DIRECTION('',(0.,0.,1.));
#8530=DIRECTION('',(0.,0.,1.));
#8531=DIRECTION('',(0.,0.,1.));
#8532=DIRECTION('center_axis',(-1.,0.,0.));
#8533=DIRECTION('ref_axis',(0.,0.,1.));
#8534=DIRECTION('',(0.,0.,1.));
#8535=DIRECTION('',(0.,-1.,0.));
#8536=DIRECTION('',(0.,0.,1.));
#8537=DIRECTION('center_axis',(0.,-1.,0.));
#8538=DIRECTION('ref_axis',(0.,0.,-1.));
#8539=DIRECTION('',(0.,0.,1.));
#8540=DIRECTION('',(1.,0.,0.));
#8541=DIRECTION('',(0.,0.,1.));
#8542=DIRECTION('',(0.,0.,1.));
#8543=DIRECTION('',(0.,0.,1.));
#8544=DIRECTION('',(0.,0.,1.));
#8545=DIRECTION('',(0.,0.,1.));
#8546=DIRECTION('',(0.,0.,1.));
#8547=DIRECTION('center_axis',(-1.,0.,0.));
#8548=DIRECTION('ref_axis',(0.,0.,1.));
#8549=DIRECTION('',(0.,0.,1.));
#8550=DIRECTION('',(0.,-1.,0.));
#8551=DIRECTION('',(0.,0.,1.));
#8552=DIRECTION('center_axis',(0.,-1.,0.));
#8553=DIRECTION('ref_axis',(0.,0.,-1.));
#8554=DIRECTION('',(0.,0.,1.));
#8555=DIRECTION('',(1.,0.,0.));
#8556=DIRECTION('',(0.,0.,1.));
#8557=DIRECTION('',(0.,0.,1.));
#8558=DIRECTION('center_axis',(0.,0.,1.));
#8559=DIRECTION('ref_axis',(-1.,0.,0.));
#8560=DIRECTION('',(0.,0.,-1.));
#8561=DIRECTION('center_axis',(0.,0.,-1.));
#8562=DIRECTION('ref_axis',(-1.,0.,0.));
#8563=DIRECTION('center_axis',(0.,1.,0.));
#8564=DIRECTION('ref_axis',(0.,0.,1.));
#8565=DIRECTION('',(-1.,0.,0.));
#8566=DIRECTION('',(0.,0.,1.));
#8567=DIRECTION('',(0.,0.,1.));
#8568=DIRECTION('',(0.,0.,1.));
#8569=DIRECTION('',(0.,0.,1.));
#8570=DIRECTION('center_axis',(1.,0.,0.));
#8571=DIRECTION('ref_axis',(0.,0.,-1.));
#8572=DIRECTION('',(0.,1.,0.));
#8573=DIRECTION('center_axis',(0.,1.,0.));
#8574=DIRECTION('ref_axis',(0.,0.,1.));
#8575=DIRECTION('',(-1.,0.,0.));
#8576=DIRECTION('',(0.,0.,1.));
#8577=DIRECTION('',(0.,0.,1.));
#8578=DIRECTION('center_axis',(0.,1.,0.));
#8579=DIRECTION('ref_axis',(0.,0.,1.));
#8580=DIRECTION('',(-1.,0.,0.));
#8581=DIRECTION('',(0.,0.,1.));
#8582=DIRECTION('',(0.,0.,1.));
#8583=DIRECTION('',(0.,0.,1.));
#8584=DIRECTION('',(0.,0.,1.));
#8585=DIRECTION('center_axis',(0.,1.,0.));
#8586=DIRECTION('ref_axis',(0.,0.,1.));
#8587=DIRECTION('',(-1.,0.,0.));
#8588=DIRECTION('',(0.,0.,1.));
#8589=DIRECTION('',(0.,0.,1.));
#8590=DIRECTION('',(0.,0.,1.));
#8591=DIRECTION('',(0.,0.,1.));
#8592=DIRECTION('',(0.,0.,1.));
#8593=DIRECTION('',(0.,0.,1.));
#8594=DIRECTION('center_axis',(0.,1.,0.));
#8595=DIRECTION('ref_axis',(0.,0.,1.));
#8596=DIRECTION('',(-1.,0.,0.));
#8597=DIRECTION('',(0.,0.,1.));
#8598=DIRECTION('',(0.,0.,1.));
#8599=DIRECTION('',(0.,0.,1.));
#8600=DIRECTION('',(0.,0.,1.));
#8601=DIRECTION('center_axis',(0.,1.,0.));
#8602=DIRECTION('ref_axis',(0.,0.,1.));
#8603=DIRECTION('',(-1.,0.,0.));
#8604=DIRECTION('',(0.,0.,1.));
#8605=DIRECTION('',(0.,0.,1.));
#8606=DIRECTION('center_axis',(0.,0.,1.));
#8607=DIRECTION('ref_axis',(1.,0.,0.));
#8608=DIRECTION('center_axis',(0.,0.,-1.));
#8609=DIRECTION('ref_axis',(-1.,1.22464679914735E-16,0.));
#8610=DIRECTION('center_axis',(0.,0.,1.));
#8611=DIRECTION('ref_axis',(1.,0.,0.));
#8612=DIRECTION('center_axis',(0.,0.,1.));
#8613=DIRECTION('ref_axis',(1.,0.,0.));
#8614=DIRECTION('center_axis',(0.,0.,1.));
#8615=DIRECTION('ref_axis',(1.,0.,0.));
#8616=DIRECTION('center_axis',(0.,0.,1.));
#8617=DIRECTION('ref_axis',(1.,0.,0.));
#8618=DIRECTION('center_axis',(0.,0.,1.));
#8619=DIRECTION('ref_axis',(1.,0.,0.));
#8620=DIRECTION('center_axis',(0.,0.,1.));
#8621=DIRECTION('ref_axis',(1.,0.,0.));
#8622=DIRECTION('center_axis',(0.,0.,1.));
#8623=DIRECTION('ref_axis',(1.,0.,0.));
#8624=DIRECTION('center_axis',(0.,0.,1.));
#8625=DIRECTION('ref_axis',(1.,0.,0.));
#8626=DIRECTION('center_axis',(0.,0.,1.));
#8627=DIRECTION('ref_axis',(1.,0.,0.));
#8628=DIRECTION('center_axis',(0.,0.,1.));
#8629=DIRECTION('ref_axis',(1.,0.,0.));
#8630=DIRECTION('center_axis',(0.,0.,1.));
#8631=DIRECTION('ref_axis',(1.,0.,0.));
#8632=DIRECTION('center_axis',(0.,0.,1.));
#8633=DIRECTION('ref_axis',(1.,0.,0.));
#8634=DIRECTION('center_axis',(0.,0.,1.));
#8635=DIRECTION('ref_axis',(1.,0.,0.));
#8636=DIRECTION('center_axis',(0.,0.,1.));
#8637=DIRECTION('ref_axis',(1.,0.,0.));
#8638=DIRECTION('center_axis',(1.22464679914735E-16,-1.,0.));
#8639=DIRECTION('ref_axis',(-1.,-1.22464679914735E-16,0.));
#8640=DIRECTION('center_axis',(0.,0.,1.));
#8641=DIRECTION('ref_axis',(-1.,1.22464679914735E-16,0.));
#8642=DIRECTION('center_axis',(0.,0.,1.));
#8643=DIRECTION('ref_axis',(1.,0.,0.));
#8644=DIRECTION('',(0.,0.,-1.));
#8645=DIRECTION('center_axis',(0.,0.,-1.));
#8646=DIRECTION('ref_axis',(-1.,0.,0.));
#8647=DIRECTION('',(0.,0.,1.));
#8648=DIRECTION('center_axis',(0.,0.,1.));
#8649=DIRECTION('ref_axis',(1.,0.,0.));
#8650=DIRECTION('',(0.,0.,1.));
#8651=DIRECTION('center_axis',(0.,0.,1.));
#8652=DIRECTION('ref_axis',(1.,0.,0.));
#8653=DIRECTION('',(0.,0.,-1.));
#8654=DIRECTION('center_axis',(0.,0.,1.));
#8655=DIRECTION('ref_axis',(1.,0.,0.));
#8656=DIRECTION('',(0.,0.,1.));
#8657=DIRECTION('center_axis',(0.,0.,-1.));
#8658=DIRECTION('ref_axis',(-1.,0.,0.));
#8659=DIRECTION('',(0.,0.,1.));
#8660=DIRECTION('center_axis',(0.,0.,1.));
#8661=DIRECTION('ref_axis',(1.,0.,0.));
#8662=DIRECTION('',(0.,0.,1.));
#8663=DIRECTION('center_axis',(0.,0.,-1.));
#8664=DIRECTION('ref_axis',(-1.,0.,0.));
#8665=DIRECTION('center_axis',(0.,0.,1.));
#8666=DIRECTION('ref_axis',(1.,0.,0.));
#8667=DIRECTION('center_axis',(0.,0.,1.));
#8668=DIRECTION('ref_axis',(1.,0.,0.));
#8669=DIRECTION('',(0.,-1.,0.));
#8670=DIRECTION('',(1.,0.,0.));
#8671=DIRECTION('',(0.,1.,0.));
#8672=DIRECTION('center_axis',(-1.,0.,0.));
#8673=DIRECTION('ref_axis',(0.,-1.,0.));
#8674=DIRECTION('',(0.,-1.,0.));
#8675=DIRECTION('',(0.,0.,1.));
#8676=DIRECTION('center_axis',(0.,-1.,0.));
#8677=DIRECTION('ref_axis',(1.,0.,0.));
#8678=DIRECTION('',(1.,0.,0.));
#8679=DIRECTION('',(0.,0.,1.));
#8680=DIRECTION('center_axis',(1.,0.,0.));
#8681=DIRECTION('ref_axis',(0.,1.,0.));
#8682=DIRECTION('',(0.,1.,0.));
#8683=DIRECTION('center_axis',(0.,0.,1.));
#8684=DIRECTION('ref_axis',(1.,0.,0.));
#8685=DIRECTION('',(1.,4.16333634234434E-16,0.));
#8686=DIRECTION('center_axis',(0.,0.,1.));
#8687=DIRECTION('ref_axis',(-1.,1.15648231731787E-16,0.));
#8688=DIRECTION('',(0.,-1.,0.));
#8689=DIRECTION('center_axis',(0.,0.,1.));
#8690=DIRECTION('ref_axis',(7.40148683083438E-16,1.,0.));
#8691=DIRECTION('',(-1.,-1.38777878078145E-16,0.));
#8692=DIRECTION('',(-1.,-1.38777878078145E-16,0.));
#8693=DIRECTION('center_axis',(0.,0.,1.));
#8694=DIRECTION('ref_axis',(1.,-3.70074341541719E-16,0.));
#8695=DIRECTION('',(0.,1.,0.));
#8696=DIRECTION('center_axis',(0.,0.,1.));
#8697=DIRECTION('ref_axis',(-7.40148683083438E-16,-1.,0.));
#8698=DIRECTION('',(1.,-1.38777878078145E-16,0.));
#8699=DIRECTION('center_axis',(0.,0.,1.));
#8700=DIRECTION('ref_axis',(1.,0.,0.));
#8701=DIRECTION('center_axis',(0.,0.,-1.));
#8702=DIRECTION('ref_axis',(-1.,0.,0.));
#8703=DIRECTION('center_axis',(0.,0.,-1.));
#8704=DIRECTION('ref_axis',(-1.,0.,0.));
#8705=DIRECTION('center_axis',(0.,0.,-1.));
#8706=DIRECTION('ref_axis',(-1.,0.,0.));
#8707=DIRECTION('center_axis',(0.,0.,1.));
#8708=DIRECTION('ref_axis',(-1.,0.,0.));
#8709=DIRECTION('',(0.,0.,1.));
#8710=DIRECTION('center_axis',(0.,0.,-1.));
#8711=DIRECTION('ref_axis',(-1.,0.,0.));
#8712=DIRECTION('center_axis',(0.,0.,-1.));
#8713=DIRECTION('ref_axis',(1.,0.,0.));
#8714=DIRECTION('center_axis',(0.,0.,-1.));
#8715=DIRECTION('ref_axis',(1.,0.,0.));
#8716=DIRECTION('',(0.,0.,1.));
#8717=DIRECTION('center_axis',(0.,0.,1.));
#8718=DIRECTION('ref_axis',(1.,0.,0.));
#8719=DIRECTION('center_axis',(0.,0.,1.));
#8720=DIRECTION('ref_axis',(-1.,0.,0.));
#8721=DIRECTION('center_axis',(0.,0.,-1.));
#8722=DIRECTION('ref_axis',(-1.,0.,0.));
#8723=DIRECTION('',(0.,0.,-1.));
#8724=DIRECTION('center_axis',(0.,0.,1.));
#8725=DIRECTION('ref_axis',(-1.,1.15648231731787E-16,0.));
#8726=DIRECTION('',(0.,0.,1.));
#8727=DIRECTION('center_axis',(0.,0.,1.));
#8728=DIRECTION('ref_axis',(-1.,1.15648231731787E-16,0.));
#8729=DIRECTION('',(0.,0.,1.));
#8730=DIRECTION('center_axis',(-1.,0.,0.));
#8731=DIRECTION('ref_axis',(0.,-1.,0.));
#8732=DIRECTION('',(0.,-1.,0.));
#8733=DIRECTION('',(0.,0.,1.));
#8734=DIRECTION('center_axis',(0.,0.,1.));
#8735=DIRECTION('ref_axis',(7.40148683083438E-16,1.,0.));
#8736=DIRECTION('center_axis',(0.,0.,1.));
#8737=DIRECTION('ref_axis',(7.40148683083438E-16,1.,0.));
#8738=DIRECTION('',(0.,0.,1.));
#8739=DIRECTION('center_axis',(-1.38777878078145E-16,1.,0.));
#8740=DIRECTION('ref_axis',(-1.,-1.38777878078145E-16,0.));
#8741=DIRECTION('',(-1.,-1.38777878078145E-16,0.));
#8742=DIRECTION('center_axis',(4.16333634234434E-16,-1.,0.));
#8743=DIRECTION('ref_axis',(1.,4.16333634234434E-16,0.));
#8744=DIRECTION('',(1.,4.16333634234434E-16,0.));
#8745=DIRECTION('center_axis',(0.,0.,1.));
#8746=DIRECTION('ref_axis',(1.,0.,0.));
#8747=DIRECTION('center_axis',(0.,0.,1.));
#8748=DIRECTION('ref_axis',(-1.,0.,0.));
#8749=DIRECTION('center_axis',(0.,0.,-1.));
#8750=DIRECTION('ref_axis',(-1.,0.,0.));
#8751=DIRECTION('',(0.,0.,-1.));
#8752=DIRECTION('center_axis',(0.,0.,1.));
#8753=DIRECTION('ref_axis',(1.,-3.70074341541719E-16,0.));
#8754=DIRECTION('',(0.,0.,1.));
#8755=DIRECTION('center_axis',(0.,0.,1.));
#8756=DIRECTION('ref_axis',(1.,-3.70074341541719E-16,0.));
#8757=DIRECTION('',(0.,0.,1.));
#8758=DIRECTION('center_axis',(1.,0.,0.));
#8759=DIRECTION('ref_axis',(0.,1.,0.));
#8760=DIRECTION('',(0.,1.,0.));
#8761=DIRECTION('',(0.,0.,1.));
#8762=DIRECTION('center_axis',(0.,0.,1.));
#8763=DIRECTION('ref_axis',(-7.40148683083438E-16,-1.,0.));
#8764=DIRECTION('center_axis',(0.,0.,1.));
#8765=DIRECTION('ref_axis',(-7.40148683083438E-16,-1.,0.));
#8766=DIRECTION('',(0.,0.,1.));
#8767=DIRECTION('center_axis',(-1.38777878078145E-16,-1.,0.));
#8768=DIRECTION('ref_axis',(1.,-1.38777878078145E-16,0.));
#8769=DIRECTION('',(1.,-1.38777878078145E-16,0.));
#8770=DIRECTION('center_axis',(-1.38777878078145E-16,1.,0.));
#8771=DIRECTION('ref_axis',(-1.,-1.38777878078145E-16,0.));
#8772=DIRECTION('',(-1.,-1.38777878078145E-16,0.));
#8773=DIRECTION('center_axis',(0.,0.,1.));
#8774=DIRECTION('ref_axis',(1.,0.,0.));
#8775=DIRECTION('center_axis',(0.,0.,1.));
#8776=DIRECTION('ref_axis',(1.,0.,0.));
#8777=DIRECTION('center_axis',(0.,1.,0.));
#8778=DIRECTION('ref_axis',(0.,0.,-1.));
#8779=DIRECTION('center_axis',(0.,-1.,0.));
#8780=DIRECTION('ref_axis',(0.,0.,-1.));
#8781=DIRECTION('',(0.,1.,0.));
#8782=DIRECTION('center_axis',(0.,1.,0.));
#8783=DIRECTION('ref_axis',(0.,0.,-1.));
#8784=DIRECTION('',(0.,1.,0.));
#8785=DIRECTION('center_axis',(-3.41607084500048E-16,0.,1.));
#8786=DIRECTION('ref_axis',(1.,0.,3.41607084500048E-16));
#8787=DIRECTION('',(-1.,0.,-3.41607084500048E-16));
#8788=DIRECTION('',(1.,0.,3.41607084500048E-16));
#8789=DIRECTION('',(0.,1.,0.));
#8790=DIRECTION('center_axis',(-3.41607084500048E-16,0.,1.));
#8791=DIRECTION('ref_axis',(1.,0.,3.41607084500048E-16));
#8792=DIRECTION('center_axis',(-3.41607084500048E-16,0.,1.));
#8793=DIRECTION('ref_axis',(-0.664503386542014,-0.747285252948427,0.));
#8794=DIRECTION('',(0.,1.,0.));
#8795=DIRECTION('center_axis',(3.41607084500048E-16,0.,-1.));
#8796=DIRECTION('ref_axis',(-1.,0.,0.));
#8797=DIRECTION('',(-2.84730909860547E-16,1.,-9.72660959845076E-32));
#8798=DIRECTION('center_axis',(-3.41607084500048E-16,0.,1.));
#8799=DIRECTION('ref_axis',(1.,0.,3.41607084500048E-16));
#8800=DIRECTION('',(0.,-1.,0.));
#8801=DIRECTION('center_axis',(3.41607084500048E-16,0.,-1.));
#8802=DIRECTION('ref_axis',(-1.,0.,0.));
#8803=DIRECTION('',(0.,1.,0.));
#8804=DIRECTION('center_axis',(-3.41607084500048E-16,0.,1.));
#8805=DIRECTION('ref_axis',(-0.664503386542014,-0.747285252948427,0.));
#8806=DIRECTION('center_axis',(0.,1.,0.));
#8807=DIRECTION('ref_axis',(-7.40148683083438E-16,0.,1.));
#8808=DIRECTION('',(0.,1.,0.));
#8809=DIRECTION('center_axis',(0.,1.,0.));
#8810=DIRECTION('ref_axis',(-7.40148683083438E-16,0.,1.));
#8811=DIRECTION('center_axis',(0.,-1.,0.));
#8812=DIRECTION('ref_axis',(-7.40148683083438E-16,0.,1.));
#8813=DIRECTION('center_axis',(0.,1.,0.));
#8814=DIRECTION('ref_axis',(-7.40148683083438E-16,0.,1.));
#8815=DIRECTION('',(0.,1.,0.));
#8816=DIRECTION('center_axis',(-4.2700885562506E-17,0.,-1.));
#8817=DIRECTION('ref_axis',(-1.,0.,4.2700885562506E-17));
#8818=DIRECTION('',(1.,0.,-4.2700885562506E-17));
#8819=DIRECTION('',(-1.,0.,4.2700885562506E-17));
#8820=DIRECTION('center_axis',(-4.2700885562506E-17,0.,-1.));
#8821=DIRECTION('ref_axis',(-1.,0.,4.2700885562506E-17));
#8822=DIRECTION('center_axis',(-4.2700885562506E-17,0.,-1.));
#8823=DIRECTION('ref_axis',(-0.664503386542014,-0.747285252948427,0.));
#8824=DIRECTION('',(2.84730909860547E-16,-1.,-1.21582619980634E-32));
#8825=DIRECTION('center_axis',(4.2700885562506E-17,0.,1.));
#8826=DIRECTION('ref_axis',(-1.,0.,0.));
#8827=DIRECTION('center_axis',(0.,1.,0.));
#8828=DIRECTION('ref_axis',(0.,0.,-1.));
#8829=DIRECTION('',(0.,1.,0.));
#8830=DIRECTION('center_axis',(-4.2700885562506E-17,0.,-1.));
#8831=DIRECTION('ref_axis',(-1.,0.,4.2700885562506E-17));
#8832=DIRECTION('',(0.,1.,0.));
#8833=DIRECTION('center_axis',(-4.2700885562506E-17,0.,-1.));
#8834=DIRECTION('ref_axis',(-0.664503386542014,-0.747285252948427,0.));
#8835=DIRECTION('center_axis',(4.2700885562506E-17,0.,1.));
#8836=DIRECTION('ref_axis',(-1.,0.,0.));
#8837=DIRECTION('center_axis',(-1.,0.,0.));
#8838=DIRECTION('ref_axis',(0.,-1.,0.));
#8839=DIRECTION('',(0.,0.,1.));
#8840=DIRECTION('',(0.,1.,0.));
#8841=DIRECTION('',(0.,0.,1.));
#8842=DIRECTION('center_axis',(0.,0.,1.));
#8843=DIRECTION('ref_axis',(-1.,0.,0.));
#8844=DIRECTION('center_axis',(0.,0.,1.));
#8845=DIRECTION('ref_axis',(-1.,0.,0.));
#8846=DIRECTION('',(0.,0.,1.));
#8847=DIRECTION('',(0.,0.,1.));
#8848=DIRECTION('center_axis',(0.,0.,-1.));
#8849=DIRECTION('ref_axis',(-1.,0.,0.));
#8850=DIRECTION('',(0.,0.,1.));
#8851=DIRECTION('center_axis',(0.,0.,-1.));
#8852=DIRECTION('ref_axis',(-1.,0.,0.));
#8853=DIRECTION('',(0.,0.,1.));
#8854=DIRECTION('center_axis',(0.,0.,-1.));
#8855=DIRECTION('ref_axis',(-1.,0.,0.));
#8856=DIRECTION('',(0.,0.,1.));
#8857=DIRECTION('center_axis',(0.,0.,1.));
#8858=DIRECTION('ref_axis',(-1.,0.,0.));
#8859=DIRECTION('',(0.,0.,1.));
#8860=DIRECTION('center_axis',(0.,0.,-1.));
#8861=DIRECTION('ref_axis',(-1.,0.,0.));
#8862=DIRECTION('',(0.,0.,1.));
#8863=DIRECTION('center_axis',(0.,0.,-1.));
#8864=DIRECTION('ref_axis',(-1.,0.,0.));
#8865=DIRECTION('',(0.,0.,-1.));
#8866=DIRECTION('center_axis',(0.,0.,-1.));
#8867=DIRECTION('ref_axis',(-1.,0.,0.));
#8868=DIRECTION('',(0.,0.,1.));
#8869=DIRECTION('center_axis',(1.,2.84730909860547E-16,0.));
#8870=DIRECTION('ref_axis',(-2.84730909860547E-16,1.,0.));
#8871=DIRECTION('',(0.,0.,1.));
#8872=DIRECTION('',(-2.84730909860547E-16,1.,0.));
#8873=DIRECTION('center_axis',(1.,2.84730909860547E-16,0.));
#8874=DIRECTION('ref_axis',(-2.84730909860547E-16,1.,0.));
#8875=DIRECTION('',(2.84730909860547E-16,-1.,0.));
#8876=DIRECTION('',(0.,0.,1.));
#8877=DIRECTION('center_axis',(0.,0.,1.));
#8878=DIRECTION('ref_axis',(1.,0.,0.));
#8879=DIRECTION('',(1.,0.,0.));
#8880=DIRECTION('',(0.,-1.,0.));
#8881=DIRECTION('center_axis',(0.,0.,-1.));
#8882=DIRECTION('ref_axis',(-0.664503386542014,-0.747285252948427,0.));
#8883=DIRECTION('center_axis',(0.,0.,-1.));
#8884=DIRECTION('ref_axis',(-0.664503386542014,-0.747285252948427,0.));
#8885=DIRECTION('',(0.,1.,0.));
#8886=DIRECTION('center_axis',(-1.,0.,0.));
#8887=DIRECTION('ref_axis',(0.,-1.,0.));
#8888=DIRECTION('',(0.,-1.,0.));
#8889=DIRECTION('',(0.,0.,1.));
#8890=DIRECTION('',(0.,-1.,0.));
#8891=DIRECTION('center_axis',(0.,0.,1.));
#8892=DIRECTION('ref_axis',(-0.664503386542014,-0.747285252948427,0.));
#8893=DIRECTION('center_axis',(0.,0.,1.));
#8894=DIRECTION('ref_axis',(-0.664503386542014,-0.747285252948427,0.));
#8895=DIRECTION('',(0.,0.,1.));
#8896=DIRECTION('center_axis',(0.,0.,1.));
#8897=DIRECTION('ref_axis',(-0.664503386542014,-0.747285252948427,0.));
#8898=DIRECTION('center_axis',(0.,0.,1.));
#8899=DIRECTION('ref_axis',(-0.664503386542014,-0.747285252948427,0.));
#8900=DIRECTION('center_axis',(0.,0.,1.));
#8901=DIRECTION('ref_axis',(-0.664503386542014,-0.747285252948427,0.));
#8902=DIRECTION('',(0.,0.,1.));
#8903=DIRECTION('center_axis',(0.,0.,1.));
#8904=DIRECTION('ref_axis',(-0.664503386542014,-0.747285252948427,0.));
#8905=DIRECTION('',(0.,0.,1.));
#8906=DIRECTION('center_axis',(0.,0.,1.));
#8907=DIRECTION('ref_axis',(1.,0.,0.));
#8908=DIRECTION('',(-5.55111512312578E-16,1.,0.));
#8909=DIRECTION('',(1.,2.3373116307898E-16,0.));
#8910=DIRECTION('',(3.65432313703227E-16,-1.,0.));
#8911=DIRECTION('center_axis',(0.,0.,1.));
#8912=DIRECTION('ref_axis',(1.,0.,0.));
#8913=DIRECTION('',(-3.65432313703228E-16,1.,0.));
#8914=DIRECTION('',(1.,2.3373116307898E-16,0.));
#8915=DIRECTION('',(0.,-1.,0.));
#8916=DIRECTION('center_axis',(2.3373116307898E-16,-1.,0.));
#8917=DIRECTION('ref_axis',(1.,2.3373116307898E-16,0.));
#8918=DIRECTION('',(0.,0.,1.));
#8919=DIRECTION('',(1.,2.3373116307898E-16,0.));
#8920=DIRECTION('',(0.,0.,1.));
#8921=DIRECTION('center_axis',(1.,3.65432313703228E-16,0.));
#8922=DIRECTION('ref_axis',(-3.65432313703228E-16,1.,0.));
#8923=DIRECTION('',(-3.65432313703228E-16,1.,0.));
#8924=DIRECTION('',(-3.65432313703228E-16,1.,0.));
#8925=DIRECTION('center_axis',(0.,0.,1.));
#8926=DIRECTION('ref_axis',(1.,0.,0.));
#8927=DIRECTION('',(-5.55111512312578E-16,1.,0.));
#8928=DIRECTION('center_axis',(0.,0.,1.));
#8929=DIRECTION('ref_axis',(-0.664503386542014,-0.747285252948427,0.));
#8930=DIRECTION('',(0.,1.,0.));
#8931=DIRECTION('',(-1.,0.,0.));
#8932=DIRECTION('',(0.,-1.,0.));
#8933=DIRECTION('center_axis',(0.,0.,1.));
#8934=DIRECTION('ref_axis',(-0.664503386542014,-0.747285252948427,0.));
#8935=DIRECTION('',(0.,-1.,0.));
#8936=DIRECTION('',(0.,1.,0.));
#8937=DIRECTION('',(1.,0.,0.));
#8938=DIRECTION('center_axis',(-1.,0.,0.));
#8939=DIRECTION('ref_axis',(0.,-1.,0.));
#8940=DIRECTION('',(0.,0.,1.));
#8941=DIRECTION('center_axis',(0.,0.,1.));
#8942=DIRECTION('ref_axis',(-0.664503386542014,-0.747285252948427,0.));
#8943=DIRECTION('',(0.,0.,-1.));
#8944=DIRECTION('center_axis',(0.,0.,1.));
#8945=DIRECTION('ref_axis',(1.,0.,0.));
#8946=DIRECTION('center_axis',(0.,0.,1.));
#8947=DIRECTION('ref_axis',(-0.664503386542014,-0.747285252948427,0.));
#8948=DIRECTION('',(0.,0.,1.));
#8949=DIRECTION('center_axis',(1.,2.84730909860547E-16,0.));
#8950=DIRECTION('ref_axis',(-2.84730909860547E-16,1.,0.));
#8951=DIRECTION('',(-2.84730909860547E-16,1.,0.));
#8952=DIRECTION('',(-2.84730909860547E-16,1.,0.));
#8953=DIRECTION('center_axis',(0.,0.,1.));
#8954=DIRECTION('ref_axis',(1.,0.,0.));
#8955=DIRECTION('',(3.65432313703227E-16,-1.,0.));
#8956=DIRECTION('center_axis',(0.,0.,1.));
#8957=DIRECTION('ref_axis',(1.,0.,0.));
#8958=DIRECTION('',(3.65432313703227E-16,-1.,0.));
#8959=DIRECTION('',(1.,2.3373116307898E-16,0.));
#8960=DIRECTION('',(5.55111512312578E-16,-1.,0.));
#8961=DIRECTION('',(1.,0.,0.));
#8962=DIRECTION('',(0.,1.,0.));
#8963=DIRECTION('center_axis',(1.,0.,0.));
#8964=DIRECTION('ref_axis',(0.,1.,0.));
#8965=DIRECTION('',(0.,0.,1.));
#8966=DIRECTION('center_axis',(0.,1.,0.));
#8967=DIRECTION('ref_axis',(-1.,0.,0.));
#8968=DIRECTION('',(0.,0.,1.));
#8969=DIRECTION('center_axis',(-1.,0.,0.));
#8970=DIRECTION('ref_axis',(0.,-1.,0.));
#8971=DIRECTION('center_axis',(1.,0.,0.));
#8972=DIRECTION('ref_axis',(0.,1.,0.));
#8973=DIRECTION('',(0.,0.,1.));
#8974=DIRECTION('center_axis',(0.,-1.,0.));
#8975=DIRECTION('ref_axis',(1.,0.,0.));
#8976=DIRECTION('',(0.,0.,1.));
#8977=DIRECTION('center_axis',(-1.,-5.55111512312578E-16,0.));
#8978=DIRECTION('ref_axis',(5.55111512312578E-16,-1.,0.));
#8979=DIRECTION('',(0.,0.,1.));
#8980=DIRECTION('center_axis',(2.3373116307898E-16,-1.,0.));
#8981=DIRECTION('ref_axis',(1.,2.3373116307898E-16,0.));
#8982=DIRECTION('',(0.,0.,1.));
#8983=DIRECTION('center_axis',(-1.,-3.65432313703227E-16,0.));
#8984=DIRECTION('ref_axis',(3.65432313703227E-16,-1.,0.));
#8985=DIRECTION('center_axis',(0.,0.,1.));
#8986=DIRECTION('ref_axis',(-0.8,0.6,0.));
#8987=DIRECTION('center_axis',(0.,0.,1.));
#8988=DIRECTION('ref_axis',(-0.8,0.6,0.));
#8989=DIRECTION('center_axis',(0.,0.,-1.));
#8990=DIRECTION('ref_axis',(-0.8,0.6,0.));
#8991=DIRECTION('center_axis',(0.,-1.,0.));
#8992=DIRECTION('ref_axis',(1.,0.,0.));
#8993=DIRECTION('',(0.,0.,-1.));
#8994=DIRECTION('',(-1.,0.,0.));
#8995=DIRECTION('',(0.,0.,1.));
#8996=DIRECTION('',(1.,0.,0.));
#8997=DIRECTION('center_axis',(0.,0.,-1.));
#8998=DIRECTION('ref_axis',(-0.8,0.6,0.));
#8999=DIRECTION('',(0.,0.,1.));
#9000=DIRECTION('center_axis',(0.,0.,1.));
#9001=DIRECTION('ref_axis',(-0.8,0.6,0.));
#9002=DIRECTION('',(0.,0.,1.));
#9003=DIRECTION('center_axis',(0.,0.,1.));
#9004=DIRECTION('ref_axis',(-0.8,0.6,0.));
#9005=DIRECTION('',(0.,0.,-1.));
#9006=DIRECTION('center_axis',(0.,0.,-1.));
#9007=DIRECTION('ref_axis',(0.8,-0.6,0.));
#9008=DIRECTION('center_axis',(0.,0.,1.));
#9009=DIRECTION('ref_axis',(-0.8,0.6,0.));
#9010=DIRECTION('center_axis',(0.,0.,1.));
#9011=DIRECTION('ref_axis',(0.8,-0.6,0.));
#9012=DIRECTION('center_axis',(0.,0.,1.));
#9013=DIRECTION('ref_axis',(0.8,-0.6,0.));
#9014=DIRECTION('center_axis',(0.,1.,0.));
#9015=DIRECTION('ref_axis',(-1.,0.,0.));
#9016=DIRECTION('',(-1.,0.,0.));
#9017=DIRECTION('',(1.,0.,0.));
#9018=DIRECTION('center_axis',(0.,0.,1.));
#9019=DIRECTION('ref_axis',(1.,0.,0.));
#9020=DIRECTION('center_axis',(0.,0.,1.));
#9021=DIRECTION('ref_axis',(1.,0.,0.));
#9022=DIRECTION('center_axis',(0.,0.,1.));
#9023=DIRECTION('ref_axis',(1.,0.,0.));
#9024=DIRECTION('center_axis',(0.,0.,1.));
#9025=DIRECTION('ref_axis',(1.,0.,0.));
#9026=DIRECTION('center_axis',(0.,0.,-1.));
#9027=DIRECTION('ref_axis',(-0.8,-0.6,0.));
#9028=DIRECTION('center_axis',(0.,0.,1.));
#9029=DIRECTION('ref_axis',(-0.8,-0.6,0.));
#9030=DIRECTION('',(0.,0.,1.));
#9031=DIRECTION('center_axis',(0.,0.,-1.));
#9032=DIRECTION('ref_axis',(-0.8,-0.6,0.));
#9033=DIRECTION('center_axis',(0.,0.,-1.));
#9034=DIRECTION('ref_axis',(1.,0.,0.));
#9035=DIRECTION('center_axis',(0.,0.,-1.));
#9036=DIRECTION('ref_axis',(1.,0.,0.));
#9037=DIRECTION('',(0.,0.,1.));
#9038=DIRECTION('center_axis',(0.,0.,1.));
#9039=DIRECTION('ref_axis',(1.,0.,0.));
#9040=DIRECTION('center_axis',(0.,0.,1.));
#9041=DIRECTION('ref_axis',(1.,0.,0.));
#9042=DIRECTION('center_axis',(0.,0.,1.));
#9043=DIRECTION('ref_axis',(1.,0.,0.));
#9044=DIRECTION('center_axis',(0.,-1.,0.));
#9045=DIRECTION('ref_axis',(0.,0.,-1.));
#9046=DIRECTION('center_axis',(0.,1.,0.));
#9047=DIRECTION('ref_axis',(1.,0.,0.));
#9048=DIRECTION('center_axis',(0.,-1.,0.));
#9049=DIRECTION('ref_axis',(1.,0.,0.));
#9050=DIRECTION('center_axis',(0.,-1.,0.));
#9051=DIRECTION('ref_axis',(1.,0.,0.));
#9052=DIRECTION('',(0.,1.,0.));
#9053=DIRECTION('center_axis',(0.,-1.,0.));
#9054=DIRECTION('ref_axis',(0.,0.,-1.));
#9055=DIRECTION('center_axis',(0.,-1.,0.));
#9056=DIRECTION('ref_axis',(0.,0.,-1.));
#9057=DIRECTION('center_axis',(0.,1.,0.));
#9058=DIRECTION('ref_axis',(1.,0.,0.));
#9059=DIRECTION('center_axis',(0.,-1.,0.));
#9060=DIRECTION('ref_axis',(1.,0.,0.));
#9061=DIRECTION('center_axis',(0.,-1.,0.));
#9062=DIRECTION('ref_axis',(1.,0.,0.));
#9063=DIRECTION('',(0.,1.,0.));
#9064=DIRECTION('center_axis',(0.,-1.,0.));
#9065=DIRECTION('ref_axis',(0.,0.,-1.));
#9066=DIRECTION('center_axis',(0.,-1.,0.));
#9067=DIRECTION('ref_axis',(0.,0.,-1.));
#9068=DIRECTION('center_axis',(0.,1.,0.));
#9069=DIRECTION('ref_axis',(1.,0.,0.));
#9070=DIRECTION('center_axis',(0.,-1.,0.));
#9071=DIRECTION('ref_axis',(1.,0.,0.));
#9072=DIRECTION('center_axis',(0.,-1.,0.));
#9073=DIRECTION('ref_axis',(1.,0.,0.));
#9074=DIRECTION('',(0.,1.,0.));
#9075=DIRECTION('center_axis',(0.,-1.,0.));
#9076=DIRECTION('ref_axis',(0.,0.,-1.));
#9077=DIRECTION('center_axis',(0.,-1.,0.));
#9078=DIRECTION('ref_axis',(0.,0.,-1.));
#9079=DIRECTION('center_axis',(0.,1.,0.));
#9080=DIRECTION('ref_axis',(1.,0.,0.));
#9081=DIRECTION('center_axis',(0.,-1.,0.));
#9082=DIRECTION('ref_axis',(1.,0.,0.));
#9083=DIRECTION('center_axis',(0.,-1.,0.));
#9084=DIRECTION('ref_axis',(1.,0.,0.));
#9085=DIRECTION('',(0.,1.,0.));
#9086=DIRECTION('center_axis',(0.,-1.,0.));
#9087=DIRECTION('ref_axis',(0.,0.,-1.));
#9088=DIRECTION('center_axis',(0.,-1.,0.));
#9089=DIRECTION('ref_axis',(0.,0.,-1.));
#9090=DIRECTION('center_axis',(0.,1.,0.));
#9091=DIRECTION('ref_axis',(1.,0.,0.));
#9092=DIRECTION('center_axis',(0.,-1.,0.));
#9093=DIRECTION('ref_axis',(1.,0.,0.));
#9094=DIRECTION('center_axis',(0.,-1.,0.));
#9095=DIRECTION('ref_axis',(1.,0.,0.));
#9096=DIRECTION('',(0.,1.,0.));
#9097=DIRECTION('center_axis',(0.,-1.,0.));
#9098=DIRECTION('ref_axis',(0.,0.,-1.));
#9099=DIRECTION('center_axis',(0.,0.,1.));
#9100=DIRECTION('ref_axis',(1.,0.,0.));
#9101=DIRECTION('center_axis',(0.,0.,1.));
#9102=DIRECTION('ref_axis',(1.,0.,0.));
#9103=DIRECTION('',(0.,0.,-1.));
#9104=DIRECTION('center_axis',(0.,0.,1.));
#9105=DIRECTION('ref_axis',(1.,0.,0.));
#9106=DIRECTION('center_axis',(0.,0.,1.));
#9107=DIRECTION('ref_axis',(1.,0.,0.));
#9108=DIRECTION('center_axis',(0.,0.,1.));
#9109=DIRECTION('ref_axis',(1.,0.,0.));
#9110=DIRECTION('center_axis',(0.,0.,1.));
#9111=DIRECTION('ref_axis',(1.,0.,0.));
#9112=CARTESIAN_POINT('',(0.,0.,0.));
#9113=CARTESIAN_POINT('Origin',(0.,0.,19.01));
#9114=CARTESIAN_POINT('',(8.65235084208329,-7.95924879384235,19.01));
#9115=CARTESIAN_POINT('',(8.92949834094055,-7.95924879384235,19.01));
#9116=CARTESIAN_POINT('',(4.46474917047028,-7.95924879384235,19.01));
#9117=CARTESIAN_POINT('',(9.78427957425821,-6.77043189084936,19.01));
#9118=CARTESIAN_POINT('Ctrl Pts',(8.92949834094055,-7.95924879384235,19.01));
#9119=CARTESIAN_POINT('Ctrl Pts',(9.12690515591608,-7.79296029452799,19.01));
#9120=CARTESIAN_POINT('Ctrl Pts',(9.29756966837028,-7.6154886505229,19.01));
#9121=CARTESIAN_POINT('Ctrl Pts',(9.44149187830318,-7.42683386182708,19.01));
#9122=CARTESIAN_POINT('Ctrl Pts',(9.58541408823607,-7.23817907313126,19.01));
#9123=CARTESIAN_POINT('Ctrl Pts',(9.69967665355441,-7.01937841613869,19.01));
#9124=CARTESIAN_POINT('Ctrl Pts',(9.78427957425821,-6.77043189084936,19.01));
#9125=CARTESIAN_POINT('',(9.73760210076646,-5.58161498785638,19.01));
#9126=CARTESIAN_POINT('Ctrl Pts',(9.78427957425821,-6.77043189084936,19.01));
#9127=CARTESIAN_POINT('Ctrl Pts',(9.86985494232641,-6.51954047083121,19.01));
#9128=CARTESIAN_POINT('Ctrl Pts',(9.90437682376302,-6.30025359015643,19.01));
#9129=CARTESIAN_POINT('Ctrl Pts',(9.88784521856803,-6.11257124882502,19.01));
#9130=CARTESIAN_POINT('Ctrl Pts',(9.87131361337303,-5.92488890749361,19.01));
#9131=CARTESIAN_POINT('Ctrl Pts',(9.82123257410584,-5.74790348717073,19.01));
#9132=CARTESIAN_POINT('Ctrl Pts',(9.73760210076646,-5.58161498785638,19.01));
#9133=CARTESIAN_POINT('',(9.4604546019092,-5.58161498785638,19.01));
#9134=CARTESIAN_POINT('',(4.7302273009546,-5.58161498785638,19.01));
#9135=CARTESIAN_POINT('',(9.45607858876935,-5.59328435622931,19.01));
#9136=CARTESIAN_POINT('',(9.79261363843083,-4.69585755713208,19.01));
#9137=CARTESIAN_POINT('',(9.6471644958762,-6.06589377533327,19.01));
#9138=CARTESIAN_POINT('Ctrl Pts',(9.45607858876935,-5.59328435622931,19.01));
#9139=CARTESIAN_POINT('Ctrl Pts',(9.49886627280345,-5.64871385600077,19.01));
#9140=CARTESIAN_POINT('Ctrl Pts',(9.53776416737991,-5.71629894782736,19.01));
#9141=CARTESIAN_POINT('Ctrl Pts',(9.57277227249872,-5.7960396317091,19.01));
#9142=CARTESIAN_POINT('Ctrl Pts',(9.60778037761753,-5.87578031559084,19.01));
#9143=CARTESIAN_POINT('Ctrl Pts',(9.63257778541002,-5.96573169679889,19.01));
#9144=CARTESIAN_POINT('Ctrl Pts',(9.6471644958762,-6.06589377533327,19.01));
#9145=CARTESIAN_POINT('',(9.5713136014521,-6.77043189084936,19.01));
#9146=CARTESIAN_POINT('Ctrl Pts',(9.6471644958762,-6.06589377533327,19.01));
#9147=CARTESIAN_POINT('Ctrl Pts',(9.66272365370678,-6.16605585386765,19.01));
#9148=CARTESIAN_POINT('Ctrl Pts',(9.66539788395891,-6.27521307052283,19.01));
#9149=CARTESIAN_POINT('Ctrl Pts',(9.65518718663259,-6.39336542529882,19.01));
#9150=CARTESIAN_POINT('Ctrl Pts',(9.64497648930627,-6.51151778007481,19.01));
#9151=CARTESIAN_POINT('Ctrl Pts',(9.61701862757944,-6.63720660192499,19.01));
#9152=CARTESIAN_POINT('Ctrl Pts',(9.5713136014521,-6.77043189084936,19.01));
#9153=CARTESIAN_POINT('',(9.16872039258577,-7.47497000636545,19.01));
#9154=CARTESIAN_POINT('Ctrl Pts',(9.5713136014521,-6.77043189084936,19.01));
#9155=CARTESIAN_POINT('Ctrl Pts',(9.52560857532477,-6.90462962713814,19.01));
#9156=CARTESIAN_POINT('Ctrl Pts',(9.46847729266559,-7.02958911346501,19.01));
#9157=CARTESIAN_POINT('Ctrl Pts',(9.39991975347459,-7.14531034982997,19.01));
#9158=CARTESIAN_POINT('Ctrl Pts',(9.33136221428358,-7.26103158619493,19.01));
#9159=CARTESIAN_POINT('Ctrl Pts',(9.25429576065397,-7.37091813837342,19.01));
#9160=CARTESIAN_POINT('Ctrl Pts',(9.16872039258577,-7.47497000636545,19.01));
#9161=CARTESIAN_POINT('',(8.65672685522314,-7.94757942546941,19.01));
#9162=CARTESIAN_POINT('Ctrl Pts',(9.16872039258577,-7.47497000636545,19.01));
#9163=CARTESIAN_POINT('Ctrl Pts',(9.08897970870403,-7.57221474280659,19.01));
#9164=CARTESIAN_POINT('Ctrl Pts',(9.00389056431803,-7.66143678849134,19.01));
#9165=CARTESIAN_POINT('Ctrl Pts',(8.91345295942777,-7.7426361434197,19.01));
#9166=CARTESIAN_POINT('Ctrl Pts',(8.8230153545375,-7.82383549834805,19.01));
#9167=CARTESIAN_POINT('Ctrl Pts',(8.73743998646929,-7.89214992569796,19.01));
#9168=CARTESIAN_POINT('Ctrl Pts',(8.65672685522314,-7.94757942546941,19.01));
#9169=CARTESIAN_POINT('',(9.42735641381937,-5.89256726921294,19.01));
#9170=CARTESIAN_POINT('Origin',(9.45607858876935,-5.59328435622931,-35.4245908809103));
#9171=CARTESIAN_POINT('',(9.4604546019092,-5.58161498785638,19.005));
#9172=CARTESIAN_POINT('',(9.4604546019092,-5.58161498785638,-35.4245908809103));
#9173=CARTESIAN_POINT('',(9.45607858876935,-5.59328435622931,19.005));
#9174=CARTESIAN_POINT('',(9.79261363843083,-4.69585755713208,19.005));
#9175=CARTESIAN_POINT('',(9.45607858876935,-5.59328435622931,-35.4245908809103));
#9176=CARTESIAN_POINT('Origin',(9.4604546019092,-5.58161498785638,-35.4245908809103));
#9177=CARTESIAN_POINT('',(9.73760210076646,-5.58161498785638,19.005));
#9178=CARTESIAN_POINT('',(9.73760210076646,-5.58161498785638,-35.4245908809103));
#9179=CARTESIAN_POINT('',(4.7302273009546,-5.58161498785638,19.005));
#9180=CARTESIAN_POINT('Ctrl Pts',(9.78427957425821,-6.77043189084936,-35.4245908809103));
#9181=CARTESIAN_POINT('Ctrl Pts',(9.78427957425821,-6.77043189084936,73.4245908809103));
#9182=CARTESIAN_POINT('Ctrl Pts',(9.91264262636052,-6.39409476082213,-35.4245908809103));
#9183=CARTESIAN_POINT('Ctrl Pts',(9.91264262636052,-6.39409476082213,73.4245908809103));
#9184=CARTESIAN_POINT('Ctrl Pts',(9.86304781077554,-5.83104773682791,-35.4245908809103));
#9185=CARTESIAN_POINT('Ctrl Pts',(9.86304781077554,-5.83104773682791,73.4245908809103));
#9186=CARTESIAN_POINT('Ctrl Pts',(9.73760210076646,-5.58161498785638,-35.4245908809103));
#9187=CARTESIAN_POINT('Ctrl Pts',(9.73760210076646,-5.58161498785638,73.4245908809103));
#9188=CARTESIAN_POINT('',(9.78427957425821,-6.77043189084936,19.005));
#9189=CARTESIAN_POINT('',(9.78427957425821,-6.77043189084936,-35.4245908809103));
#9190=CARTESIAN_POINT('Ctrl Pts',(9.73760210076646,-5.58161498785638,19.005));
#9191=CARTESIAN_POINT('Ctrl Pts',(9.86304781077554,-5.83104773682791,19.005));
#9192=CARTESIAN_POINT('Ctrl Pts',(9.91264262636052,-6.39409476082213,19.005));
#9193=CARTESIAN_POINT('Ctrl Pts',(9.78427957425821,-6.77043189084936,19.005));
#9194=CARTESIAN_POINT('Ctrl Pts',(8.92949834094055,-7.95924879384235,-35.4245908809103));
#9195=CARTESIAN_POINT('Ctrl Pts',(8.92949834094055,-7.95924879384235,73.4245908809103));
#9196=CARTESIAN_POINT('Ctrl Pts',(9.22560856340384,-7.70981604487081,-35.4245908809103));
#9197=CARTESIAN_POINT('Ctrl Pts',(9.22560856340384,-7.70981604487081,73.4245908809103));
#9198=CARTESIAN_POINT('Ctrl Pts',(9.65737519320252,-7.14385167878335,-35.4245908809103));
#9199=CARTESIAN_POINT('Ctrl Pts',(9.65737519320252,-7.14385167878335,73.4245908809103));
#9200=CARTESIAN_POINT('Ctrl Pts',(9.78427957425821,-6.77043189084936,-35.4245908809103));
#9201=CARTESIAN_POINT('Ctrl Pts',(9.78427957425821,-6.77043189084936,73.4245908809103));
#9202=CARTESIAN_POINT('',(8.92949834094055,-7.95924879384235,19.005));
#9203=CARTESIAN_POINT('',(8.92949834094055,-7.95924879384235,-35.4245908809103));
#9204=CARTESIAN_POINT('Ctrl Pts',(9.78427957425821,-6.77043189084936,19.005));
#9205=CARTESIAN_POINT('Ctrl Pts',(9.65737519320252,-7.14385167878335,19.005));
#9206=CARTESIAN_POINT('Ctrl Pts',(9.22560856340384,-7.70981604487081,19.005));
#9207=CARTESIAN_POINT('Ctrl Pts',(8.92949834094055,-7.95924879384235,19.005));
#9208=CARTESIAN_POINT('Origin',(8.92949834094055,-7.95924879384235,-35.4245908809103));
#9209=CARTESIAN_POINT('',(8.65235084208329,-7.95924879384235,19.005));
#9210=CARTESIAN_POINT('',(8.65235084208329,-7.95924879384235,-35.4245908809103));
#9211=CARTESIAN_POINT('',(4.46474917047028,-7.95924879384235,19.005));
#9212=CARTESIAN_POINT('Origin',(8.65235084208329,-7.95924879384235,-35.4245908809103));
#9213=CARTESIAN_POINT('',(8.65672685522314,-7.94757942546941,19.005));
#9214=CARTESIAN_POINT('',(8.65672685522314,-7.94757942546941,-35.4245908809103));
#9215=CARTESIAN_POINT('',(9.42735641381937,-5.89256726921294,19.005));
#9216=CARTESIAN_POINT('Ctrl Pts',(9.16872039258577,-7.47497000636545,-35.4245908809103));
#9217=CARTESIAN_POINT('Ctrl Pts',(9.16872039258577,-7.47497000636545,73.4245908809103));
#9218=CARTESIAN_POINT('Ctrl Pts',(9.04910936676316,-7.62083711102716,-35.4245908809103));
#9219=CARTESIAN_POINT('Ctrl Pts',(9.04910936676316,-7.62083711102716,73.4245908809103));
#9220=CARTESIAN_POINT('Ctrl Pts',(8.77779655209237,-7.86443517581223,-35.4245908809103));
#9221=CARTESIAN_POINT('Ctrl Pts',(8.77779655209237,-7.86443517581223,73.4245908809103));
#9222=CARTESIAN_POINT('Ctrl Pts',(8.65672685522314,-7.94757942546941,-35.4245908809103));
#9223=CARTESIAN_POINT('Ctrl Pts',(8.65672685522314,-7.94757942546941,73.4245908809103));
#9224=CARTESIAN_POINT('',(9.16872039258577,-7.47497000636545,19.005));
#9225=CARTESIAN_POINT('',(9.16872039258577,-7.47497000636545,-35.4245908809103));
#9226=CARTESIAN_POINT('Ctrl Pts',(8.65672685522314,-7.94757942546941,19.005));
#9227=CARTESIAN_POINT('Ctrl Pts',(8.77779655209237,-7.86443517581223,19.005));
#9228=CARTESIAN_POINT('Ctrl Pts',(9.04910936676316,-7.62083711102716,19.005));
#9229=CARTESIAN_POINT('Ctrl Pts',(9.16872039258577,-7.47497000636545,19.005));
#9230=CARTESIAN_POINT('Ctrl Pts',(9.5713136014521,-6.77043189084936,-35.4245908809103));
#9231=CARTESIAN_POINT('Ctrl Pts',(9.5713136014521,-6.77043189084936,73.4245908809103));
#9232=CARTESIAN_POINT('Ctrl Pts',(9.5027560622611,-6.97172849528253,-35.4245908809103));
#9233=CARTESIAN_POINT('Ctrl Pts',(9.5027560622611,-6.97172849528253,73.4245908809103));
#9234=CARTESIAN_POINT('Ctrl Pts',(9.29708344468808,-7.31889220437741,-35.4245908809103));
#9235=CARTESIAN_POINT('Ctrl Pts',(9.29708344468808,-7.31889220437741,73.4245908809103));
#9236=CARTESIAN_POINT('Ctrl Pts',(9.16872039258577,-7.47497000636545,-35.4245908809103));
#9237=CARTESIAN_POINT('Ctrl Pts',(9.16872039258577,-7.47497000636545,73.4245908809103));
#9238=CARTESIAN_POINT('',(9.5713136014521,-6.77043189084936,19.005));
#9239=CARTESIAN_POINT('',(9.5713136014521,-6.77043189084936,-35.4245908809103));
#9240=CARTESIAN_POINT('Ctrl Pts',(9.16872039258577,-7.47497000636545,19.005));
#9241=CARTESIAN_POINT('Ctrl Pts',(9.29708344468808,-7.31889220437741,19.005));
#9242=CARTESIAN_POINT('Ctrl Pts',(9.5027560622611,-6.97172849528253,19.005));
#9243=CARTESIAN_POINT('Ctrl Pts',(9.5713136014521,-6.77043189084936,19.005));
#9244=CARTESIAN_POINT('Ctrl Pts',(9.6471644958762,-6.06589377533327,-35.4245908809103));
#9245=CARTESIAN_POINT('Ctrl Pts',(9.6471644958762,-6.06589377533327,73.4245908809103));
#9246=CARTESIAN_POINT('Ctrl Pts',(9.67050323262207,-6.21613689313484,-35.4245908809103));
#9247=CARTESIAN_POINT('Ctrl Pts',(9.67050323262207,-6.21613689313484,73.4245908809103));
#9248=CARTESIAN_POINT('Ctrl Pts',(9.63987114064311,-6.57059395746281,-35.4245908809103));
#9249=CARTESIAN_POINT('Ctrl Pts',(9.63987114064311,-6.57059395746281,73.4245908809103));
#9250=CARTESIAN_POINT('Ctrl Pts',(9.5713136014521,-6.77043189084936,-35.4245908809103));
#9251=CARTESIAN_POINT('Ctrl Pts',(9.5713136014521,-6.77043189084936,73.4245908809103));
#9252=CARTESIAN_POINT('',(9.6471644958762,-6.06589377533327,19.005));
#9253=CARTESIAN_POINT('',(9.6471644958762,-6.06589377533327,-35.4245908809103));
#9254=CARTESIAN_POINT('Ctrl Pts',(9.5713136014521,-6.77043189084936,19.005));
#9255=CARTESIAN_POINT('Ctrl Pts',(9.63987114064311,-6.57059395746281,19.005));
#9256=CARTESIAN_POINT('Ctrl Pts',(9.67050323262207,-6.21613689313484,19.005));
#9257=CARTESIAN_POINT('Ctrl Pts',(9.6471644958762,-6.06589377533327,19.005));
#9258=CARTESIAN_POINT('Ctrl Pts',(9.45607858876935,-5.59328435622931,-35.4245908809103));
#9259=CARTESIAN_POINT('Ctrl Pts',(9.45607858876935,-5.59328435622931,73.4245908809103));
#9260=CARTESIAN_POINT('Ctrl Pts',(9.5202601148205,-5.67642860588649,-35.4245908809103));
#9261=CARTESIAN_POINT('Ctrl Pts',(9.5202601148205,-5.67642860588649,73.4245908809103));
#9262=CARTESIAN_POINT('Ctrl Pts',(9.62528443017694,-5.91565065753171,-35.4245908809103));
#9263=CARTESIAN_POINT('Ctrl Pts',(9.62528443017694,-5.91565065753171,73.4245908809103));
#9264=CARTESIAN_POINT('Ctrl Pts',(9.6471644958762,-6.06589377533327,-35.4245908809103));
#9265=CARTESIAN_POINT('Ctrl Pts',(9.6471644958762,-6.06589377533327,73.4245908809103));
#9266=CARTESIAN_POINT('Ctrl Pts',(9.6471644958762,-6.06589377533327,19.005));
#9267=CARTESIAN_POINT('Ctrl Pts',(9.62528443017694,-5.91565065753171,19.005));
#9268=CARTESIAN_POINT('Ctrl Pts',(9.5202601148205,-5.67642860588649,19.005));
#9269=CARTESIAN_POINT('Ctrl Pts',(9.45607858876935,-5.59328435622931,19.005));
#9270=CARTESIAN_POINT('Ctrl Pts',(-9.92236626553961,-6.77043189084936,-35.4245908809103));
#9271=CARTESIAN_POINT('Ctrl Pts',(-9.92236626553961,-6.77043189084936,73.4245908809103));
#9272=CARTESIAN_POINT('Ctrl Pts',(-9.85526739739522,-6.57205262850943,-35.4245908809103));
#9273=CARTESIAN_POINT('Ctrl Pts',(-9.85526739739522,-6.57205262850943,73.4245908809103));
#9274=CARTESIAN_POINT('Ctrl Pts',(-9.64230142458911,-6.21467822208822,-35.4245908809103));
#9275=CARTESIAN_POINT('Ctrl Pts',(-9.64230142458911,-6.21467822208822,73.4245908809103));
#9276=CARTESIAN_POINT('Ctrl Pts',(-9.51977305667327,-6.06589377533327,-35.4245908809103));
#9277=CARTESIAN_POINT('Ctrl Pts',(-9.51977305667327,-6.06589377533327,73.4245908809103));
#9278=CARTESIAN_POINT('',(-9.92236626553961,-6.77043189084936,19.01));
#9279=CARTESIAN_POINT('',(-9.51977305667327,-6.06589377533327,19.01));
#9280=CARTESIAN_POINT('Ctrl Pts',(-9.92236626553961,-6.77043189084936,19.01));
#9281=CARTESIAN_POINT('Ctrl Pts',(-9.87763368677668,-6.6381790492894,19.01));
#9282=CARTESIAN_POINT('Ctrl Pts',(-9.8197730685942,-6.51249022743923,19.01));
#9283=CARTESIAN_POINT('Ctrl Pts',(-9.74878441099216,-6.39336542529882,19.01));
#9284=CARTESIAN_POINT('Ctrl Pts',(-9.67779575339013,-6.27424062315842,19.01));
#9285=CARTESIAN_POINT('Ctrl Pts',(-9.60145863528383,-6.16508340650324,19.01));
#9286=CARTESIAN_POINT('Ctrl Pts',(-9.51977305667327,-6.06589377533327,19.01));
#9287=CARTESIAN_POINT('',(-9.92236626553961,-6.77043189084936,19.005));
#9288=CARTESIAN_POINT('',(-9.92236626553961,-6.77043189084936,-35.4245908809103));
#9289=CARTESIAN_POINT('',(-9.51977305667327,-6.06589377533327,19.005));
#9290=CARTESIAN_POINT('Ctrl Pts',(-9.51977305667327,-6.06589377533327,19.005));
#9291=CARTESIAN_POINT('Ctrl Pts',(-9.64230142458911,-6.21467822208822,19.005));
#9292=CARTESIAN_POINT('Ctrl Pts',(-9.85526739739522,-6.57205262850943,19.005));
#9293=CARTESIAN_POINT('Ctrl Pts',(-9.92236626553961,-6.77043189084936,19.005));
#9294=CARTESIAN_POINT('',(-9.51977305667327,-6.06589377533327,-35.4245908809103));
#9295=CARTESIAN_POINT('Ctrl Pts',(-9.51977305667327,-6.06589377533327,-35.4245908809103));
#9296=CARTESIAN_POINT('Ctrl Pts',(-9.51977305667327,-6.06589377533327,73.4245908809103));
#9297=CARTESIAN_POINT('Ctrl Pts',(-9.39141000457096,-5.91273331543847,-35.4245908809103));
#9298=CARTESIAN_POINT('Ctrl Pts',(-9.39141000457096,-5.91273331543847,73.4245908809103));
#9299=CARTESIAN_POINT('Ctrl Pts',(-9.13468390036634,-5.68226329007296,-35.4245908809103));
#9300=CARTESIAN_POINT('Ctrl Pts',(-9.13468390036634,-5.68226329007296,73.4245908809103));
#9301=CARTESIAN_POINT('Ctrl Pts',(-9.00777951931065,-5.59328435622931,-35.4245908809103));
#9302=CARTESIAN_POINT('Ctrl Pts',(-9.00777951931065,-5.59328435622931,73.4245908809103));
#9303=CARTESIAN_POINT('',(-9.00777951931065,-5.59328435622931,19.01));
#9304=CARTESIAN_POINT('Ctrl Pts',(-9.51977305667327,-6.06589377533327,19.01));
#9305=CARTESIAN_POINT('Ctrl Pts',(-9.43419768860506,-5.96378680207007,19.01));
#9306=CARTESIAN_POINT('Ctrl Pts',(-9.34862232053686,-5.87432164454422,19.01));
#9307=CARTESIAN_POINT('Ctrl Pts',(-9.26304695246865,-5.79749830275571,19.01));
#9308=CARTESIAN_POINT('Ctrl Pts',(-9.17747158440044,-5.72067496096721,19.01));
#9309=CARTESIAN_POINT('Ctrl Pts',(-9.09238244001444,-5.65260364545841,19.01));
#9310=CARTESIAN_POINT('Ctrl Pts',(-9.00777951931065,-5.59328435622931,19.01));
#9311=CARTESIAN_POINT('',(-9.00777951931065,-5.59328435622931,19.005));
#9312=CARTESIAN_POINT('Ctrl Pts',(-9.00777951931065,-5.59328435622931,19.005));
#9313=CARTESIAN_POINT('Ctrl Pts',(-9.13468390036634,-5.68226329007296,19.005));
#9314=CARTESIAN_POINT('Ctrl Pts',(-9.39141000457096,-5.91273331543847,19.005));
#9315=CARTESIAN_POINT('Ctrl Pts',(-9.51977305667327,-6.06589377533327,19.005));
#9316=CARTESIAN_POINT('',(-9.00777951931065,-5.59328435622931,-35.4245908809103));
#9317=CARTESIAN_POINT('Origin',(-9.00340350617079,-5.58161498785638,-35.4245908809103));
#9318=CARTESIAN_POINT('',(-9.00340350617079,-5.58161498785638,19.01));
#9319=CARTESIAN_POINT('',(-7.53087342901939,-1.65486811545287,19.01));
#9320=CARTESIAN_POINT('',(-9.00340350617079,-5.58161498785638,19.005));
#9321=CARTESIAN_POINT('',(-7.53087342901939,-1.65486811545287,19.005));
#9322=CARTESIAN_POINT('',(-9.00340350617079,-5.58161498785638,-35.4245908809103));
#9323=CARTESIAN_POINT('Origin',(-9.28055100502806,-5.58161498785638,-35.4245908809103));
#9324=CARTESIAN_POINT('',(-9.28055100502806,-5.58161498785638,19.01));
#9325=CARTESIAN_POINT('',(-4.64027550251403,-5.58161498785638,19.01));
#9326=CARTESIAN_POINT('',(-9.28055100502806,-5.58161498785638,19.005));
#9327=CARTESIAN_POINT('',(-4.64027550251403,-5.58161498785638,19.005));
#9328=CARTESIAN_POINT('',(-9.28055100502806,-5.58161498785638,-35.4245908809103));
#9329=CARTESIAN_POINT('Ctrl Pts',(-9.28055100502806,-5.58161498785638,-35.4245908809103));
#9330=CARTESIAN_POINT('Ctrl Pts',(-9.28055100502806,-5.58161498785638,73.4245908809103));
#9331=CARTESIAN_POINT('Ctrl Pts',(-9.57811989853796,-5.83104773682791,-35.4245908809103));
#9332=CARTESIAN_POINT('Ctrl Pts',(-9.57811989853796,-5.83104773682791,73.4245908809103));
#9333=CARTESIAN_POINT('Ctrl Pts',(-10.00842785729,-6.39847077396198,-35.4245908809103));
#9334=CARTESIAN_POINT('Ctrl Pts',(-10.00842785729,-6.39847077396198,73.4245908809103));
#9335=CARTESIAN_POINT('Ctrl Pts',(-10.1353322383457,-6.77043189084936,-35.4245908809103));
#9336=CARTESIAN_POINT('Ctrl Pts',(-10.1353322383457,-6.77043189084936,73.4245908809103));
#9337=CARTESIAN_POINT('',(-10.1353322383457,-6.77043189084936,19.01));
#9338=CARTESIAN_POINT('Ctrl Pts',(-9.28055100502806,-5.58161498785638,19.01));
#9339=CARTESIAN_POINT('Ctrl Pts',(-9.47893026736799,-5.74790348717073,19.01));
#9340=CARTESIAN_POINT('Ctrl Pts',(-9.6498378916633,-5.92561824301692,19.01));
#9341=CARTESIAN_POINT('Ctrl Pts',(-9.79327387791399,-6.11475925539495,19.01));
#9342=CARTESIAN_POINT('Ctrl Pts',(-9.93670986416467,-6.30390026777297,19.01));
#9343=CARTESIAN_POINT('Ctrl Pts',(-10.0507293176419,-6.52245781292444,19.01));
#9344=CARTESIAN_POINT('Ctrl Pts',(-10.1353322383457,-6.77043189084936,19.01));
#9345=CARTESIAN_POINT('',(-10.1353322383457,-6.77043189084936,19.005));
#9346=CARTESIAN_POINT('Ctrl Pts',(-10.1353322383457,-6.77043189084936,19.005));
#9347=CARTESIAN_POINT('Ctrl Pts',(-10.00842785729,-6.39847077396198,19.005));
#9348=CARTESIAN_POINT('Ctrl Pts',(-9.57811989853796,-5.83104773682791,19.005));
#9349=CARTESIAN_POINT('Ctrl Pts',(-9.28055100502806,-5.58161498785638,19.005));
#9350=CARTESIAN_POINT('',(-10.1353322383457,-6.77043189084936,-35.4245908809103));
#9351=CARTESIAN_POINT('Ctrl Pts',(-10.1353322383457,-6.77043189084936,-35.4245908809103));
#9352=CARTESIAN_POINT('Ctrl Pts',(-10.1353322383457,-6.77043189084936,73.4245908809103));
#9353=CARTESIAN_POINT('Ctrl Pts',(-10.2651539614946,-7.15114503401644,-35.4245908809103));
#9354=CARTESIAN_POINT('Ctrl Pts',(-10.2651539614946,-7.15114503401644,73.4245908809103));
#9355=CARTESIAN_POINT('Ctrl Pts',(-10.214100474863,-7.70981604487081,-35.4245908809103));
#9356=CARTESIAN_POINT('Ctrl Pts',(-10.214100474863,-7.70981604487081,73.4245908809103));
#9357=CARTESIAN_POINT('Ctrl Pts',(-10.088654764854,-7.95924879384235,-35.4245908809103));
#9358=CARTESIAN_POINT('Ctrl Pts',(-10.088654764854,-7.95924879384235,73.4245908809103));
#9359=CARTESIAN_POINT('',(-10.088654764854,-7.95924879384235,19.01));
#9360=CARTESIAN_POINT('Ctrl Pts',(-10.1353322383457,-6.77043189084936,19.01));
#9361=CARTESIAN_POINT('Ctrl Pts',(-10.2218800537783,-7.02424065296075,19.01));
#9362=CARTESIAN_POINT('Ctrl Pts',(-10.256645047056,-7.24425686915883,19.01));
#9363=CARTESIAN_POINT('Ctrl Pts',(-10.2396272181788,-7.43048053944363,19.01));
#9364=CARTESIAN_POINT('Ctrl Pts',(-10.2226093893016,-7.61670420972842,19.01));
#9365=CARTESIAN_POINT('Ctrl Pts',(-10.1722852381933,-7.79296029452799,19.01));
#9366=CARTESIAN_POINT('Ctrl Pts',(-10.088654764854,-7.95924879384235,19.01));
#9367=CARTESIAN_POINT('',(-10.088654764854,-7.95924879384235,19.005));
#9368=CARTESIAN_POINT('Ctrl Pts',(-10.088654764854,-7.95924879384235,19.005));
#9369=CARTESIAN_POINT('Ctrl Pts',(-10.214100474863,-7.70981604487081,19.005));
#9370=CARTESIAN_POINT('Ctrl Pts',(-10.2651539614946,-7.15114503401644,19.005));
#9371=CARTESIAN_POINT('Ctrl Pts',(-10.1353322383457,-6.77043189084936,19.005));
#9372=CARTESIAN_POINT('',(-10.088654764854,-7.95924879384235,-35.4245908809103));
#9373=CARTESIAN_POINT('Origin',(-9.8115072659967,-7.95924879384235,-35.4245908809103));
#9374=CARTESIAN_POINT('',(-9.8115072659967,-7.95924879384235,19.01));
#9375=CARTESIAN_POINT('',(-4.90575363299835,-7.95924879384235,19.01));
#9376=CARTESIAN_POINT('',(-9.8115072659967,-7.95924879384235,19.005));
#9377=CARTESIAN_POINT('',(-4.90575363299835,-7.95924879384235,19.005));
#9378=CARTESIAN_POINT('',(-9.8115072659967,-7.95924879384235,-35.4245908809103));
#9379=CARTESIAN_POINT('Origin',(-9.80713125285685,-7.94757942546941,-35.4245908809103));
#9380=CARTESIAN_POINT('',(-9.80713125285685,-7.94757942546941,19.01));
#9381=CARTESIAN_POINT('',(-7.89613065363033,-2.85157782753363,19.01));
#9382=CARTESIAN_POINT('',(-9.80713125285685,-7.94757942546941,19.005));
#9383=CARTESIAN_POINT('',(-7.89613065363033,-2.85157782753363,19.005));
#9384=CARTESIAN_POINT('',(-9.80713125285685,-7.94757942546941,-35.4245908809103));
#9385=CARTESIAN_POINT('Ctrl Pts',(-9.80713125285685,-7.94757942546941,-35.4245908809103));
#9386=CARTESIAN_POINT('Ctrl Pts',(-9.80713125285685,-7.94757942546941,73.4245908809103));
#9387=CARTESIAN_POINT('Ctrl Pts',(-9.871312778908,-7.86443517581223,-35.4245908809103));
#9388=CARTESIAN_POINT('Ctrl Pts',(-9.871312778908,-7.86443517581223,73.4245908809103));
#9389=CARTESIAN_POINT('Ctrl Pts',(-9.97633709426444,-7.6237544531204,-35.4245908809103));
#9390=CARTESIAN_POINT('Ctrl Pts',(-9.97633709426444,-7.6237544531204,73.4245908809103));
#9391=CARTESIAN_POINT('Ctrl Pts',(-9.9982171599637,-7.47497000636545,-35.4245908809103));
#9392=CARTESIAN_POINT('Ctrl Pts',(-9.9982171599637,-7.47497000636545,73.4245908809103));
#9393=CARTESIAN_POINT('',(-9.9982171599637,-7.47497000636545,19.01));
#9394=CARTESIAN_POINT('Ctrl Pts',(-9.80713125285685,-7.94757942546941,19.01));
#9395=CARTESIAN_POINT('Ctrl Pts',(-9.84991893689095,-7.89214992569796,19.01));
#9396=CARTESIAN_POINT('Ctrl Pts',(-9.88881683146741,-7.82432172203026,19.01));
#9397=CARTESIAN_POINT('Ctrl Pts',(-9.92382493658622,-7.74409481446631,19.01));
#9398=CARTESIAN_POINT('Ctrl Pts',(-9.95883304170503,-7.66386790690237,19.01));
#9399=CARTESIAN_POINT('Ctrl Pts',(-9.98363044949753,-7.57415963753541,19.01));
#9400=CARTESIAN_POINT('Ctrl Pts',(-9.9982171599637,-7.47497000636545,19.01));
#9401=CARTESIAN_POINT('',(-9.9982171599637,-7.47497000636545,19.005));
#9402=CARTESIAN_POINT('Ctrl Pts',(-9.9982171599637,-7.47497000636545,19.005));
#9403=CARTESIAN_POINT('Ctrl Pts',(-9.97633709426444,-7.6237544531204,19.005));
#9404=CARTESIAN_POINT('Ctrl Pts',(-9.871312778908,-7.86443517581223,19.005));
#9405=CARTESIAN_POINT('Ctrl Pts',(-9.80713125285685,-7.94757942546941,19.005));
#9406=CARTESIAN_POINT('',(-9.9982171599637,-7.47497000636545,-35.4245908809103));
#9407=CARTESIAN_POINT('Ctrl Pts',(-9.9982171599637,-7.47497000636545,-35.4245908809103));
#9408=CARTESIAN_POINT('Ctrl Pts',(-9.9982171599637,-7.47497000636545,73.4245908809103));
#9409=CARTESIAN_POINT('Ctrl Pts',(-10.020097225663,-7.32035087542403,-35.4245908809103));
#9410=CARTESIAN_POINT('Ctrl Pts',(-10.020097225663,-7.32035087542403,73.4245908809103));
#9411=CARTESIAN_POINT('Ctrl Pts',(-9.99238247577723,-6.977563179469,-35.4245908809103));
#9412=CARTESIAN_POINT('Ctrl Pts',(-9.99238247577723,-6.977563179469,73.4245908809103));
#9413=CARTESIAN_POINT('Ctrl Pts',(-9.92236626553961,-6.77043189084936,-35.4245908809103));
#9414=CARTESIAN_POINT('Ctrl Pts',(-9.92236626553961,-6.77043189084936,73.4245908809103));
#9415=CARTESIAN_POINT('Ctrl Pts',(-9.9982171599637,-7.47497000636545,19.01));
#9416=CARTESIAN_POINT('Ctrl Pts',(-10.0134975007998,-7.36698893112372,19.01));
#9417=CARTESIAN_POINT('Ctrl Pts',(-10.0150278283082,-7.25765043445791,19.01));
#9418=CARTESIAN_POINT('Ctrl Pts',(-10.0017426644941,-7.09333393465173,19.01));
#9419=CARTESIAN_POINT('Ctrl Pts',(-9.98881553909337,-6.96701099177926,19.01));
#9420=CARTESIAN_POINT('Ctrl Pts',(-9.9223662655396,-6.77043189084936,19.01));
#9421=CARTESIAN_POINT('Ctrl Pts',(-9.92236626553961,-6.77043189084936,19.005));
#9422=CARTESIAN_POINT('Ctrl Pts',(-9.99238247577723,-6.977563179469,19.005));
#9423=CARTESIAN_POINT('Ctrl Pts',(-10.020097225663,-7.32035087542403,19.005));
#9424=CARTESIAN_POINT('Ctrl Pts',(-9.9982171599637,-7.47497000636545,19.005));
#9425=CARTESIAN_POINT('Origin',(0.,0.,19.01));
#9426=CARTESIAN_POINT('Origin',(0.,0.,19.01));
#9427=CARTESIAN_POINT('',(-6.25380858329745,-5.66184189542032,19.01));
#9428=CARTESIAN_POINT('',(-7.3799026312859,-5.66184189542032,19.01));
#9429=CARTESIAN_POINT('',(-3.68995131564295,-5.66184189542032,19.01));
#9430=CARTESIAN_POINT('',(-7.99108579981849,-7.46184196694589,19.01));
#9431=CARTESIAN_POINT('',(-6.44218811000456,-2.90017192104998,19.01));
#9432=CARTESIAN_POINT('',(-6.86499175183004,-7.46184196694589,19.01));
#9433=CARTESIAN_POINT('',(-3.43249587591502,-7.46184196694589,19.01));
#9434=CARTESIAN_POINT('',(-6.79205819949918,-7.24887599413979,19.01));
#9435=CARTESIAN_POINT('',(-5.32462159687975,-2.96396111449107,19.01));
#9436=CARTESIAN_POINT('',(-7.67893019584242,-7.24887599413979,19.01));
#9437=CARTESIAN_POINT('',(-3.83946509792121,-7.24887599413979,19.01));
#9438=CARTESIAN_POINT('',(-7.45283618361676,-6.58080465478913,19.01));
#9439=CARTESIAN_POINT('',(-6.07076578733021,-2.49700954834242,19.01));
#9440=CARTESIAN_POINT('',(-6.62576970018483,-6.58080465478913,19.01));
#9441=CARTESIAN_POINT('',(-3.31288485009241,-6.58080465478913,19.01));
#9442=CARTESIAN_POINT('',(-6.55283614785397,-6.36783868198302,19.01));
#9443=CARTESIAN_POINT('',(-5.23298158058595,-2.51386334556037,19.01));
#9444=CARTESIAN_POINT('',(-7.3799026312859,-6.36783868198302,19.01));
#9445=CARTESIAN_POINT('',(-3.68995131564295,-6.36783868198302,19.01));
#9446=CARTESIAN_POINT('',(-7.21215546092492,-5.87480786822642,19.01));
#9447=CARTESIAN_POINT('',(-5.94229950454065,-2.14253557902744,19.01));
#9448=CARTESIAN_POINT('',(-6.32528346458169,-5.87480786822642,19.01));
#9449=CARTESIAN_POINT('',(-3.16264173229085,-5.87480786822642,19.01));
#9450=CARTESIAN_POINT('',(-5.08333568773027,-2.1743104106691,19.01));
#9451=CARTESIAN_POINT('Origin',(-7.45283618361676,-6.58080465478913,-35.4245908809103));
#9452=CARTESIAN_POINT('',(-7.67893019584242,-7.24887599413979,19.005));
#9453=CARTESIAN_POINT('',(-7.67893019584242,-7.24887599413979,-35.4245908809103));
#9454=CARTESIAN_POINT('',(-7.45283618361676,-6.58080465478913,19.005));
#9455=CARTESIAN_POINT('',(-6.07076578733021,-2.49700954834242,19.005));
#9456=CARTESIAN_POINT('',(-7.45283618361676,-6.58080465478913,-35.4245908809103));
#9457=CARTESIAN_POINT('Origin',(-7.67893019584242,-7.24887599413979,-35.4245908809103));
#9458=CARTESIAN_POINT('',(-6.79205819949918,-7.24887599413979,19.005));
#9459=CARTESIAN_POINT('',(-6.79205819949918,-7.24887599413979,-35.4245908809103));
#9460=CARTESIAN_POINT('',(-3.83946509792121,-7.24887599413979,19.005));
#9461=CARTESIAN_POINT('Origin',(-6.79205819949918,-7.24887599413979,-35.4245908809103));
#9462=CARTESIAN_POINT('',(-6.86499175183004,-7.46184196694589,19.005));
#9463=CARTESIAN_POINT('',(-6.86499175183004,-7.46184196694589,-35.4245908809103));
#9464=CARTESIAN_POINT('',(-5.32462159687975,-2.96396111449107,19.005));
#9465=CARTESIAN_POINT('Origin',(-6.86499175183004,-7.46184196694589,-35.4245908809103));
#9466=CARTESIAN_POINT('',(-7.99108579981849,-7.46184196694589,19.005));
#9467=CARTESIAN_POINT('',(-7.99108579981849,-7.46184196694589,-35.4245908809103));
#9468=CARTESIAN_POINT('',(-3.43249587591502,-7.46184196694589,19.005));
#9469=CARTESIAN_POINT('Origin',(-7.99108579981849,-7.46184196694589,-35.4245908809103));
#9470=CARTESIAN_POINT('',(-7.3799026312859,-5.66184189542032,19.005));
#9471=CARTESIAN_POINT('',(-7.3799026312859,-5.66184189542032,-35.4245908809103));
#9472=CARTESIAN_POINT('',(-6.44218811000456,-2.90017192104998,19.005));
#9473=CARTESIAN_POINT('Origin',(-7.3799026312859,-5.66184189542032,-35.4245908809103));
#9474=CARTESIAN_POINT('',(-6.25380858329745,-5.66184189542032,19.005));
#9475=CARTESIAN_POINT('',(-6.25380858329745,-5.66184189542032,-35.4245908809103));
#9476=CARTESIAN_POINT('',(-3.68995131564295,-5.66184189542032,19.005));
#9477=CARTESIAN_POINT('Origin',(-6.25380858329745,-5.66184189542032,-35.4245908809103));
#9478=CARTESIAN_POINT('',(-6.32528346458169,-5.87480786822642,19.005));
#9479=CARTESIAN_POINT('',(-6.32528346458169,-5.87480786822642,-35.4245908809103));
#9480=CARTESIAN_POINT('',(-5.08333568773027,-2.1743104106691,19.005));
#9481=CARTESIAN_POINT('Origin',(-6.32528346458169,-5.87480786822642,-35.4245908809103));
#9482=CARTESIAN_POINT('',(-7.21215546092492,-5.87480786822642,19.005));
#9483=CARTESIAN_POINT('',(-7.21215546092492,-5.87480786822642,-35.4245908809103));
#9484=CARTESIAN_POINT('',(-3.16264173229085,-5.87480786822642,19.005));
#9485=CARTESIAN_POINT('Origin',(-7.21215546092492,-5.87480786822642,-35.4245908809103));
#9486=CARTESIAN_POINT('',(-7.3799026312859,-6.36783868198302,19.005));
#9487=CARTESIAN_POINT('',(-7.3799026312859,-6.36783868198302,-35.4245908809103));
#9488=CARTESIAN_POINT('',(-5.94229950454065,-2.14253557902744,19.005));
#9489=CARTESIAN_POINT('Origin',(-7.3799026312859,-6.36783868198302,-35.4245908809103));
#9490=CARTESIAN_POINT('',(-6.55283614785397,-6.36783868198302,19.005));
#9491=CARTESIAN_POINT('',(-6.55283614785397,-6.36783868198302,-35.4245908809103));
#9492=CARTESIAN_POINT('',(-3.68995131564295,-6.36783868198302,19.005));
#9493=CARTESIAN_POINT('Origin',(-6.55283614785397,-6.36783868198302,-35.4245908809103));
#9494=CARTESIAN_POINT('',(-6.62576970018483,-6.58080465478913,19.005));
#9495=CARTESIAN_POINT('',(-6.62576970018483,-6.58080465478913,-35.4245908809103));
#9496=CARTESIAN_POINT('',(-5.23298158058595,-2.51386334556037,19.005));
#9497=CARTESIAN_POINT('Origin',(-6.62576970018483,-6.58080465478913,-35.4245908809103));
#9498=CARTESIAN_POINT('',(-3.31288485009241,-6.58080465478913,19.005));
#9499=CARTESIAN_POINT('Origin',(-7.72123165619431,-5.74644481612411,-35.4245908809103));
#9500=CARTESIAN_POINT('',(-7.81896261631766,-6.03234434126108,19.01));
#9501=CARTESIAN_POINT('',(-7.72123165619431,-5.74644481612411,19.01));
#9502=CARTESIAN_POINT('',(-6.43789728689005,-1.99221292980122,19.01));
#9503=CARTESIAN_POINT('',(-7.81896261631766,-6.03234434126108,19.005));
#9504=CARTESIAN_POINT('',(-7.81896261631766,-6.03234434126108,-35.4245908809103));
#9505=CARTESIAN_POINT('',(-7.72123165619431,-5.74644481612411,19.005));
#9506=CARTESIAN_POINT('',(-6.43789728689005,-1.99221292980122,19.005));
#9507=CARTESIAN_POINT('',(-7.72123165619431,-5.74644481612411,-35.4245908809103));
#9508=CARTESIAN_POINT('Ctrl Pts',(-7.72123165619431,-5.74644481612411,-35.4245908809103));
#9509=CARTESIAN_POINT('Ctrl Pts',(-7.72123165619431,-5.74644481612411,73.4245908809103));
#9510=CARTESIAN_POINT('Ctrl Pts',(-7.81750394527104,-5.68955664530605,-35.4245908809103));
#9511=CARTESIAN_POINT('Ctrl Pts',(-7.81750394527104,-5.68955664530605,73.4245908809103));
#9512=CARTESIAN_POINT('Ctrl Pts',(-8.06693669424258,-5.62975113239474,-35.4245908809103));
#9513=CARTESIAN_POINT('Ctrl Pts',(-8.06693669424258,-5.62975113239474,73.4245908809103));
#9514=CARTESIAN_POINT('Ctrl Pts',(-8.21717981204415,-5.62975113239474,-35.4245908809103));
#9515=CARTESIAN_POINT('Ctrl Pts',(-8.21717981204415,-5.62975113239474,73.4245908809103));
#9516=CARTESIAN_POINT('',(-8.21717981204415,-5.62975113239474,19.01));
#9517=CARTESIAN_POINT('Ctrl Pts',(-7.72123165619431,-5.74644481612411,19.01));
#9518=CARTESIAN_POINT('Ctrl Pts',(-7.78541318224547,-5.70851936891207,19.01));
#9519=CARTESIAN_POINT('Ctrl Pts',(-7.85907607009963,-5.67958905982083,19.01));
#9520=CARTESIAN_POINT('Ctrl Pts',(-7.94222031975681,-5.65965388885039,19.01));
#9521=CARTESIAN_POINT('Ctrl Pts',(-8.02536456941399,-5.63971871787996,19.01));
#9522=CARTESIAN_POINT('Ctrl Pts',(-8.11701773350977,-5.62975113239474,19.01));
#9523=CARTESIAN_POINT('Ctrl Pts',(-8.21717981204415,-5.62975113239474,19.01));
#9524=CARTESIAN_POINT('',(-8.21717981204415,-5.62975113239474,19.005));
#9525=CARTESIAN_POINT('Ctrl Pts',(-8.21717981204415,-5.62975113239474,19.005));
#9526=CARTESIAN_POINT('Ctrl Pts',(-8.06693669424258,-5.62975113239474,19.005));
#9527=CARTESIAN_POINT('Ctrl Pts',(-7.81750394527104,-5.68955664530605,19.005));
#9528=CARTESIAN_POINT('Ctrl Pts',(-7.72123165619431,-5.74644481612411,19.005));
#9529=CARTESIAN_POINT('',(-8.21717981204415,-5.62975113239474,-35.4245908809103));
#9530=CARTESIAN_POINT('Ctrl Pts',(-8.21717981204415,-5.62975113239474,-35.4245908809103));
#9531=CARTESIAN_POINT('Ctrl Pts',(-8.21717981204415,-5.62975113239474,73.4245908809103));
#9532=CARTESIAN_POINT('Ctrl Pts',(-8.48265794252847,-5.62975113239474,-35.4245908809103));
#9533=CARTESIAN_POINT('Ctrl Pts',(-8.48265794252847,-5.62975113239474,73.4245908809103));
#9534=CARTESIAN_POINT('Ctrl Pts',(-8.92317659860685,-5.92586135485803,-35.4245908809103));
#9535=CARTESIAN_POINT('Ctrl Pts',(-8.92317659860685,-5.92586135485803,73.4245908809103));
#9536=CARTESIAN_POINT('Ctrl Pts',(-8.99756882198433,-6.1446620118506,-35.4245908809103));
#9537=CARTESIAN_POINT('Ctrl Pts',(-8.99756882198433,-6.1446620118506,73.4245908809103));
#9538=CARTESIAN_POINT('',(-8.99756882198433,-6.1446620118506,19.01));
#9539=CARTESIAN_POINT('Ctrl Pts',(-8.21717981204415,-5.62975113239474,19.01));
#9540=CARTESIAN_POINT('Ctrl Pts',(-8.39416523236703,-5.62975113239474,19.01));
#9541=CARTESIAN_POINT('Ctrl Pts',(-8.55607771854153,-5.67910283613862,19.01));
#9542=CARTESIAN_POINT('Ctrl Pts',(-8.70291727056766,-5.77780624362638,19.01));
#9543=CARTESIAN_POINT('Ctrl Pts',(-8.84975682259379,-5.87650965111414,19.01));
#9544=CARTESIAN_POINT('Ctrl Pts',(-8.94797400639934,-5.99879490718888,19.01));
#9545=CARTESIAN_POINT('Ctrl Pts',(-8.99756882198433,-6.1446620118506,19.01));
#9546=CARTESIAN_POINT('',(-8.99756882198433,-6.1446620118506,19.005));
#9547=CARTESIAN_POINT('Ctrl Pts',(-8.99756882198433,-6.1446620118506,19.005));
#9548=CARTESIAN_POINT('Ctrl Pts',(-8.92317659860685,-5.92586135485803,19.005));
#9549=CARTESIAN_POINT('Ctrl Pts',(-8.48265794252847,-5.62975113239474,19.005));
#9550=CARTESIAN_POINT('Ctrl Pts',(-8.21717981204415,-5.62975113239474,19.005));
#9551=CARTESIAN_POINT('',(-8.99756882198433,-6.1446620118506,-35.4245908809103));
#9552=CARTESIAN_POINT('Ctrl Pts',(-8.99756882198433,-6.1446620118506,-35.4245908809103));
#9553=CARTESIAN_POINT('Ctrl Pts',(-8.99756882198433,-6.1446620118506,73.4245908809103));
#9554=CARTESIAN_POINT('Ctrl Pts',(-9.03403559814975,-6.24968632720703,-35.4245908809103));
#9555=CARTESIAN_POINT('Ctrl Pts',(-9.03403559814975,-6.24968632720703,73.4245908809103));
#9556=CARTESIAN_POINT('Ctrl Pts',(-9.02674224291667,-6.41014014233492,-35.4245908809103));
#9557=CARTESIAN_POINT('Ctrl Pts',(-9.02674224291667,-6.41014014233492,73.4245908809103));
#9558=CARTESIAN_POINT('Ctrl Pts',(-8.99027546675124,-6.46994565524623,-35.4245908809103));
#9559=CARTESIAN_POINT('Ctrl Pts',(-8.99027546675124,-6.46994565524623,73.4245908809103));
#9560=CARTESIAN_POINT('',(-8.99027546675124,-6.46994565524623,19.01));
#9561=CARTESIAN_POINT('Ctrl Pts',(-8.99756882198433,-6.1446620118506,19.01));
#9562=CARTESIAN_POINT('Ctrl Pts',(-9.02188000609461,-6.21467822208822,19.01));
#9563=CARTESIAN_POINT('Ctrl Pts',(-9.03282003894424,-6.27642862972835,19.01));
#9564=CARTESIAN_POINT('Ctrl Pts',(-9.03038892053321,-6.32991323477098,19.01));
#9565=CARTESIAN_POINT('Ctrl Pts',(-9.02795780212218,-6.38339783981361,19.01));
#9566=CARTESIAN_POINT('Ctrl Pts',(-9.01458665086153,-6.43007531330536,19.01));
#9567=CARTESIAN_POINT('Ctrl Pts',(-8.99027546675124,-6.46994565524623,19.01));
#9568=CARTESIAN_POINT('',(-8.99027546675124,-6.46994565524623,19.005));
#9569=CARTESIAN_POINT('Ctrl Pts',(-8.99027546675124,-6.46994565524623,19.005));
#9570=CARTESIAN_POINT('Ctrl Pts',(-9.02674224291667,-6.41014014233492,19.005));
#9571=CARTESIAN_POINT('Ctrl Pts',(-9.03403559814975,-6.24968632720703,19.005));
#9572=CARTESIAN_POINT('Ctrl Pts',(-8.99756882198433,-6.1446620118506,19.005));
#9573=CARTESIAN_POINT('',(-8.99027546675124,-6.46994565524623,-35.4245908809103));
#9574=CARTESIAN_POINT('Ctrl Pts',(-8.99027546675124,-6.46994565524623,-35.4245908809103));
#9575=CARTESIAN_POINT('Ctrl Pts',(-8.99027546675124,-6.46994565524623,73.4245908809103));
#9576=CARTESIAN_POINT('Ctrl Pts',(-8.95526736163243,-6.52975116815753,-35.4245908809103));
#9577=CARTESIAN_POINT('Ctrl Pts',(-8.95526736163243,-6.52975116815753,73.4245908809103));
#9578=CARTESIAN_POINT('Ctrl Pts',(-8.83273899371659,-6.604143391535,-35.4245908809103));
#9579=CARTESIAN_POINT('Ctrl Pts',(-8.83273899371659,-6.604143391535,73.4245908809103));
#9580=CARTESIAN_POINT('Ctrl Pts',(-8.74813607301279,-6.6289407993275,-35.4245908809103));
#9581=CARTESIAN_POINT('Ctrl Pts',(-8.74813607301279,-6.6289407993275,73.4245908809103));
#9582=CARTESIAN_POINT('',(-8.74813607301279,-6.6289407993275,19.01));
#9583=CARTESIAN_POINT('Ctrl Pts',(-8.99027546675124,-6.46994565524623,19.01));
#9584=CARTESIAN_POINT('Ctrl Pts',(-8.96693673000537,-6.5098159971871,19.01));
#9585=CARTESIAN_POINT('Ctrl Pts',(-8.93484596697979,-6.54214987205378,19.01));
#9586=CARTESIAN_POINT('Ctrl Pts',(-8.89400317767451,-6.56694727984627,19.01));
#9587=CARTESIAN_POINT('Ctrl Pts',(-8.85316038836923,-6.59174468763876,19.01));
#9588=CARTESIAN_POINT('Ctrl Pts',(-8.80453802014866,-6.6124091941325,19.01));
#9589=CARTESIAN_POINT('Ctrl Pts',(-8.74813607301279,-6.6289407993275,19.01));
#9590=CARTESIAN_POINT('',(-8.74813607301279,-6.6289407993275,19.005));
#9591=CARTESIAN_POINT('Ctrl Pts',(-8.74813607301279,-6.6289407993275,19.005));
#9592=CARTESIAN_POINT('Ctrl Pts',(-8.83273899371659,-6.604143391535,19.005));
#9593=CARTESIAN_POINT('Ctrl Pts',(-8.95526736163243,-6.52975116815753,19.005));
#9594=CARTESIAN_POINT('Ctrl Pts',(-8.99027546675124,-6.46994565524623,19.005));
#9595=CARTESIAN_POINT('',(-8.74813607301279,-6.6289407993275,-35.4245908809103));
#9596=CARTESIAN_POINT('Ctrl Pts',(-8.74813607301279,-6.6289407993275,-35.4245908809103));
#9597=CARTESIAN_POINT('Ctrl Pts',(-8.74813607301279,-6.6289407993275,73.4245908809103));
#9598=CARTESIAN_POINT('Ctrl Pts',(-8.65332245498268,-6.6551968781666,-35.4245908809103));
#9599=CARTESIAN_POINT('Ctrl Pts',(-8.65332245498268,-6.6551968781666,73.4245908809103));
#9600=CARTESIAN_POINT('Ctrl Pts',(-8.52641807392699,-6.68728764119218,-35.4245908809103));
#9601=CARTESIAN_POINT('Ctrl Pts',(-8.52641807392699,-6.68728764119218,73.4245908809103));
#9602=CARTESIAN_POINT('Ctrl Pts',(-8.45056717950289,-6.71062637793806,-35.4245908809103));
#9603=CARTESIAN_POINT('Ctrl Pts',(-8.45056717950289,-6.71062637793806,73.4245908809103));
#9604=CARTESIAN_POINT('',(-8.45056717950289,-6.71062637793806,19.01));
#9605=CARTESIAN_POINT('Ctrl Pts',(-8.74813607301279,-6.6289407993275,19.01));
#9606=CARTESIAN_POINT('Ctrl Pts',(-8.68492699432605,-6.6464448518869,19.01));
#9607=CARTESIAN_POINT('Ctrl Pts',(-8.63217172480673,-6.66054533867087,19.01));
#9608=CARTESIAN_POINT('Ctrl Pts',(-8.58987026445483,-6.67124225967939,19.01));
#9609=CARTESIAN_POINT('Ctrl Pts',(-8.54756880410293,-6.68193918068792,19.01));
#9610=CARTESIAN_POINT('Ctrl Pts',(-8.50113444245229,-6.69506722010747,19.01));
#9611=CARTESIAN_POINT('Ctrl Pts',(-8.45056717950289,-6.71062637793806,19.01));
#9612=CARTESIAN_POINT('',(-8.45056717950289,-6.71062637793806,19.005));
#9613=CARTESIAN_POINT('Ctrl Pts',(-8.45056717950289,-6.71062637793806,19.005));
#9614=CARTESIAN_POINT('Ctrl Pts',(-8.52641807392699,-6.68728764119218,19.005));
#9615=CARTESIAN_POINT('Ctrl Pts',(-8.65332245498268,-6.6551968781666,19.005));
#9616=CARTESIAN_POINT('Ctrl Pts',(-8.74813607301279,-6.6289407993275,19.005));
#9617=CARTESIAN_POINT('',(-8.45056717950289,-6.71062637793806,-35.4245908809103));
#9618=CARTESIAN_POINT('Ctrl Pts',(-8.45056717950289,-6.71062637793806,-35.4245908809103));
#9619=CARTESIAN_POINT('Ctrl Pts',(-8.45056717950289,-6.71062637793806,73.4245908809103));
#9620=CARTESIAN_POINT('Ctrl Pts',(-8.34554286414646,-6.74417581201025,-35.4245908809103));
#9621=CARTESIAN_POINT('Ctrl Pts',(-8.34554286414646,-6.74417581201025,73.4245908809103));
#9622=CARTESIAN_POINT('Ctrl Pts',(-8.28573735123515,-6.87837354829903,-35.4245908809103));
#9623=CARTESIAN_POINT('Ctrl Pts',(-8.28573735123515,-6.87837354829903,73.4245908809103));
#9624=CARTESIAN_POINT('Ctrl Pts',(-8.32220412740058,-6.9863152057487,-35.4245908809103));
#9625=CARTESIAN_POINT('Ctrl Pts',(-8.32220412740058,-6.9863152057487,73.4245908809103));
#9626=CARTESIAN_POINT('',(-8.32220412740058,-6.9863152057487,19.01));
#9627=CARTESIAN_POINT('Ctrl Pts',(-8.45056717950289,-6.71062637793806,19.01));
#9628=CARTESIAN_POINT('Ctrl Pts',(-8.38055096926527,-6.73299266731952,19.01));
#9629=CARTESIAN_POINT('Ctrl Pts',(-8.33557527866124,-6.76654210139171,19.01));
#9630=CARTESIAN_POINT('Ctrl Pts',(-8.3156401076908,-6.81127468015464,19.01));
#9631=CARTESIAN_POINT('Ctrl Pts',(-8.29570493672037,-6.85600725891757,19.01));
#9632=CARTESIAN_POINT('Ctrl Pts',(-8.2978929432903,-6.91435410078225,19.01));
#9633=CARTESIAN_POINT('Ctrl Pts',(-8.32220412740058,-6.9863152057487,19.01));
#9634=CARTESIAN_POINT('',(-8.32220412740058,-6.9863152057487,19.005));
#9635=CARTESIAN_POINT('Ctrl Pts',(-8.32220412740058,-6.9863152057487,19.005));
#9636=CARTESIAN_POINT('Ctrl Pts',(-8.28573735123515,-6.87837354829903,19.005));
#9637=CARTESIAN_POINT('Ctrl Pts',(-8.34554286414646,-6.74417581201025,19.005));
#9638=CARTESIAN_POINT('Ctrl Pts',(-8.45056717950289,-6.71062637793806,19.005));
#9639=CARTESIAN_POINT('',(-8.32220412740058,-6.9863152057487,-35.4245908809103));
#9640=CARTESIAN_POINT('Ctrl Pts',(-8.32220412740058,-6.9863152057487,-35.4245908809103));
#9641=CARTESIAN_POINT('Ctrl Pts',(-8.32220412740058,-6.9863152057487,73.4245908809103));
#9642=CARTESIAN_POINT('Ctrl Pts',(-8.36888160089233,-7.1219716130841,-35.4245908809103));
#9643=CARTESIAN_POINT('Ctrl Pts',(-8.36888160089233,-7.1219716130841,73.4245908809103));
#9644=CARTESIAN_POINT('Ctrl Pts',(-8.62706637614357,-7.28680144135183,-35.4245908809103));
#9645=CARTESIAN_POINT('Ctrl Pts',(-8.62706637614357,-7.28680144135183,73.4245908809103));
#9646=CARTESIAN_POINT('Ctrl Pts',(-8.8254456384835,-7.28680144135183,-35.4245908809103));
#9647=CARTESIAN_POINT('Ctrl Pts',(-8.8254456384835,-7.28680144135183,73.4245908809103));
#9648=CARTESIAN_POINT('',(-8.8254456384835,-7.28680144135183,19.01));
#9649=CARTESIAN_POINT('Ctrl Pts',(-8.32220412740058,-6.9863152057487,19.01));
#9650=CARTESIAN_POINT('Ctrl Pts',(-8.35332244306175,-7.07675281063896,19.01));
#9651=CARTESIAN_POINT('Ctrl Pts',(-8.41191239676754,-7.14944325112872,19.01));
#9652=CARTESIAN_POINT('Ctrl Pts',(-8.49797398851795,-7.20438652721796,19.01));
#9653=CARTESIAN_POINT('Ctrl Pts',(-8.58403558026836,-7.25932980330721,19.01));
#9654=CARTESIAN_POINT('Ctrl Pts',(-8.69319279692355,-7.28680144135183,19.01));
#9655=CARTESIAN_POINT('Ctrl Pts',(-8.8254456384835,-7.28680144135183,19.01));
#9656=CARTESIAN_POINT('',(-8.8254456384835,-7.28680144135183,19.005));
#9657=CARTESIAN_POINT('Ctrl Pts',(-8.8254456384835,-7.28680144135183,19.005));
#9658=CARTESIAN_POINT('Ctrl Pts',(-8.62706637614357,-7.28680144135183,19.005));
#9659=CARTESIAN_POINT('Ctrl Pts',(-8.36888160089233,-7.1219716130841,19.005));
#9660=CARTESIAN_POINT('Ctrl Pts',(-8.32220412740058,-6.9863152057487,19.005));
#9661=CARTESIAN_POINT('',(-8.8254456384835,-7.28680144135183,-35.4245908809103));
#9662=CARTESIAN_POINT('Ctrl Pts',(-8.8254456384835,-7.28680144135183,-35.4245908809103));
#9663=CARTESIAN_POINT('Ctrl Pts',(-8.8254456384835,-7.28680144135183,73.4245908809103));
#9664=CARTESIAN_POINT('Ctrl Pts',(-8.96401938791213,-7.28680144135183,-35.4245908809103));
#9665=CARTESIAN_POINT('Ctrl Pts',(-8.96401938791213,-7.28680144135183,73.4245908809103));
#9666=CARTESIAN_POINT('Ctrl Pts',(-9.22220416316337,-7.16427307343599,-35.4245908809103));
#9667=CARTESIAN_POINT('Ctrl Pts',(-9.22220416316337,-7.16427307343599,73.4245908809103));
#9668=CARTESIAN_POINT('Ctrl Pts',(-9.30243107072731,-7.05341407389309,-35.4245908809103));
#9669=CARTESIAN_POINT('Ctrl Pts',(-9.30243107072731,-7.05341407389309,73.4245908809103));
#9670=CARTESIAN_POINT('',(-9.30243107072731,-7.05341407389309,19.01));
#9671=CARTESIAN_POINT('Ctrl Pts',(-8.8254456384835,-7.28680144135183,19.01));
#9672=CARTESIAN_POINT('Ctrl Pts',(-8.91782813810259,-7.28680144135183,19.01));
#9673=CARTESIAN_POINT('Ctrl Pts',(-9.00705018378734,-7.26638004669919,19.01));
#9674=CARTESIAN_POINT('Ctrl Pts',(-9.09311177553775,-7.22553725739391,19.01));
#9675=CARTESIAN_POINT('Ctrl Pts',(-9.17917336728816,-7.18469446808863,19.01));
#9676=CARTESIAN_POINT('Ctrl Pts',(-9.24894646568468,-7.12732007358836,19.01));
#9677=CARTESIAN_POINT('Ctrl Pts',(-9.30243107072731,-7.05341407389309,19.01));
#9678=CARTESIAN_POINT('',(-9.30243107072731,-7.05341407389309,19.005));
#9679=CARTESIAN_POINT('Ctrl Pts',(-9.30243107072731,-7.05341407389309,19.005));
#9680=CARTESIAN_POINT('Ctrl Pts',(-9.22220416316337,-7.16427307343599,19.005));
#9681=CARTESIAN_POINT('Ctrl Pts',(-8.96401938791213,-7.28680144135183,19.005));
#9682=CARTESIAN_POINT('Ctrl Pts',(-8.8254456384835,-7.28680144135183,19.005));
#9683=CARTESIAN_POINT('',(-9.30243107072731,-7.05341407389309,-35.4245908809103));
#9684=CARTESIAN_POINT('Origin',(-9.31993512328672,-7.05341407389309,-35.4245908809103));
#9685=CARTESIAN_POINT('',(-9.31993512328672,-7.05341407389309,19.01));
#9686=CARTESIAN_POINT('',(-4.65996756164336,-7.05341407389309,19.01));
#9687=CARTESIAN_POINT('',(-9.31993512328672,-7.05341407389309,19.005));
#9688=CARTESIAN_POINT('',(-4.65996756164336,-7.05341407389309,19.005));
#9689=CARTESIAN_POINT('',(-9.31993512328672,-7.05341407389309,-35.4245908809103));
#9690=CARTESIAN_POINT('Origin',(-9.42204209654992,-7.35390030949622,-35.4245908809103));
#9691=CARTESIAN_POINT('',(-9.42204209654992,-7.35390030949622,19.01));
#9692=CARTESIAN_POINT('',(-7.81426737185804,-2.62244897683154,19.01));
#9693=CARTESIAN_POINT('',(-9.42204209654992,-7.35390030949622,19.005));
#9694=CARTESIAN_POINT('',(-7.81426737185804,-2.62244897683154,19.005));
#9695=CARTESIAN_POINT('',(-9.42204209654992,-7.35390030949622,-35.4245908809103));
#9696=CARTESIAN_POINT('Ctrl Pts',(-9.42204209654992,-7.35390030949622,-35.4245908809103));
#9697=CARTESIAN_POINT('Ctrl Pts',(-9.42204209654992,-7.35390030949622,73.4245908809103));
#9698=CARTESIAN_POINT('Ctrl Pts',(-9.32139379433334,-7.41224715136091,-35.4245908809103));
#9699=CARTESIAN_POINT('Ctrl Pts',(-9.32139379433334,-7.41224715136091,73.4245908809103));
#9700=CARTESIAN_POINT('Ctrl Pts',(-9.07487838745504,-7.49393272997147,-35.4245908809103));
#9701=CARTESIAN_POINT('Ctrl Pts',(-9.07487838745504,-7.49393272997147,73.4245908809103));
#9702=CARTESIAN_POINT('Ctrl Pts',(-8.87795779616172,-7.49393272997147,-35.4245908809103));
#9703=CARTESIAN_POINT('Ctrl Pts',(-8.87795779616172,-7.49393272997147,73.4245908809103));
#9704=CARTESIAN_POINT('',(-8.87795779616172,-7.49393272997147,19.01));
#9705=CARTESIAN_POINT('Ctrl Pts',(-9.42204209654992,-7.35390030949622,19.01));
#9706=CARTESIAN_POINT('Ctrl Pts',(-9.35494322840553,-7.39279820407268,19.01));
#9707=CARTESIAN_POINT('Ctrl Pts',(-9.28030789318695,-7.42586141446267,19.01));
#9708=CARTESIAN_POINT('Ctrl Pts',(-9.19813609089419,-7.45308994066619,19.01));
#9709=CARTESIAN_POINT('Ctrl Pts',(-9.11596428860142,-7.48031846686971,19.01));
#9710=CARTESIAN_POINT('Ctrl Pts',(-9.00923819035726,-7.49393272997147,19.01));
#9711=CARTESIAN_POINT('Ctrl Pts',(-8.87795779616172,-7.49393272997147,19.01));
#9712=CARTESIAN_POINT('',(-8.87795779616172,-7.49393272997147,19.005));
#9713=CARTESIAN_POINT('Ctrl Pts',(-8.87795779616172,-7.49393272997147,19.005));
#9714=CARTESIAN_POINT('Ctrl Pts',(-9.07487838745504,-7.49393272997147,19.005));
#9715=CARTESIAN_POINT('Ctrl Pts',(-9.32139379433334,-7.41224715136091,19.005));
#9716=CARTESIAN_POINT('Ctrl Pts',(-9.42204209654992,-7.35390030949622,19.005));
#9717=CARTESIAN_POINT('',(-8.87795779616172,-7.49393272997147,-35.4245908809103));
#9718=CARTESIAN_POINT('Ctrl Pts',(-8.87795779616172,-7.49393272997147,-35.4245908809103));
#9719=CARTESIAN_POINT('Ctrl Pts',(-8.87795779616172,-7.49393272997147,73.4245908809103));
#9720=CARTESIAN_POINT('Ctrl Pts',(-8.7145866389406,-7.49393272997147,-35.4245908809103));
#9721=CARTESIAN_POINT('Ctrl Pts',(-8.7145866389406,-7.49393272997147,73.4245908809103));
#9722=CARTESIAN_POINT('Ctrl Pts',(-8.46661256101568,-7.40932980926768,-35.4245908809103));
#9723=CARTESIAN_POINT('Ctrl Pts',(-8.46661256101568,-7.40932980926768,73.4245908809103));
#9724=CARTESIAN_POINT('Ctrl Pts',(-8.35283621937954,-7.33056157275035,-35.4245908809103));
#9725=CARTESIAN_POINT('Ctrl Pts',(-8.35283621937954,-7.33056157275035,73.4245908809103));
#9726=CARTESIAN_POINT('',(-8.35283621937954,-7.33056157275035,19.01));
#9727=CARTESIAN_POINT('Ctrl Pts',(-8.87795779616172,-7.49393272997147,19.01));
#9728=CARTESIAN_POINT('Ctrl Pts',(-8.76904369134764,-7.49393272997147,19.01));
#9729=CARTESIAN_POINT('Ctrl Pts',(-8.67325762595311,-7.47983224318751,19.01));
#9730=CARTESIAN_POINT('Ctrl Pts',(-8.59059959997814,-7.45163126961957,19.01));
#9731=CARTESIAN_POINT('Ctrl Pts',(-8.50794157400317,-7.42343029605164,19.01));
#9732=CARTESIAN_POINT('Ctrl Pts',(-8.42868711380364,-7.38307373042857,19.01));
#9733=CARTESIAN_POINT('Ctrl Pts',(-8.35283621937954,-7.33056157275035,19.01));
#9734=CARTESIAN_POINT('',(-8.35283621937954,-7.33056157275035,19.005));
#9735=CARTESIAN_POINT('Ctrl Pts',(-8.35283621937954,-7.33056157275035,19.005));
#9736=CARTESIAN_POINT('Ctrl Pts',(-8.46661256101568,-7.40932980926768,19.005));
#9737=CARTESIAN_POINT('Ctrl Pts',(-8.7145866389406,-7.49393272997147,19.005));
#9738=CARTESIAN_POINT('Ctrl Pts',(-8.87795779616172,-7.49393272997147,19.005));
#9739=CARTESIAN_POINT('',(-8.35283621937954,-7.33056157275035,-35.4245908809103));
#9740=CARTESIAN_POINT('Ctrl Pts',(-8.35283621937954,-7.33056157275035,-35.4245908809103));
#9741=CARTESIAN_POINT('Ctrl Pts',(-8.35283621937954,-7.33056157275035,73.4245908809103));
#9742=CARTESIAN_POINT('Ctrl Pts',(-8.25218791716296,-7.25908669146611,-35.4245908809103));
#9743=CARTESIAN_POINT('Ctrl Pts',(-8.25218791716296,-7.25908669146611,73.4245908809103));
#9744=CARTESIAN_POINT('Ctrl Pts',(-8.09611011517492,-7.05487274493971,-35.4245908809103));
#9745=CARTESIAN_POINT('Ctrl Pts',(-8.09611011517492,-7.05487274493971,73.4245908809103));
#9746=CARTESIAN_POINT('Ctrl Pts',(-8.06110201005611,-6.94838975853665,-35.4245908809103));
#9747=CARTESIAN_POINT('Ctrl Pts',(-8.06110201005611,-6.94838975853665,73.4245908809103));
#9748=CARTESIAN_POINT('',(-8.06110201005611,-6.94838975853665,19.01));
#9749=CARTESIAN_POINT('Ctrl Pts',(-8.35283621937954,-7.33056157275035,19.01));
#9750=CARTESIAN_POINT('Ctrl Pts',(-8.28573735123515,-7.28291165189419,19.01));
#9751=CARTESIAN_POINT('Ctrl Pts',(-8.22617495016495,-7.22505103371171,19.01));
#9752=CARTESIAN_POINT('Ctrl Pts',(-8.17414901616894,-7.15697971820291,19.01));
#9753=CARTESIAN_POINT('Ctrl Pts',(-8.12212308217293,-7.08890840269411,19.01));
#9754=CARTESIAN_POINT('Ctrl Pts',(-8.08444074680198,-7.01937841613869,19.01));
#9755=CARTESIAN_POINT('Ctrl Pts',(-8.06110201005611,-6.94838975853665,19.01));
#9756=CARTESIAN_POINT('',(-8.06110201005611,-6.94838975853665,19.005));
#9757=CARTESIAN_POINT('Ctrl Pts',(-8.06110201005611,-6.94838975853665,19.005));
#9758=CARTESIAN_POINT('Ctrl Pts',(-8.09611011517492,-7.05487274493971,19.005));
#9759=CARTESIAN_POINT('Ctrl Pts',(-8.25218791716296,-7.25908669146611,19.005));
#9760=CARTESIAN_POINT('Ctrl Pts',(-8.35283621937954,-7.33056157275035,19.005));
#9761=CARTESIAN_POINT('',(-8.06110201005611,-6.94838975853665,-35.4245908809103));
#9762=CARTESIAN_POINT('Ctrl Pts',(-8.06110201005611,-6.94838975853665,-35.4245908809103));
#9763=CARTESIAN_POINT('Ctrl Pts',(-8.06110201005611,-6.94838975853665,73.4245908809103));
#9764=CARTESIAN_POINT('Ctrl Pts',(-8.00275516819142,-6.78064258817568,-35.4245908809103));
#9765=CARTESIAN_POINT('Ctrl Pts',(-8.00275516819142,-6.78064258817568,73.4245908809103));
#9766=CARTESIAN_POINT('Ctrl Pts',(-8.09756878622154,-6.55163123385679,-35.4245908809103));
#9767=CARTESIAN_POINT('Ctrl Pts',(-8.09756878622154,-6.55163123385679,73.4245908809103));
#9768=CARTESIAN_POINT('Ctrl Pts',(-8.2638572855359,-6.49474306303872,-35.4245908809103));
#9769=CARTESIAN_POINT('Ctrl Pts',(-8.2638572855359,-6.49474306303872,73.4245908809103));
#9770=CARTESIAN_POINT('',(-8.2638572855359,-6.49474306303872,19.01));
#9771=CARTESIAN_POINT('Ctrl Pts',(-8.06110201005611,-6.94838975853665,19.01));
#9772=CARTESIAN_POINT('Ctrl Pts',(-8.02220411547965,-6.83655831162934,19.01));
#9773=CARTESIAN_POINT('Ctrl Pts',(-8.01855743786311,-6.74247402912253,19.01));
#9774=CARTESIAN_POINT('Ctrl Pts',(-8.05016197720648,-6.66613691101623,19.01));
#9775=CARTESIAN_POINT('Ctrl Pts',(-8.08176651654985,-6.58979979290994,19.01));
#9776=CARTESIAN_POINT('Ctrl Pts',(-8.15299828599299,-6.53266851025076,19.01));
#9777=CARTESIAN_POINT('Ctrl Pts',(-8.2638572855359,-6.49474306303872,19.01));
#9778=CARTESIAN_POINT('',(-8.2638572855359,-6.49474306303872,19.005));
#9779=CARTESIAN_POINT('Ctrl Pts',(-8.2638572855359,-6.49474306303872,19.005));
#9780=CARTESIAN_POINT('Ctrl Pts',(-8.09756878622154,-6.55163123385679,19.005));
#9781=CARTESIAN_POINT('Ctrl Pts',(-8.00275516819142,-6.78064258817568,19.005));
#9782=CARTESIAN_POINT('Ctrl Pts',(-8.06110201005611,-6.94838975853665,19.005));
#9783=CARTESIAN_POINT('',(-8.2638572855359,-6.49474306303872,-35.4245908809103));
#9784=CARTESIAN_POINT('Ctrl Pts',(-8.2638572855359,-6.49474306303872,-35.4245908809103));
#9785=CARTESIAN_POINT('Ctrl Pts',(-8.2638572855359,-6.49474306303872,73.4245908809103));
#9786=CARTESIAN_POINT('Ctrl Pts',(-8.32949748263367,-6.47286299733946,-35.4245908809103));
#9787=CARTESIAN_POINT('Ctrl Pts',(-8.32949748263367,-6.47286299733946,73.4245908809103));
#9788=CARTESIAN_POINT('Ctrl Pts',(-8.53079408706684,-6.42035083966124,-35.4245908809103));
#9789=CARTESIAN_POINT('Ctrl Pts',(-8.53079408706684,-6.42035083966124,73.4245908809103));
#9790=CARTESIAN_POINT('Ctrl Pts',(-8.60081029730446,-6.3999294450086,-35.4245908809103));
#9791=CARTESIAN_POINT('Ctrl Pts',(-8.60081029730446,-6.3999294450086,73.4245908809103));
#9792=CARTESIAN_POINT('',(-8.60081029730446,-6.3999294450086,19.01));
#9793=CARTESIAN_POINT('Ctrl Pts',(-8.2638572855359,-6.49474306303872,19.01));
#9794=CARTESIAN_POINT('Ctrl Pts',(-8.30761741693441,-6.48015635257255,19.01));
#9795=CARTESIAN_POINT('Ctrl Pts',(-8.36304691670586,-6.46411097105976,19.01));
#9796=CARTESIAN_POINT('Ctrl Pts',(-8.43014578485025,-6.44660691850035,19.01));
#9797=CARTESIAN_POINT('Ctrl Pts',(-8.49724465299464,-6.42910286594094,19.01));
#9798=CARTESIAN_POINT('Ctrl Pts',(-8.55413282381271,-6.41354370811036,19.01));
#9799=CARTESIAN_POINT('Ctrl Pts',(-8.60081029730446,-6.3999294450086,19.01));
#9800=CARTESIAN_POINT('',(-8.60081029730446,-6.3999294450086,19.005));
#9801=CARTESIAN_POINT('Ctrl Pts',(-8.60081029730446,-6.3999294450086,19.005));
#9802=CARTESIAN_POINT('Ctrl Pts',(-8.53079408706684,-6.42035083966124,19.005));
#9803=CARTESIAN_POINT('Ctrl Pts',(-8.32949748263367,-6.47286299733946,19.005));
#9804=CARTESIAN_POINT('Ctrl Pts',(-8.2638572855359,-6.49474306303872,19.005));
#9805=CARTESIAN_POINT('',(-8.60081029730446,-6.3999294450086,-35.4245908809103));
#9806=CARTESIAN_POINT('Ctrl Pts',(-8.60081029730446,-6.3999294450086,-35.4245908809103));
#9807=CARTESIAN_POINT('Ctrl Pts',(-8.60081029730446,-6.3999294450086,73.4245908809103));
#9808=CARTESIAN_POINT('Ctrl Pts',(-8.70437594161428,-6.36929735302964,-35.4245908809103));
#9809=CARTESIAN_POINT('Ctrl Pts',(-8.70437594161428,-6.36929735302964,73.4245908809103));
#9810=CARTESIAN_POINT('Ctrl Pts',(-8.77876816499175,-6.23364094569425,-35.4245908809103));
#9811=CARTESIAN_POINT('Ctrl Pts',(-8.77876816499175,-6.23364094569425,73.4245908809103));
#9812=CARTESIAN_POINT('Ctrl Pts',(-8.73938404673309,-6.11986460405811,-35.4245908809103));
#9813=CARTESIAN_POINT('Ctrl Pts',(-8.73938404673309,-6.11986460405811,73.4245908809103));
#9814=CARTESIAN_POINT('',(-8.73938404673309,-6.11986460405811,19.01));
#9815=CARTESIAN_POINT('Ctrl Pts',(-8.60081029730446,-6.3999294450086,19.01));
#9816=CARTESIAN_POINT('Ctrl Pts',(-8.66985406017767,-6.37950805035596,19.01));
#9817=CARTESIAN_POINT('Ctrl Pts',(-8.71677464551052,-6.34668795180708,19.01));
#9818=CARTESIAN_POINT('Ctrl Pts',(-8.74157205330302,-6.30146914936194,19.01));
#9819=CARTESIAN_POINT('Ctrl Pts',(-8.76636946109551,-6.25625034691681,19.01));
#9820=CARTESIAN_POINT('Ctrl Pts',(-8.7656401255722,-6.1957154984822,19.01));
#9821=CARTESIAN_POINT('Ctrl Pts',(-8.73938404673309,-6.11986460405811,19.01));
#9822=CARTESIAN_POINT('',(-8.73938404673309,-6.11986460405811,19.005));
#9823=CARTESIAN_POINT('Ctrl Pts',(-8.73938404673309,-6.11986460405811,19.005));
#9824=CARTESIAN_POINT('Ctrl Pts',(-8.77876816499175,-6.23364094569425,19.005));
#9825=CARTESIAN_POINT('Ctrl Pts',(-8.70437594161428,-6.36929735302964,19.005));
#9826=CARTESIAN_POINT('Ctrl Pts',(-8.60081029730446,-6.3999294450086,19.005));
#9827=CARTESIAN_POINT('',(-8.73938404673309,-6.11986460405811,-35.4245908809103));
#9828=CARTESIAN_POINT('Ctrl Pts',(-8.73938404673309,-6.11986460405811,-35.4245908809103));
#9829=CARTESIAN_POINT('Ctrl Pts',(-8.73938404673309,-6.11986460405811,73.4245908809103));
#9830=CARTESIAN_POINT('Ctrl Pts',(-8.69708258638119,-5.99296022300241,-35.4245908809103));
#9831=CARTESIAN_POINT('Ctrl Pts',(-8.69708258638119,-5.99296022300241,73.4245908809103));
#9832=CARTESIAN_POINT('Ctrl Pts',(-8.43889781112996,-5.83688242101438,-35.4245908809103));
#9833=CARTESIAN_POINT('Ctrl Pts',(-8.43889781112996,-5.83688242101438,73.4245908809103));
#9834=CARTESIAN_POINT('Ctrl Pts',(-8.27115064076898,-5.83688242101438,-35.4245908809103));
#9835=CARTESIAN_POINT('Ctrl Pts',(-8.27115064076898,-5.83688242101438,73.4245908809103));
#9836=CARTESIAN_POINT('',(-8.27115064076898,-5.83688242101438,19.01));
#9837=CARTESIAN_POINT('Ctrl Pts',(-8.73938404673309,-6.11986460405811,19.01));
#9838=CARTESIAN_POINT('Ctrl Pts',(-8.71118307316516,-6.03526168335431,19.01));
#9839=CARTESIAN_POINT('Ctrl Pts',(-8.65405179050599,-5.96694725600441,19.01));
#9840=CARTESIAN_POINT('Ctrl Pts',(-8.56799019875557,-5.9149213220084,19.01));
#9841=CARTESIAN_POINT('Ctrl Pts',(-8.48192860700516,-5.86289538801238,19.01));
#9842=CARTESIAN_POINT('Ctrl Pts',(-8.3829820876763,-5.83688242101438,19.01));
#9843=CARTESIAN_POINT('Ctrl Pts',(-8.27115064076898,-5.83688242101438,19.01));
#9844=CARTESIAN_POINT('',(-8.27115064076898,-5.83688242101438,19.005));
#9845=CARTESIAN_POINT('Ctrl Pts',(-8.27115064076898,-5.83688242101438,19.005));
#9846=CARTESIAN_POINT('Ctrl Pts',(-8.43889781112996,-5.83688242101438,19.005));
#9847=CARTESIAN_POINT('Ctrl Pts',(-8.69708258638119,-5.99296022300241,19.005));
#9848=CARTESIAN_POINT('Ctrl Pts',(-8.73938404673309,-6.11986460405811,19.005));
#9849=CARTESIAN_POINT('',(-8.27115064076898,-5.83688242101438,-35.4245908809103));
#9850=CARTESIAN_POINT('Ctrl Pts',(-8.27115064076898,-5.83688242101438,-35.4245908809103));
#9851=CARTESIAN_POINT('Ctrl Pts',(-8.27115064076898,-5.83688242101438,73.4245908809103));
#9852=CARTESIAN_POINT('Ctrl Pts',(-8.12382486506065,-5.83688242101438,-35.4245908809103));
#9853=CARTESIAN_POINT('Ctrl Pts',(-8.12382486506065,-5.83688242101438,73.4245908809103));
#9854=CARTESIAN_POINT('Ctrl Pts',(-7.89627218178837,-5.95357610474375,-35.4245908809103));
#9855=CARTESIAN_POINT('Ctrl Pts',(-7.89627218178837,-5.95357610474375,73.4245908809103));
#9856=CARTESIAN_POINT('Ctrl Pts',(-7.83646666887707,-6.03234434126108,-35.4245908809103));
#9857=CARTESIAN_POINT('Ctrl Pts',(-7.83646666887707,-6.03234434126108,73.4245908809103));
#9858=CARTESIAN_POINT('',(-7.83646666887707,-6.03234434126108,19.01));
#9859=CARTESIAN_POINT('Ctrl Pts',(-8.27115064076898,-5.83688242101438,19.01));
#9860=CARTESIAN_POINT('Ctrl Pts',(-8.17293345696343,-5.83688242101438,19.01));
#9861=CARTESIAN_POINT('Ctrl Pts',(-8.0858994178486,-5.85633136830261,19.01));
#9862=CARTESIAN_POINT('Ctrl Pts',(-8.01004852342451,-5.89522926287906,19.01));
#9863=CARTESIAN_POINT('Ctrl Pts',(-7.93419762900042,-5.93412715745552,19.01));
#9864=CARTESIAN_POINT('Ctrl Pts',(-7.87633701081794,-5.97983218358286,19.01));
#9865=CARTESIAN_POINT('Ctrl Pts',(-7.83646666887707,-6.03234434126108,19.01));
#9866=CARTESIAN_POINT('',(-7.83646666887707,-6.03234434126108,19.005));
#9867=CARTESIAN_POINT('Ctrl Pts',(-7.83646666887707,-6.03234434126108,19.005));
#9868=CARTESIAN_POINT('Ctrl Pts',(-7.89627218178837,-5.95357610474375,19.005));
#9869=CARTESIAN_POINT('Ctrl Pts',(-8.12382486506065,-5.83688242101438,19.005));
#9870=CARTESIAN_POINT('Ctrl Pts',(-8.27115064076898,-5.83688242101438,19.005));
#9871=CARTESIAN_POINT('',(-7.83646666887707,-6.03234434126108,-35.4245908809103));
#9872=CARTESIAN_POINT('Origin',(-7.81896261631766,-6.03234434126108,-35.4245908809103));
#9873=CARTESIAN_POINT('',(-3.90948130815883,-6.03234434126108,19.01));
#9874=CARTESIAN_POINT('',(-3.90948130815883,-6.03234434126108,19.005));
#9875=CARTESIAN_POINT('Origin',(0.,0.,19.01));
#9876=CARTESIAN_POINT('Origin',(0.,0.,19.01));
#9877=CARTESIAN_POINT('',(-2.82447295270051,-5.66184189542032,19.01));
#9878=CARTESIAN_POINT('',(-3.11912450411718,-5.66184189542032,19.01));
#9879=CARTESIAN_POINT('',(-1.55956225205859,-5.66184189542032,19.01));
#9880=CARTESIAN_POINT('',(-4.33711482804251,-7.46184196694589,19.01));
#9881=CARTESIAN_POINT('',(-1.92435718950792,-3.89616181610555,19.01));
#9882=CARTESIAN_POINT('',(-4.09497543430406,-7.46184196694589,19.01));
#9883=CARTESIAN_POINT('',(-2.04748771715203,-7.46184196694589,19.01));
#9884=CARTESIAN_POINT('',(-3.76093976462873,-6.95860045586297,19.01));
#9885=CARTESIAN_POINT('',(-1.58268964153625,-3.67695725731754,19.01));
#9886=CARTESIAN_POINT('',(-3.07390570167205,-6.95860045586297,19.01));
#9887=CARTESIAN_POINT('',(-1.53695285083602,-6.95860045586297,19.01));
#9888=CARTESIAN_POINT('',(-3.08119905690513,-7.46184196694589,19.01));
#9889=CARTESIAN_POINT('',(-3.0268155736233,-3.70938162049946,19.01));
#9890=CARTESIAN_POINT('',(-2.82884896584036,-7.46184196694589,19.01));
#9891=CARTESIAN_POINT('',(-1.41442448292018,-7.46184196694589,19.01));
#9892=CARTESIAN_POINT('',(-2.81758234287121,-2.82750438563596,19.01));
#9893=CARTESIAN_POINT('',(-3.07098835957881,-6.75438650933657,19.01));
#9894=CARTESIAN_POINT('',(-3.62528335729333,-6.75438650933657,19.01));
#9895=CARTESIAN_POINT('',(-1.53549417978941,-6.75438650933657,19.01));
#9896=CARTESIAN_POINT('',(-3.06077766225249,-5.906898631252,19.01));
#9897=CARTESIAN_POINT('',(-1.51002408061914,-3.57876470120297,19.01));
#9898=CARTESIAN_POINT('',(-3.02497698271286,-2.93544222946231,19.01));
#9899=CARTESIAN_POINT('Origin',(-3.62528335729333,-6.75438650933657,-35.4245908809103));
#9900=CARTESIAN_POINT('',(-3.62528335729333,-6.75438650933657,19.005));
#9901=CARTESIAN_POINT('',(-3.62528335729333,-6.75438650933657,-35.4245908809103));
#9902=CARTESIAN_POINT('',(-3.06077766225249,-5.906898631252,19.005));
#9903=CARTESIAN_POINT('',(-1.51002408061914,-3.57876470120297,19.005));
#9904=CARTESIAN_POINT('',(-3.06077766225249,-5.906898631252,-35.4245908809103));
#9905=CARTESIAN_POINT('Origin',(-3.07098835957881,-6.75438650933657,-35.4245908809103));
#9906=CARTESIAN_POINT('',(-3.07098835957881,-6.75438650933657,19.005));
#9907=CARTESIAN_POINT('',(-3.07098835957881,-6.75438650933657,-35.4245908809103));
#9908=CARTESIAN_POINT('',(-1.53549417978941,-6.75438650933657,19.005));
#9909=CARTESIAN_POINT('Origin',(-3.76093976462873,-6.95860045586297,-35.4245908809103));
#9910=CARTESIAN_POINT('',(-4.09497543430406,-7.46184196694589,19.005));
#9911=CARTESIAN_POINT('',(-4.09497543430406,-7.46184196694589,-35.4245908809103));
#9912=CARTESIAN_POINT('',(-3.76093976462873,-6.95860045586297,19.005));
#9913=CARTESIAN_POINT('',(-1.58268964153625,-3.67695725731754,19.005));
#9914=CARTESIAN_POINT('',(-3.76093976462873,-6.95860045586297,-35.4245908809103));
#9915=CARTESIAN_POINT('Origin',(-4.09497543430406,-7.46184196694589,-35.4245908809103));
#9916=CARTESIAN_POINT('',(-4.33711482804251,-7.46184196694589,19.005));
#9917=CARTESIAN_POINT('',(-4.33711482804251,-7.46184196694589,-35.4245908809103));
#9918=CARTESIAN_POINT('',(-2.04748771715203,-7.46184196694589,19.005));
#9919=CARTESIAN_POINT('Origin',(-4.33711482804251,-7.46184196694589,-35.4245908809103));
#9920=CARTESIAN_POINT('',(-3.11912450411718,-5.66184189542032,19.005));
#9921=CARTESIAN_POINT('',(-3.11912450411718,-5.66184189542032,-35.4245908809103));
#9922=CARTESIAN_POINT('',(-1.92435718950792,-3.89616181610555,19.005));
#9923=CARTESIAN_POINT('Origin',(-3.11912450411718,-5.66184189542032,-35.4245908809103));
#9924=CARTESIAN_POINT('',(-2.82447295270051,-5.66184189542032,19.005));
#9925=CARTESIAN_POINT('',(-2.82447295270051,-5.66184189542032,-35.4245908809103));
#9926=CARTESIAN_POINT('',(-1.55956225205859,-5.66184189542032,19.005));
#9927=CARTESIAN_POINT('Origin',(-3.06077766225249,-5.906898631252,-35.4245908809103));
#9928=CARTESIAN_POINT('',(-3.02497698271286,-2.93544222946231,19.005));
#9929=CARTESIAN_POINT('Origin',(-2.82447295270051,-5.66184189542032,-35.4245908809103));
#9930=CARTESIAN_POINT('',(-2.82884896584036,-7.46184196694589,19.005));
#9931=CARTESIAN_POINT('',(-2.82884896584036,-7.46184196694589,-35.4245908809103));
#9932=CARTESIAN_POINT('',(-2.81758234287121,-2.82750438563596,19.005));
#9933=CARTESIAN_POINT('Origin',(-2.82884896584036,-7.46184196694589,-35.4245908809103));
#9934=CARTESIAN_POINT('',(-3.08119905690513,-7.46184196694589,19.005));
#9935=CARTESIAN_POINT('',(-3.08119905690513,-7.46184196694589,-35.4245908809103));
#9936=CARTESIAN_POINT('',(-1.41442448292018,-7.46184196694589,19.005));
#9937=CARTESIAN_POINT('Origin',(-3.08119905690513,-7.46184196694589,-35.4245908809103));
#9938=CARTESIAN_POINT('',(-3.07390570167205,-6.95860045586297,19.005));
#9939=CARTESIAN_POINT('',(-3.07390570167205,-6.95860045586297,-35.4245908809103));
#9940=CARTESIAN_POINT('',(-3.0268155736233,-3.70938162049946,19.005));
#9941=CARTESIAN_POINT('Origin',(-3.07390570167205,-6.95860045586297,-35.4245908809103));
#9942=CARTESIAN_POINT('',(-1.53695285083602,-6.95860045586297,19.005));
#9943=CARTESIAN_POINT('Origin',(-5.99124779490636,-5.66184189542032,-35.4245908809103));
#9944=CARTESIAN_POINT('',(-5.52739040208211,-5.66184189542032,19.01));
#9945=CARTESIAN_POINT('',(-5.99124779490636,-5.66184189542032,19.01));
#9946=CARTESIAN_POINT('',(-2.99562389745318,-5.66184189542032,19.01));
#9947=CARTESIAN_POINT('',(-5.52739040208211,-5.66184189542032,19.005));
#9948=CARTESIAN_POINT('',(-5.52739040208211,-5.66184189542032,-35.4245908809103));
#9949=CARTESIAN_POINT('',(-5.99124779490636,-5.66184189542032,19.005));
#9950=CARTESIAN_POINT('',(-2.99562389745318,-5.66184189542032,19.005));
#9951=CARTESIAN_POINT('',(-5.99124779490636,-5.66184189542032,-35.4245908809103));
#9952=CARTESIAN_POINT('Origin',(-6.60243096343895,-7.46184196694589,-35.4245908809103));
#9953=CARTESIAN_POINT('',(-6.60243096343895,-7.46184196694589,19.01));
#9954=CARTESIAN_POINT('',(-5.12530834027325,-3.11155720086838,19.01));
#9955=CARTESIAN_POINT('',(-6.60243096343895,-7.46184196694589,19.005));
#9956=CARTESIAN_POINT('',(-5.12530834027325,-3.11155720086838,19.005));
#9957=CARTESIAN_POINT('',(-6.60243096343895,-7.46184196694589,-35.4245908809103));
#9958=CARTESIAN_POINT('Origin',(-6.36320891179374,-7.46184196694589,-35.4245908809103));
#9959=CARTESIAN_POINT('',(-6.36320891179374,-7.46184196694589,19.01));
#9960=CARTESIAN_POINT('',(-3.18160445589687,-7.46184196694589,19.01));
#9961=CARTESIAN_POINT('',(-6.36320891179374,-7.46184196694589,19.005));
#9962=CARTESIAN_POINT('',(-3.18160445589687,-7.46184196694589,19.005));
#9963=CARTESIAN_POINT('',(-6.36320891179374,-7.46184196694589,-35.4245908809103));
#9964=CARTESIAN_POINT('Origin',(-6.11961084700867,-6.74563448305687,-35.4245908809103));
#9965=CARTESIAN_POINT('',(-6.11961084700867,-6.74563448305687,19.01));
#9966=CARTESIAN_POINT('',(-4.77412321340746,-2.78973970402574,19.01));
#9967=CARTESIAN_POINT('',(-6.11961084700867,-6.74563448305687,19.005));
#9968=CARTESIAN_POINT('',(-4.77412321340746,-2.78973970402574,19.005));
#9969=CARTESIAN_POINT('',(-6.11961084700867,-6.74563448305687,-35.4245908809103));
#9970=CARTESIAN_POINT('Origin',(-5.84538069024465,-6.74563448305687,-35.4245908809103));
#9971=CARTESIAN_POINT('',(-5.84538069024465,-6.74563448305687,19.01));
#9972=CARTESIAN_POINT('',(-2.92269034512232,-6.74563448305687,19.01));
#9973=CARTESIAN_POINT('',(-5.84538069024465,-6.74563448305687,19.005));
#9974=CARTESIAN_POINT('',(-2.92269034512232,-6.74563448305687,19.005));
#9975=CARTESIAN_POINT('',(-5.84538069024465,-6.74563448305687,-35.4245908809103));
#9976=CARTESIAN_POINT('Ctrl Pts',(-5.28670967939028,-6.16945941964309,-35.4245908809103));
#9977=CARTESIAN_POINT('Ctrl Pts',(-5.28670967939028,-6.16945941964309,73.4245908809103));
#9978=CARTESIAN_POINT('Ctrl Pts',(-5.26045360055117,-6.09069118312576,-35.4245908809103));
#9979=CARTESIAN_POINT('Ctrl Pts',(-5.26045360055117,-6.09069118312576,73.4245908809103));
#9980=CARTESIAN_POINT('Ctrl Pts',(-5.27358163997072,-5.96962148625654,-35.4245908809103));
#9981=CARTESIAN_POINT('Ctrl Pts',(-5.27358163997072,-5.96962148625654,73.4245908809103));
#9982=CARTESIAN_POINT('Ctrl Pts',(-5.31880044241585,-5.93023736799788,-35.4245908809103));
#9983=CARTESIAN_POINT('Ctrl Pts',(-5.31880044241585,-5.93023736799788,73.4245908809103));
#9984=CARTESIAN_POINT('',(-5.31880044241586,-5.93023736799788,19.01));
#9985=CARTESIAN_POINT('',(-5.28670967939028,-6.16945941964309,19.01));
#9986=CARTESIAN_POINT('Ctrl Pts',(-5.31880044241585,-5.93023736799788,19.01));
#9987=CARTESIAN_POINT('Ctrl Pts',(-5.2886545741191,-5.95649344683699,19.01));
#9988=CARTESIAN_POINT('Ctrl Pts',(-5.2713936334008,-5.98979976906808,19.01));
#9989=CARTESIAN_POINT('Ctrl Pts',(-5.26701762026094,-6.03015633469115,19.01));
#9990=CARTESIAN_POINT('Ctrl Pts',(-5.26264160712109,-6.07051290031423,19.01));
#9991=CARTESIAN_POINT('Ctrl Pts',(-5.26920562683087,-6.11694726196487,19.01));
#9992=CARTESIAN_POINT('Ctrl Pts',(-5.28670967939028,-6.16945941964309,19.01));
#9993=CARTESIAN_POINT('',(-5.31880044241586,-5.93023736799788,19.005));
#9994=CARTESIAN_POINT('',(-5.31880044241586,-5.93023736799788,-35.4245908809103));
#9995=CARTESIAN_POINT('',(-5.28670967939028,-6.16945941964309,19.005));
#9996=CARTESIAN_POINT('Ctrl Pts',(-5.28670967939028,-6.16945941964309,19.005));
#9997=CARTESIAN_POINT('Ctrl Pts',(-5.26045360055117,-6.09069118312576,19.005));
#9998=CARTESIAN_POINT('Ctrl Pts',(-5.27358163997072,-5.96962148625654,19.005));
#9999=CARTESIAN_POINT('Ctrl Pts',(-5.31880044241585,-5.93023736799788,19.005));
#10000=CARTESIAN_POINT('',(-5.28670967939028,-6.16945941964309,-35.4245908809103));
#10001=CARTESIAN_POINT('Ctrl Pts',(-5.31880044241585,-5.93023736799788,
-35.4245908809103));
#10002=CARTESIAN_POINT('Ctrl Pts',(-5.31880044241585,-5.93023736799788,
73.4245908809103));
#10003=CARTESIAN_POINT('Ctrl Pts',(-5.35818456067452,-5.89668793392568,
-35.4245908809103));
#10004=CARTESIAN_POINT('Ctrl Pts',(-5.35818456067452,-5.89668793392568,
73.4245908809103));
#10005=CARTESIAN_POINT('Ctrl Pts',(-5.48508894173021,-5.86897318403996,
-35.4245908809103));
#10006=CARTESIAN_POINT('Ctrl Pts',(-5.48508894173021,-5.86897318403996,
73.4245908809103));
#10007=CARTESIAN_POINT('Ctrl Pts',(-5.58427857290018,-5.86897318403996,
-35.4245908809103));
#10008=CARTESIAN_POINT('Ctrl Pts',(-5.58427857290018,-5.86897318403996,
73.4245908809103));
#10009=CARTESIAN_POINT('',(-5.58427857290018,-5.86897318403996,19.01));
#10010=CARTESIAN_POINT('Ctrl Pts',(-5.58427857290018,-5.86897318403996,
19.01));
#10011=CARTESIAN_POINT('Ctrl Pts',(-5.5181521521202,-5.86897318403996,19.01));
#10012=CARTESIAN_POINT('Ctrl Pts',(-5.46393821155426,-5.87359230902091,
19.01));
#10013=CARTESIAN_POINT('Ctrl Pts',(-5.42163675120236,-5.88283055898282,
19.01));
#10014=CARTESIAN_POINT('Ctrl Pts',(-5.37933529085047,-5.89206880894473,
19.01));
#10015=CARTESIAN_POINT('Ctrl Pts',(-5.34505652125496,-5.90787107861641,
19.01));
#10016=CARTESIAN_POINT('Ctrl Pts',(-5.31880044241585,-5.93023736799788,
19.01));
#10017=CARTESIAN_POINT('',(-5.58427857290018,-5.86897318403996,19.005));
#10018=CARTESIAN_POINT('',(-5.58427857290018,-5.86897318403996,-35.4245908809103));
#10019=CARTESIAN_POINT('Ctrl Pts',(-5.31880044241585,-5.93023736799788,
19.005));
#10020=CARTESIAN_POINT('Ctrl Pts',(-5.35818456067452,-5.89668793392568,
19.005));
#10021=CARTESIAN_POINT('Ctrl Pts',(-5.48508894173021,-5.86897318403996,
19.005));
#10022=CARTESIAN_POINT('Ctrl Pts',(-5.58427857290018,-5.86897318403996,
19.005));
#10023=CARTESIAN_POINT('Origin',(-5.82204195349877,-5.86897318403996,-35.4245908809103));
#10024=CARTESIAN_POINT('',(-5.82204195349877,-5.86897318403996,19.01));
#10025=CARTESIAN_POINT('',(-2.91102097674939,-5.86897318403996,19.01));
#10026=CARTESIAN_POINT('',(-5.82204195349877,-5.86897318403996,19.005));
#10027=CARTESIAN_POINT('',(-5.82204195349877,-5.86897318403996,-35.4245908809103));
#10028=CARTESIAN_POINT('',(-2.91102097674939,-5.86897318403996,19.005));
#10029=CARTESIAN_POINT('Origin',(-5.52009704684902,-7.46184196694589,-35.4245908809103));
#10030=CARTESIAN_POINT('',(-5.52009704684902,-7.46184196694589,19.01));
#10031=CARTESIAN_POINT('',(-6.45285478634225,-5.40810183200789,19.01));
#10032=CARTESIAN_POINT('',(-5.52009704684902,-7.46184196694589,19.005));
#10033=CARTESIAN_POINT('',(-6.45285478634225,-5.40810183200789,19.005));
#10034=CARTESIAN_POINT('',(-5.52009704684902,-7.46184196694589,-35.4245908809103));
#10035=CARTESIAN_POINT('Origin',(-5.20940011391957,-7.46184196694589,-35.4245908809103));
#10036=CARTESIAN_POINT('',(-5.20940011391957,-7.46184196694589,19.01));
#10037=CARTESIAN_POINT('',(-2.60470005695978,-7.46184196694589,19.01));
#10038=CARTESIAN_POINT('',(-5.20940011391957,-7.46184196694589,19.005));
#10039=CARTESIAN_POINT('',(-2.60470005695978,-7.46184196694589,19.005));
#10040=CARTESIAN_POINT('',(-5.20940011391957,-7.46184196694589,-35.4245908809103));
#10041=CARTESIAN_POINT('Origin',(-5.58281990185356,-6.67853561491248,-35.4245908809103));
#10042=CARTESIAN_POINT('',(-5.58281990185356,-6.67853561491248,19.01));
#10043=CARTESIAN_POINT('',(-6.3630235765196,-5.04193650047629,19.01));
#10044=CARTESIAN_POINT('',(-5.58281990185356,-6.67853561491248,19.005));
#10045=CARTESIAN_POINT('',(-6.3630235765196,-5.04193650047629,19.005));
#10046=CARTESIAN_POINT('',(-5.58281990185356,-6.67853561491248,-35.4245908809103));
#10047=CARTESIAN_POINT('Ctrl Pts',(-5.58281990185356,-6.67853561491248,
-35.4245908809103));
#10048=CARTESIAN_POINT('Ctrl Pts',(-5.58281990185356,-6.67853561491248,
73.4245908809103));
#10049=CARTESIAN_POINT('Ctrl Pts',(-5.38881665265348,-6.61435408886132,
-35.4245908809103));
#10050=CARTESIAN_POINT('Ctrl Pts',(-5.38881665265348,-6.61435408886132,
73.4245908809103));
#10051=CARTESIAN_POINT('Ctrl Pts',(-5.09854111437666,-6.34741728733038,
-35.4245908809103));
#10052=CARTESIAN_POINT('Ctrl Pts',(-5.09854111437666,-6.34741728733038,
73.4245908809103));
#10053=CARTESIAN_POINT('Ctrl Pts',(-5.02998357518566,-6.15049669603707,
-35.4245908809103));
#10054=CARTESIAN_POINT('Ctrl Pts',(-5.02998357518566,-6.15049669603707,
73.4245908809103));
#10055=CARTESIAN_POINT('',(-5.02998357518566,-6.15049669603707,19.01));
#10056=CARTESIAN_POINT('Ctrl Pts',(-5.58281990185356,-6.67853561491248,
19.01));
#10057=CARTESIAN_POINT('Ctrl Pts',(-5.45348440238684,-6.63574793087838,
19.01));
#10058=CARTESIAN_POINT('Ctrl Pts',(-5.34043739627401,-6.5698646219395,19.01));
#10059=CARTESIAN_POINT('Ctrl Pts',(-5.24367888351507,-6.48088568809585,
19.01));
#10060=CARTESIAN_POINT('Ctrl Pts',(-5.14692037075613,-6.39190675425221,
19.01));
#10061=CARTESIAN_POINT('Ctrl Pts',(-5.07568860131299,-6.28177709023261,
19.01));
#10062=CARTESIAN_POINT('Ctrl Pts',(-5.02998357518566,-6.15049669603707,
19.01));
#10063=CARTESIAN_POINT('',(-5.02998357518566,-6.15049669603707,19.005));
#10064=CARTESIAN_POINT('Ctrl Pts',(-5.02998357518566,-6.15049669603707,
19.005));
#10065=CARTESIAN_POINT('Ctrl Pts',(-5.09854111437666,-6.34741728733038,
19.005));
#10066=CARTESIAN_POINT('Ctrl Pts',(-5.38881665265348,-6.61435408886132,
19.005));
#10067=CARTESIAN_POINT('Ctrl Pts',(-5.58281990185356,-6.67853561491248,
19.005));
#10068=CARTESIAN_POINT('',(-5.02998357518566,-6.15049669603707,-35.4245908809103));
#10069=CARTESIAN_POINT('Ctrl Pts',(-5.02998357518566,-6.15049669603707,
-35.4245908809103));
#10070=CARTESIAN_POINT('Ctrl Pts',(-5.02998357518566,-6.15049669603707,
73.4245908809103));
#10071=CARTESIAN_POINT('Ctrl Pts',(-4.98184743064729,-6.0090056045152,-35.4245908809103));
#10072=CARTESIAN_POINT('Ctrl Pts',(-4.98184743064729,-6.0090056045152,73.4245908809103));
#10073=CARTESIAN_POINT('Ctrl Pts',(-5.02706623309242,-5.81791969740836,
-35.4245908809103));
#10074=CARTESIAN_POINT('Ctrl Pts',(-5.02706623309242,-5.81791969740836,
73.4245908809103));
#10075=CARTESIAN_POINT('Ctrl Pts',(-5.1014584564699,-5.75665551345043,-35.4245908809103));
#10076=CARTESIAN_POINT('Ctrl Pts',(-5.1014584564699,-5.75665551345043,73.4245908809103));
#10077=CARTESIAN_POINT('',(-5.1014584564699,-5.75665551345043,19.01));
#10078=CARTESIAN_POINT('Ctrl Pts',(-5.02998357518566,-6.15049669603707,
19.01));
#10079=CARTESIAN_POINT('Ctrl Pts',(-4.99789281216008,-6.05616930168916,
19.01));
#10080=CARTESIAN_POINT('Ctrl Pts',(-4.98938389772148,-5.97715795333073,
19.01));
#10081=CARTESIAN_POINT('Ctrl Pts',(-5.00445683186986,-5.91346265096178,
19.01));
#10082=CARTESIAN_POINT('Ctrl Pts',(-5.01952976601823,-5.84976734859283,
19.01));
#10083=CARTESIAN_POINT('Ctrl Pts',(-5.05186364088491,-5.79749830275572,
19.01));
#10084=CARTESIAN_POINT('Ctrl Pts',(-5.1014584564699,-5.75665551345043,19.01));
#10085=CARTESIAN_POINT('',(-5.1014584564699,-5.75665551345043,19.005));
#10086=CARTESIAN_POINT('Ctrl Pts',(-5.1014584564699,-5.75665551345043,19.005));
#10087=CARTESIAN_POINT('Ctrl Pts',(-5.02706623309242,-5.81791969740836,
19.005));
#10088=CARTESIAN_POINT('Ctrl Pts',(-4.98184743064729,-6.0090056045152,19.005));
#10089=CARTESIAN_POINT('Ctrl Pts',(-5.02998357518566,-6.15049669603707,
19.005));
#10090=CARTESIAN_POINT('',(-5.1014584564699,-5.75665551345043,-35.4245908809103));
#10091=CARTESIAN_POINT('Ctrl Pts',(-5.1014584564699,-5.75665551345043,-35.4245908809103));
#10092=CARTESIAN_POINT('Ctrl Pts',(-5.1014584564699,-5.75665551345043,73.4245908809103));
#10093=CARTESIAN_POINT('Ctrl Pts',(-5.17439200880075,-5.69539132949251,
-35.4245908809103));
#10094=CARTESIAN_POINT('Ctrl Pts',(-5.17439200880075,-5.69539132949251,
73.4245908809103));
#10095=CARTESIAN_POINT('Ctrl Pts',(-5.37277127114069,-5.66184189542032,
-35.4245908809103));
#10096=CARTESIAN_POINT('Ctrl Pts',(-5.37277127114069,-5.66184189542032,
73.4245908809103));
#10097=CARTESIAN_POINT('Ctrl Pts',(-5.52739040208211,-5.66184189542032,
-35.4245908809103));
#10098=CARTESIAN_POINT('Ctrl Pts',(-5.52739040208211,-5.66184189542032,
73.4245908809103));
#10099=CARTESIAN_POINT('Ctrl Pts',(-5.1014584564699,-5.75665551345043,19.01));
#10100=CARTESIAN_POINT('Ctrl Pts',(-5.15008082469047,-5.71581272414515,
19.01));
#10101=CARTESIAN_POINT('Ctrl Pts',(-5.20745521919074,-5.68979975714715,
19.01));
#10102=CARTESIAN_POINT('Ctrl Pts',(-5.27358163997072,-5.67861661245642,
19.01));
#10103=CARTESIAN_POINT('Ctrl Pts',(-5.3397080607507,-5.66743346776569,19.01));
#10104=CARTESIAN_POINT('Ctrl Pts',(-5.42431098145449,-5.66184189542032,
19.01));
#10105=CARTESIAN_POINT('Ctrl Pts',(-5.52739040208211,-5.66184189542032,
19.01));
#10106=CARTESIAN_POINT('Ctrl Pts',(-5.52739040208211,-5.66184189542032,
19.005));
#10107=CARTESIAN_POINT('Ctrl Pts',(-5.37277127114069,-5.66184189542032,
19.005));
#10108=CARTESIAN_POINT('Ctrl Pts',(-5.17439200880075,-5.69539132949251,
19.005));
#10109=CARTESIAN_POINT('Ctrl Pts',(-5.1014584564699,-5.75665551345043,19.005));
#10110=CARTESIAN_POINT('Ctrl Pts',(-5.48508894173021,-6.45244160268682,
-35.4245908809103));
#10111=CARTESIAN_POINT('Ctrl Pts',(-5.48508894173021,-6.45244160268682,
73.4245908809103));
#10112=CARTESIAN_POINT('Ctrl Pts',(-5.41507273149259,-6.40284678710184,
-35.4245908809103));
#10113=CARTESIAN_POINT('Ctrl Pts',(-5.41507273149259,-6.40284678710184,
73.4245908809103));
#10114=CARTESIAN_POINT('Ctrl Pts',(-5.31880044241585,-6.26281436662659,
-35.4245908809103));
#10115=CARTESIAN_POINT('Ctrl Pts',(-5.31880044241585,-6.26281436662659,
73.4245908809103));
#10116=CARTESIAN_POINT('Ctrl Pts',(-5.28670967939028,-6.16945941964309,
-35.4245908809103));
#10117=CARTESIAN_POINT('Ctrl Pts',(-5.28670967939028,-6.16945941964309,
73.4245908809103));
#10118=CARTESIAN_POINT('',(-5.48508894173021,-6.45244160268682,19.01));
#10119=CARTESIAN_POINT('Ctrl Pts',(-5.28670967939028,-6.16945941964309,
19.01));
#10120=CARTESIAN_POINT('Ctrl Pts',(-5.30810352140733,-6.23169605096542,
19.01));
#10121=CARTESIAN_POINT('Ctrl Pts',(-5.33484582392864,-6.28615310337246,
19.01));
#10122=CARTESIAN_POINT('Ctrl Pts',(-5.36693658695422,-6.33283057686421,
19.01));
#10123=CARTESIAN_POINT('Ctrl Pts',(-5.3990273499798,-6.37950805035596,19.01));
#10124=CARTESIAN_POINT('Ctrl Pts',(-5.43841146823846,-6.41937839229683,
19.01));
#10125=CARTESIAN_POINT('Ctrl Pts',(-5.48508894173021,-6.45244160268682,
19.01));
#10126=CARTESIAN_POINT('',(-5.48508894173021,-6.45244160268682,19.005));
#10127=CARTESIAN_POINT('Ctrl Pts',(-5.48508894173021,-6.45244160268682,
19.005));
#10128=CARTESIAN_POINT('Ctrl Pts',(-5.41507273149259,-6.40284678710184,
19.005));
#10129=CARTESIAN_POINT('Ctrl Pts',(-5.31880044241585,-6.26281436662659,
19.005));
#10130=CARTESIAN_POINT('Ctrl Pts',(-5.28670967939028,-6.16945941964309,
19.005));
#10131=CARTESIAN_POINT('',(-5.48508894173021,-6.45244160268682,-35.4245908809103));
#10132=CARTESIAN_POINT('Ctrl Pts',(-5.8410046771048,-6.54579654967032,-35.4245908809103));
#10133=CARTESIAN_POINT('Ctrl Pts',(-5.8410046771048,-6.54579654967032,73.4245908809103));
#10134=CARTESIAN_POINT('Ctrl Pts',(-5.7388977038416,-6.54579654967032,-35.4245908809103));
#10135=CARTESIAN_POINT('Ctrl Pts',(-5.7388977038416,-6.54579654967032,73.4245908809103));
#10136=CARTESIAN_POINT('Ctrl Pts',(-5.56239850720092,-6.50932977350489,
-35.4245908809103));
#10137=CARTESIAN_POINT('Ctrl Pts',(-5.56239850720092,-6.50932977350489,
73.4245908809103));
#10138=CARTESIAN_POINT('Ctrl Pts',(-5.48508894173021,-6.45244160268682,
-35.4245908809103));
#10139=CARTESIAN_POINT('Ctrl Pts',(-5.48508894173021,-6.45244160268682,
73.4245908809103));
#10140=CARTESIAN_POINT('',(-5.8410046771048,-6.54579654967032,19.01));
#10141=CARTESIAN_POINT('Ctrl Pts',(-5.48508894173021,-6.45244160268682,
19.01));
#10142=CARTESIAN_POINT('Ctrl Pts',(-5.53662865204402,-6.49036704989887,
19.01));
#10143=CARTESIAN_POINT('Ctrl Pts',(-5.59181503997436,-6.51540756953246,
19.01));
#10144=CARTESIAN_POINT('Ctrl Pts',(-5.65064810552126,-6.5275631615876,19.01));
#10145=CARTESIAN_POINT('Ctrl Pts',(-5.70948117106815,-6.53971875364275,
19.01));
#10146=CARTESIAN_POINT('Ctrl Pts',(-5.772933361596,-6.54579654967032,19.01));
#10147=CARTESIAN_POINT('Ctrl Pts',(-5.8410046771048,-6.54579654967032,19.01));
#10148=CARTESIAN_POINT('',(-5.8410046771048,-6.54579654967032,19.005));
#10149=CARTESIAN_POINT('Ctrl Pts',(-5.8410046771048,-6.54579654967032,19.005));
#10150=CARTESIAN_POINT('Ctrl Pts',(-5.7388977038416,-6.54579654967032,19.005));
#10151=CARTESIAN_POINT('Ctrl Pts',(-5.56239850720092,-6.50932977350489,
19.005));
#10152=CARTESIAN_POINT('Ctrl Pts',(-5.48508894173021,-6.45244160268682,
19.005));
#10153=CARTESIAN_POINT('',(-5.8410046771048,-6.54579654967032,-35.4245908809103));
#10154=CARTESIAN_POINT('Origin',(-5.8410046771048,-6.54579654967032,-35.4245908809103));
#10155=CARTESIAN_POINT('',(-6.05251197886428,-6.54579654967032,19.01));
#10156=CARTESIAN_POINT('',(-2.9205023385524,-6.54579654967032,19.01));
#10157=CARTESIAN_POINT('',(-6.05251197886428,-6.54579654967032,19.005));
#10158=CARTESIAN_POINT('',(-2.9205023385524,-6.54579654967032,19.005));
#10159=CARTESIAN_POINT('',(-6.05251197886428,-6.54579654967032,-35.4245908809103));
#10160=CARTESIAN_POINT('Origin',(-6.05251197886428,-6.54579654967032,-35.4245908809103));
#10161=CARTESIAN_POINT('',(-4.73939213850426,-2.68954587924595,19.01));
#10162=CARTESIAN_POINT('',(-4.73939213850426,-2.68954587924595,19.005));
#10163=CARTESIAN_POINT('Origin',(0.,0.,19.01));
#10164=CARTESIAN_POINT('Origin',(0.,0.,19.01));
#10165=CARTESIAN_POINT('',(-2.04700128485357,-5.66184189542032,19.01));
#10166=CARTESIAN_POINT('',(-2.65818445338616,-7.46184196694589,19.01));
#10167=CARTESIAN_POINT('',(-1.38492714557424,-3.71196244942821,19.01));
#10168=CARTESIAN_POINT('',(-1.61523465505489,-7.46184196694589,19.01));
#10169=CARTESIAN_POINT('',(-0.807617327527444,-7.46184196694589,19.01));
#10170=CARTESIAN_POINT('',(-1.54230110272403,-7.24887599413979,19.01));
#10171=CARTESIAN_POINT('',(-0.350401801539309,-3.76853003468041,19.01));
#10172=CARTESIAN_POINT('',(-2.34602884941008,-7.24887599413979,19.01));
#10173=CARTESIAN_POINT('',(-1.17301442470504,-7.24887599413979,19.01));
#10174=CARTESIAN_POINT('',(-1.80777923320835,-5.66184189542032,19.01));
#10175=CARTESIAN_POINT('',(-0.853460544510654,-2.84802418999188,19.01));
#10176=CARTESIAN_POINT('',(-1.02350064242678,-5.66184189542032,19.01));
#10177=CARTESIAN_POINT('Origin',(-1.54230110272403,-7.24887599413979,-35.4245908809103));
#10178=CARTESIAN_POINT('',(-1.61523465505489,-7.46184196694589,19.005));
#10179=CARTESIAN_POINT('',(-1.61523465505489,-7.46184196694589,-35.4245908809103));
#10180=CARTESIAN_POINT('',(-1.54230110272403,-7.24887599413979,19.005));
#10181=CARTESIAN_POINT('',(-0.350401801539309,-3.76853003468041,19.005));
#10182=CARTESIAN_POINT('',(-1.54230110272403,-7.24887599413979,-35.4245908809103));
#10183=CARTESIAN_POINT('Origin',(-1.61523465505489,-7.46184196694589,-35.4245908809103));
#10184=CARTESIAN_POINT('',(-2.65818445338616,-7.46184196694589,19.005));
#10185=CARTESIAN_POINT('',(-2.65818445338616,-7.46184196694589,-35.4245908809103));
#10186=CARTESIAN_POINT('',(-0.807617327527444,-7.46184196694589,19.005));
#10187=CARTESIAN_POINT('Origin',(-2.65818445338616,-7.46184196694589,-35.4245908809103));
#10188=CARTESIAN_POINT('',(-2.04700128485357,-5.66184189542032,19.005));
#10189=CARTESIAN_POINT('',(-2.04700128485357,-5.66184189542032,-35.4245908809103));
#10190=CARTESIAN_POINT('',(-1.38492714557424,-3.71196244942821,19.005));
#10191=CARTESIAN_POINT('Origin',(-2.04700128485357,-5.66184189542032,-35.4245908809103));
#10192=CARTESIAN_POINT('',(-1.80777923320835,-5.66184189542032,19.005));
#10193=CARTESIAN_POINT('',(-1.80777923320835,-5.66184189542032,-35.4245908809103));
#10194=CARTESIAN_POINT('',(-1.02350064242678,-5.66184189542032,19.005));
#10195=CARTESIAN_POINT('Origin',(-1.80777923320835,-5.66184189542032,-35.4245908809103));
#10196=CARTESIAN_POINT('',(-2.34602884941008,-7.24887599413979,19.005));
#10197=CARTESIAN_POINT('',(-2.34602884941008,-7.24887599413979,-35.4245908809103));
#10198=CARTESIAN_POINT('',(-0.853460544510654,-2.84802418999188,19.005));
#10199=CARTESIAN_POINT('Origin',(-2.34602884941008,-7.24887599413979,-35.4245908809103));
#10200=CARTESIAN_POINT('',(-1.17301442470504,-7.24887599413979,19.005));
#10201=CARTESIAN_POINT('Origin',(-3.82803863277312,-5.66184189542032,-35.4245908809103));
#10202=CARTESIAN_POINT('',(-3.88930281673104,-5.84563444729408,19.01));
#10203=CARTESIAN_POINT('',(-3.82803863277312,-5.66184189542032,19.01));
#10204=CARTESIAN_POINT('',(-2.78736041682142,-2.53980724756521,19.01));
#10205=CARTESIAN_POINT('',(-3.88930281673104,-5.84563444729408,19.005));
#10206=CARTESIAN_POINT('',(-3.88930281673104,-5.84563444729408,-35.4245908809103));
#10207=CARTESIAN_POINT('',(-3.82803863277312,-5.66184189542032,19.005));
#10208=CARTESIAN_POINT('',(-2.78736041682142,-2.53980724756521,19.005));
#10209=CARTESIAN_POINT('',(-3.82803863277312,-5.66184189542032,-35.4245908809103));
#10210=CARTESIAN_POINT('Origin',(-4.52528339305612,-5.66184189542032,-35.4245908809103));
#10211=CARTESIAN_POINT('',(-4.52528339305612,-5.66184189542032,19.01));
#10212=CARTESIAN_POINT('',(-2.26264169652806,-5.66184189542032,19.01));
#10213=CARTESIAN_POINT('',(-4.52528339305612,-5.66184189542032,19.005));
#10214=CARTESIAN_POINT('',(-2.26264169652806,-5.66184189542032,19.005));
#10215=CARTESIAN_POINT('',(-4.52528339305612,-5.66184189542032,-35.4245908809103));
#10216=CARTESIAN_POINT('Origin',(-4.58654757701404,-5.84563444729408,-35.4245908809103));
#10217=CARTESIAN_POINT('',(-4.58654757701404,-5.84563444729408,19.01));
#10218=CARTESIAN_POINT('',(-3.48037503106922,-2.52711680945964,19.01));
#10219=CARTESIAN_POINT('',(-4.58654757701404,-5.84563444729408,19.005));
#10220=CARTESIAN_POINT('',(-3.48037503106922,-2.52711680945964,19.005));
#10221=CARTESIAN_POINT('',(-4.58654757701404,-5.84563444729408,-35.4245908809103));
#10222=CARTESIAN_POINT('Origin',(-4.35753622269515,-5.84563444729408,-35.4245908809103));
#10223=CARTESIAN_POINT('',(-4.35753622269515,-5.84563444729408,19.01));
#10224=CARTESIAN_POINT('',(-2.17876811134757,-5.84563444729408,19.01));
#10225=CARTESIAN_POINT('',(-4.35753622269515,-5.84563444729408,19.005));
#10226=CARTESIAN_POINT('',(-2.17876811134757,-5.84563444729408,19.005));
#10227=CARTESIAN_POINT('',(-4.35753622269515,-5.84563444729408,-35.4245908809103));
#10228=CARTESIAN_POINT('Origin',(-4.84473235226528,-7.27804941507213,-35.4245908809103));
#10229=CARTESIAN_POINT('',(-4.84473235226528,-7.27804941507213,19.01));
#10230=CARTESIAN_POINT('',(-3.48418478476705,-3.2778766267989,19.01));
#10231=CARTESIAN_POINT('',(-4.84473235226528,-7.27804941507213,19.005));
#10232=CARTESIAN_POINT('',(-3.48418478476705,-3.2778766267989,19.005));
#10233=CARTESIAN_POINT('',(-4.84473235226528,-7.27804941507213,-35.4245908809103));
#10234=CARTESIAN_POINT('Origin',(-5.07374370658417,-7.27804941507213,-35.4245908809103));
#10235=CARTESIAN_POINT('',(-5.07374370658417,-7.27804941507213,19.01));
#10236=CARTESIAN_POINT('',(-2.53687185329209,-7.27804941507213,19.01));
#10237=CARTESIAN_POINT('',(-5.07374370658417,-7.27804941507213,19.005));
#10238=CARTESIAN_POINT('',(-2.53687185329209,-7.27804941507213,19.005));
#10239=CARTESIAN_POINT('',(-5.07374370658417,-7.27804941507213,-35.4245908809103));
#10240=CARTESIAN_POINT('Origin',(-5.13646656158871,-7.46184196694589,-35.4245908809103));
#10241=CARTESIAN_POINT('',(-5.13646656158871,-7.46184196694589,19.01));
#10242=CARTESIAN_POINT('',(-3.72812843890068,-3.33508374697634,19.01));
#10243=CARTESIAN_POINT('',(-5.13646656158871,-7.46184196694589,19.005));
#10244=CARTESIAN_POINT('',(-3.72812843890068,-3.33508374697634,19.005));
#10245=CARTESIAN_POINT('',(-5.13646656158871,-7.46184196694589,-35.4245908809103));
#10246=CARTESIAN_POINT('Origin',(-4.43922180130571,-7.46184196694589,-35.4245908809103));
#10247=CARTESIAN_POINT('',(-4.43922180130571,-7.46184196694589,19.01));
#10248=CARTESIAN_POINT('',(-2.21961090065285,-7.46184196694589,19.01));
#10249=CARTESIAN_POINT('',(-4.43922180130571,-7.46184196694589,19.005));
#10250=CARTESIAN_POINT('',(-2.21961090065285,-7.46184196694589,19.005));
#10251=CARTESIAN_POINT('',(-4.43922180130571,-7.46184196694589,-35.4245908809103));
#10252=CARTESIAN_POINT('Origin',(-4.37649894630117,-7.27804941507213,-35.4245908809103));
#10253=CARTESIAN_POINT('',(-4.37649894630117,-7.27804941507213,19.01));
#10254=CARTESIAN_POINT('',(-3.03588912168701,-3.34975085922601,19.01));
#10255=CARTESIAN_POINT('',(-4.37649894630117,-7.27804941507213,19.005));
#10256=CARTESIAN_POINT('',(-3.03588912168701,-3.34975085922601,19.005));
#10257=CARTESIAN_POINT('',(-4.37649894630117,-7.27804941507213,-35.4245908809103));
#10258=CARTESIAN_POINT('Origin',(-4.60551030062006,-7.27804941507213,-35.4245908809103));
#10259=CARTESIAN_POINT('',(-4.60551030062006,-7.27804941507213,19.01));
#10260=CARTESIAN_POINT('',(-2.30275515031003,-7.27804941507213,19.01));
#10261=CARTESIAN_POINT('',(-4.60551030062006,-7.27804941507213,19.005));
#10262=CARTESIAN_POINT('',(-2.30275515031003,-7.27804941507213,19.005));
#10263=CARTESIAN_POINT('',(-4.60551030062006,-7.27804941507213,-35.4245908809103));
#10264=CARTESIAN_POINT('Origin',(-4.11831417104993,-5.84563444729408,-35.4245908809103));
#10265=CARTESIAN_POINT('',(-4.11831417104993,-5.84563444729408,19.01));
#10266=CARTESIAN_POINT('',(-3.01376691356548,-2.59813322918112,19.01));
#10267=CARTESIAN_POINT('',(-4.11831417104993,-5.84563444729408,19.005));
#10268=CARTESIAN_POINT('',(-3.01376691356548,-2.59813322918112,19.005));
#10269=CARTESIAN_POINT('',(-4.11831417104993,-5.84563444729408,-35.4245908809103));
#10270=CARTESIAN_POINT('Origin',(-3.88930281673104,-5.84563444729408,-35.4245908809103));
#10271=CARTESIAN_POINT('',(-1.94465140836552,-5.84563444729408,19.01));
#10272=CARTESIAN_POINT('',(-1.94465140836552,-5.84563444729408,19.005));
#10273=CARTESIAN_POINT('Origin',(0.,0.,19.01));
#10274=CARTESIAN_POINT('Origin',(0.,0.,19.01));
#10275=CARTESIAN_POINT('',(1.20729382014931,-6.78501860131553,19.01));
#10276=CARTESIAN_POINT('',(1.19124843863653,-7.33347891484358,19.01));
#10277=CARTESIAN_POINT('Ctrl Pts',(1.20729382014931,-6.78501860131553,19.01));
#10278=CARTESIAN_POINT('Ctrl Pts',(1.1635336887508,-6.91338165341784,19.01));
#10279=CARTESIAN_POINT('Ctrl Pts',(1.13970872832272,-7.02132331086751,19.01));
#10280=CARTESIAN_POINT('Ctrl Pts',(1.13581893886507,-7.10884357366454,19.01));
#10281=CARTESIAN_POINT('Ctrl Pts',(1.13192914940743,-7.19636383646157,19.01));
#10282=CARTESIAN_POINT('Ctrl Pts',(1.15040564933125,-7.27124228352125,19.01));
#10283=CARTESIAN_POINT('Ctrl Pts',(1.19124843863653,-7.33347891484358,19.01));
#10284=CARTESIAN_POINT('',(1.6142630421555,-7.49976741415794,19.01));
#10285=CARTESIAN_POINT('Ctrl Pts',(1.19124843863653,-7.33347891484358,19.01));
#10286=CARTESIAN_POINT('Ctrl Pts',(1.22917388584857,-7.38890841461504,19.01));
#10287=CARTESIAN_POINT('Ctrl Pts',(1.2829016027323,-7.43048053944363,19.01));
#10288=CARTESIAN_POINT('Ctrl Pts',(1.35243158928772,-7.45819528932935,19.01));
#10289=CARTESIAN_POINT('Ctrl Pts',(1.42196157584314,-7.48591003921508,19.01));
#10290=CARTESIAN_POINT('Ctrl Pts',(1.50923872679907,-7.49976741415794,19.01));
#10291=CARTESIAN_POINT('Ctrl Pts',(1.6142630421555,-7.49976741415794,19.01));
#10292=CARTESIAN_POINT('',(2.15105398731062,-7.33347891484358,19.01));
#10293=CARTESIAN_POINT('Ctrl Pts',(1.6142630421555,-7.49976741415794,19.01));
#10294=CARTESIAN_POINT('Ctrl Pts',(1.72512204169841,-7.49976741415794,19.01));
#10295=CARTESIAN_POINT('Ctrl Pts',(1.82333922550396,-7.48615315105618,19.01));
#10296=CARTESIAN_POINT('Ctrl Pts',(1.90891459357217,-7.45892462485266,19.01));
#10297=CARTESIAN_POINT('Ctrl Pts',(1.99448996164037,-7.43169609864914,19.01));
#10298=CARTESIAN_POINT('Ctrl Pts',(2.07520309288652,-7.38988086197945,19.01));
#10299=CARTESIAN_POINT('Ctrl Pts',(2.15105398731062,-7.33347891484358,19.01));
#10300=CARTESIAN_POINT('',(2.50988706477844,-6.78501860131553,19.01));
#10301=CARTESIAN_POINT('Ctrl Pts',(2.15105398731062,-7.33347891484358,19.01));
#10302=CARTESIAN_POINT('Ctrl Pts',(2.23565690801441,-7.27221473088566,19.01));
#10303=CARTESIAN_POINT('Ctrl Pts',(2.30591623009314,-7.19685006014378,19.01));
#10304=CARTESIAN_POINT('Ctrl Pts',(2.3618319535468,-7.10738490261792,19.01));
#10305=CARTESIAN_POINT('Ctrl Pts',(2.41774767700045,-7.01791974509207,19.01));
#10306=CARTESIAN_POINT('Ctrl Pts',(2.46709938074433,-6.91046431132461,19.01));
#10307=CARTESIAN_POINT('Ctrl Pts',(2.50988706477844,-6.78501860131553,19.01));
#10308=CARTESIAN_POINT('',(2.89060020794552,-5.66184189542032,19.01));
#10309=CARTESIAN_POINT('',(3.60233991739284,-3.56207340394736,19.01));
#10310=CARTESIAN_POINT('',(2.6513781563003,-5.66184189542032,19.01));
#10311=CARTESIAN_POINT('',(1.32568907815015,-5.66184189542032,19.01));
#10312=CARTESIAN_POINT('',(2.26774767103999,-6.790853285502,19.01));
#10313=CARTESIAN_POINT('',(3.18470315731014,-4.0922846681138,19.01));
#10314=CARTESIAN_POINT('',(2.06936840870006,-7.1482276919232,19.01));
#10315=CARTESIAN_POINT('Ctrl Pts',(2.26774767103999,-6.790853285502,19.01));
#10316=CARTESIAN_POINT('Ctrl Pts',(2.24051914483647,-6.87156641674815,19.01));
#10317=CARTESIAN_POINT('Ctrl Pts',(2.21207505942743,-6.93988084409805,19.01));
#10318=CARTESIAN_POINT('Ctrl Pts',(2.18241541481289,-6.99579656755171,19.01));
#10319=CARTESIAN_POINT('Ctrl Pts',(2.15275577019834,-7.05171229100537,19.01));
#10320=CARTESIAN_POINT('Ctrl Pts',(2.11507343482739,-7.10252266579587,19.01));
#10321=CARTESIAN_POINT('Ctrl Pts',(2.06936840870006,-7.1482276919232,19.01));
#10322=CARTESIAN_POINT('',(1.68427925239313,-7.29555346763154,19.01));
#10323=CARTESIAN_POINT('Ctrl Pts',(2.06936840870006,-7.1482276919232,19.01));
#10324=CARTESIAN_POINT('Ctrl Pts',(2.02074604047948,-7.19685006014378,19.01));
#10325=CARTESIAN_POINT('Ctrl Pts',(1.96312853413811,-7.23355994815031,19.01));
#10326=CARTESIAN_POINT('Ctrl Pts',(1.89651588967592,-7.2583573559428,19.01));
#10327=CARTESIAN_POINT('Ctrl Pts',(1.82990324521374,-7.28315476373529,19.01));
#10328=CARTESIAN_POINT('Ctrl Pts',(1.75915769945281,-7.29555346763154,19.01));
#10329=CARTESIAN_POINT('Ctrl Pts',(1.68427925239313,-7.29555346763154,19.01));
#10330=CARTESIAN_POINT('',(1.39983839830278,-7.14822769192321,19.01));
#10331=CARTESIAN_POINT('Ctrl Pts',(1.68427925239313,-7.29555346763154,19.01));
#10332=CARTESIAN_POINT('Ctrl Pts',(1.60453856851139,-7.29555346763154,19.01));
#10333=CARTESIAN_POINT('Ctrl Pts',(1.54132948982464,-7.28315476373529,19.01));
#10334=CARTESIAN_POINT('Ctrl Pts',(1.49465201633289,-7.2583573559428,19.01));
#10335=CARTESIAN_POINT('Ctrl Pts',(1.44797454284115,-7.23355994815031,19.01));
#10336=CARTESIAN_POINT('Ctrl Pts',(1.41637000349777,-7.19685006014378,19.01));
#10337=CARTESIAN_POINT('Ctrl Pts',(1.39983839830278,-7.1482276919232,19.01));
#10338=CARTESIAN_POINT('',(1.44651587179453,-6.78501860131553,19.01));
#10339=CARTESIAN_POINT('Ctrl Pts',(1.39983839830278,-7.1482276919232,19.01));
#10340=CARTESIAN_POINT('Ctrl Pts',(1.3842792404722,-7.10252266579587,19.01));
#10341=CARTESIAN_POINT('Ctrl Pts',(1.38111878653786,-7.05146917916427,19.01));
#10342=CARTESIAN_POINT('Ctrl Pts',(1.39035703649977,-6.9950672320284,19.01));
#10343=CARTESIAN_POINT('Ctrl Pts',(1.39959528646168,-6.93866528489254,19.01));
#10344=CARTESIAN_POINT('Ctrl Pts',(1.4183148982266,-6.86864907465492,19.01));
#10345=CARTESIAN_POINT('Ctrl Pts',(1.44651587179453,-6.78501860131553,19.01));
#10346=CARTESIAN_POINT('',(1.82722901496161,-5.66184189542032,19.01));
#10347=CARTESIAN_POINT('',(2.59376116597831,-3.40042520468139,19.01));
#10348=CARTESIAN_POINT('',(1.58800696331639,-5.66184189542032,19.01));
#10349=CARTESIAN_POINT('',(0.794003481658197,-5.66184189542032,19.01));
#10350=CARTESIAN_POINT('',(2.17650896307518,-3.92564825628521,19.01));
#10351=CARTESIAN_POINT('Origin',(2.26774767103999,-6.790853285502,-35.4245908809103));
#10352=CARTESIAN_POINT('',(2.6513781563003,-5.66184189542032,19.005));
#10353=CARTESIAN_POINT('',(2.6513781563003,-5.66184189542032,-35.4245908809103));
#10354=CARTESIAN_POINT('',(2.26774767103999,-6.790853285502,19.005));
#10355=CARTESIAN_POINT('',(3.18470315731014,-4.0922846681138,19.005));
#10356=CARTESIAN_POINT('',(2.26774767103999,-6.790853285502,-35.4245908809103));
#10357=CARTESIAN_POINT('Origin',(2.6513781563003,-5.66184189542032,-35.4245908809103));
#10358=CARTESIAN_POINT('',(2.89060020794552,-5.66184189542032,19.005));
#10359=CARTESIAN_POINT('',(2.89060020794552,-5.66184189542032,-35.4245908809103));
#10360=CARTESIAN_POINT('',(1.32568907815015,-5.66184189542032,19.005));
#10361=CARTESIAN_POINT('Origin',(2.89060020794552,-5.66184189542032,-35.4245908809103));
#10362=CARTESIAN_POINT('',(2.50988706477844,-6.78501860131553,19.005));
#10363=CARTESIAN_POINT('',(2.50988706477844,-6.78501860131553,-35.4245908809103));
#10364=CARTESIAN_POINT('',(3.60233991739284,-3.56207340394736,19.005));
#10365=CARTESIAN_POINT('Ctrl Pts',(2.15105398731062,-7.33347891484358,-35.4245908809103));
#10366=CARTESIAN_POINT('Ctrl Pts',(2.15105398731062,-7.33347891484358,73.4245908809103));
#10367=CARTESIAN_POINT('Ctrl Pts',(2.27795836836631,-7.2415826389067,-35.4245908809103));
#10368=CARTESIAN_POINT('Ctrl Pts',(2.27795836836631,-7.2415826389067,73.4245908809103));
#10369=CARTESIAN_POINT('Ctrl Pts',(2.44570553872728,-6.97318716632915,-35.4245908809103));
#10370=CARTESIAN_POINT('Ctrl Pts',(2.44570553872728,-6.97318716632915,73.4245908809103));
#10371=CARTESIAN_POINT('Ctrl Pts',(2.50988706477844,-6.78501860131553,-35.4245908809103));
#10372=CARTESIAN_POINT('Ctrl Pts',(2.50988706477844,-6.78501860131553,73.4245908809103));
#10373=CARTESIAN_POINT('',(2.15105398731062,-7.33347891484358,19.005));
#10374=CARTESIAN_POINT('',(2.15105398731062,-7.33347891484358,-35.4245908809103));
#10375=CARTESIAN_POINT('Ctrl Pts',(2.50988706477844,-6.78501860131553,19.005));
#10376=CARTESIAN_POINT('Ctrl Pts',(2.44570553872728,-6.97318716632915,19.005));
#10377=CARTESIAN_POINT('Ctrl Pts',(2.27795836836631,-7.2415826389067,19.005));
#10378=CARTESIAN_POINT('Ctrl Pts',(2.15105398731062,-7.33347891484358,19.005));
#10379=CARTESIAN_POINT('Ctrl Pts',(1.6142630421555,-7.49976741415794,-35.4245908809103));
#10380=CARTESIAN_POINT('Ctrl Pts',(1.6142630421555,-7.49976741415794,73.4245908809103));
#10381=CARTESIAN_POINT('Ctrl Pts',(1.78055154146986,-7.49976741415794,-35.4245908809103));
#10382=CARTESIAN_POINT('Ctrl Pts',(1.78055154146986,-7.49976741415794,73.4245908809103));
#10383=CARTESIAN_POINT('Ctrl Pts',(2.03727764567448,-7.41808183554738,-35.4245908809103));
#10384=CARTESIAN_POINT('Ctrl Pts',(2.03727764567448,-7.41808183554738,73.4245908809103));
#10385=CARTESIAN_POINT('Ctrl Pts',(2.15105398731062,-7.33347891484358,-35.4245908809103));
#10386=CARTESIAN_POINT('Ctrl Pts',(2.15105398731062,-7.33347891484358,73.4245908809103));
#10387=CARTESIAN_POINT('',(1.6142630421555,-7.49976741415794,19.005));
#10388=CARTESIAN_POINT('',(1.6142630421555,-7.49976741415794,-35.4245908809103));
#10389=CARTESIAN_POINT('Ctrl Pts',(2.15105398731062,-7.33347891484358,19.005));
#10390=CARTESIAN_POINT('Ctrl Pts',(2.03727764567448,-7.41808183554738,19.005));
#10391=CARTESIAN_POINT('Ctrl Pts',(1.78055154146986,-7.49976741415794,19.005));
#10392=CARTESIAN_POINT('Ctrl Pts',(1.6142630421555,-7.49976741415794,19.005));
#10393=CARTESIAN_POINT('Ctrl Pts',(1.19124843863653,-7.33347891484358,-35.4245908809103));
#10394=CARTESIAN_POINT('Ctrl Pts',(1.19124843863653,-7.33347891484358,73.4245908809103));
#10395=CARTESIAN_POINT('Ctrl Pts',(1.2481366094546,-7.41662316450076,-35.4245908809103));
#10396=CARTESIAN_POINT('Ctrl Pts',(1.2481366094546,-7.41662316450076,73.4245908809103));
#10397=CARTESIAN_POINT('Ctrl Pts',(1.45672656912085,-7.49976741415794,-35.4245908809103));
#10398=CARTESIAN_POINT('Ctrl Pts',(1.45672656912085,-7.49976741415794,73.4245908809103));
#10399=CARTESIAN_POINT('Ctrl Pts',(1.6142630421555,-7.49976741415794,-35.4245908809103));
#10400=CARTESIAN_POINT('Ctrl Pts',(1.6142630421555,-7.49976741415794,73.4245908809103));
#10401=CARTESIAN_POINT('',(1.19124843863653,-7.33347891484358,19.005));
#10402=CARTESIAN_POINT('',(1.19124843863653,-7.33347891484358,-35.4245908809103));
#10403=CARTESIAN_POINT('Ctrl Pts',(1.6142630421555,-7.49976741415794,19.005));
#10404=CARTESIAN_POINT('Ctrl Pts',(1.45672656912085,-7.49976741415794,19.005));
#10405=CARTESIAN_POINT('Ctrl Pts',(1.2481366094546,-7.41662316450076,19.005));
#10406=CARTESIAN_POINT('Ctrl Pts',(1.19124843863653,-7.33347891484358,19.005));
#10407=CARTESIAN_POINT('Ctrl Pts',(1.20729382014931,-6.78501860131553,-35.4245908809103));
#10408=CARTESIAN_POINT('Ctrl Pts',(1.20729382014931,-6.78501860131553,73.4245908809103));
#10409=CARTESIAN_POINT('Ctrl Pts',(1.14165362305154,-6.977563179469,-35.4245908809103));
#10410=CARTESIAN_POINT('Ctrl Pts',(1.14165362305154,-6.977563179469,73.4245908809103));
#10411=CARTESIAN_POINT('Ctrl Pts',(1.12998425467861,-7.24012396786009,-35.4245908809103));
#10412=CARTESIAN_POINT('Ctrl Pts',(1.12998425467861,-7.24012396786009,73.4245908809103));
#10413=CARTESIAN_POINT('Ctrl Pts',(1.19124843863653,-7.33347891484358,-35.4245908809103));
#10414=CARTESIAN_POINT('Ctrl Pts',(1.19124843863653,-7.33347891484358,73.4245908809103));
#10415=CARTESIAN_POINT('',(1.20729382014931,-6.78501860131553,19.005));
#10416=CARTESIAN_POINT('',(1.20729382014931,-6.78501860131553,-35.4245908809103));
#10417=CARTESIAN_POINT('Ctrl Pts',(1.19124843863653,-7.33347891484358,19.005));
#10418=CARTESIAN_POINT('Ctrl Pts',(1.12998425467861,-7.24012396786009,19.005));
#10419=CARTESIAN_POINT('Ctrl Pts',(1.14165362305154,-6.977563179469,19.005));
#10420=CARTESIAN_POINT('Ctrl Pts',(1.20729382014931,-6.78501860131553,19.005));
#10421=CARTESIAN_POINT('Origin',(1.20729382014931,-6.78501860131553,-35.4245908809103));
#10422=CARTESIAN_POINT('',(1.58800696331639,-5.66184189542032,19.005));
#10423=CARTESIAN_POINT('',(1.58800696331639,-5.66184189542032,-35.4245908809103));
#10424=CARTESIAN_POINT('',(2.17650896307518,-3.92564825628521,19.005));
#10425=CARTESIAN_POINT('Origin',(1.58800696331639,-5.66184189542032,-35.4245908809103));
#10426=CARTESIAN_POINT('',(1.82722901496161,-5.66184189542032,19.005));
#10427=CARTESIAN_POINT('',(1.82722901496161,-5.66184189542032,-35.4245908809103));
#10428=CARTESIAN_POINT('',(0.794003481658197,-5.66184189542032,19.005));
#10429=CARTESIAN_POINT('Origin',(1.82722901496161,-5.66184189542032,-35.4245908809103));
#10430=CARTESIAN_POINT('',(1.44651587179453,-6.78501860131553,19.005));
#10431=CARTESIAN_POINT('',(1.44651587179453,-6.78501860131553,-35.4245908809103));
#10432=CARTESIAN_POINT('',(2.59376116597831,-3.40042520468139,19.005));
#10433=CARTESIAN_POINT('Ctrl Pts',(1.39983839830278,-7.1482276919232,-35.4245908809103));
#10434=CARTESIAN_POINT('Ctrl Pts',(1.39983839830278,-7.1482276919232,73.4245908809103));
#10435=CARTESIAN_POINT('Ctrl Pts',(1.37649966155691,-7.0796701527322,-35.4245908809103));
#10436=CARTESIAN_POINT('Ctrl Pts',(1.37649966155691,-7.0796701527322,73.4245908809103));
#10437=CARTESIAN_POINT('Ctrl Pts',(1.40421441144263,-6.91046431132461,-35.4245908809103));
#10438=CARTESIAN_POINT('Ctrl Pts',(1.40421441144263,-6.91046431132461,73.4245908809103));
#10439=CARTESIAN_POINT('Ctrl Pts',(1.44651587179453,-6.78501860131553,-35.4245908809103));
#10440=CARTESIAN_POINT('Ctrl Pts',(1.44651587179453,-6.78501860131553,73.4245908809103));
#10441=CARTESIAN_POINT('',(1.39983839830278,-7.14822769192321,19.005));
#10442=CARTESIAN_POINT('',(1.39983839830278,-7.14822769192321,-35.4245908809103));
#10443=CARTESIAN_POINT('Ctrl Pts',(1.44651587179453,-6.78501860131553,19.005));
#10444=CARTESIAN_POINT('Ctrl Pts',(1.40421441144263,-6.91046431132461,19.005));
#10445=CARTESIAN_POINT('Ctrl Pts',(1.37649966155691,-7.0796701527322,19.005));
#10446=CARTESIAN_POINT('Ctrl Pts',(1.39983839830278,-7.1482276919232,19.005));
#10447=CARTESIAN_POINT('Ctrl Pts',(1.68427925239313,-7.29555346763154,-35.4245908809103));
#10448=CARTESIAN_POINT('Ctrl Pts',(1.68427925239313,-7.29555346763154,73.4245908809103));
#10449=CARTESIAN_POINT('Ctrl Pts',(1.56466822657052,-7.29555346763154,-35.4245908809103));
#10450=CARTESIAN_POINT('Ctrl Pts',(1.56466822657052,-7.29555346763154,73.4245908809103));
#10451=CARTESIAN_POINT('Ctrl Pts',(1.42463580609527,-7.22116124425406,-35.4245908809103));
#10452=CARTESIAN_POINT('Ctrl Pts',(1.42463580609527,-7.22116124425406,73.4245908809103));
#10453=CARTESIAN_POINT('Ctrl Pts',(1.39983839830278,-7.1482276919232,-35.4245908809103));
#10454=CARTESIAN_POINT('Ctrl Pts',(1.39983839830278,-7.1482276919232,73.4245908809103));
#10455=CARTESIAN_POINT('',(1.68427925239313,-7.29555346763154,19.005));
#10456=CARTESIAN_POINT('',(1.68427925239313,-7.29555346763154,-35.4245908809103));
#10457=CARTESIAN_POINT('Ctrl Pts',(1.39983839830278,-7.1482276919232,19.005));
#10458=CARTESIAN_POINT('Ctrl Pts',(1.42463580609527,-7.22116124425406,19.005));
#10459=CARTESIAN_POINT('Ctrl Pts',(1.56466822657052,-7.29555346763154,19.005));
#10460=CARTESIAN_POINT('Ctrl Pts',(1.68427925239313,-7.29555346763154,19.005));
#10461=CARTESIAN_POINT('Ctrl Pts',(2.06936840870006,-7.1482276919232,-35.4245908809103));
#10462=CARTESIAN_POINT('Ctrl Pts',(2.06936840870006,-7.1482276919232,73.4245908809103));
#10463=CARTESIAN_POINT('Ctrl Pts',(1.9964348563692,-7.22116124425406,-35.4245908809103));
#10464=CARTESIAN_POINT('Ctrl Pts',(1.9964348563692,-7.22116124425406,73.4245908809103));
#10465=CARTESIAN_POINT('Ctrl Pts',(1.79659692298265,-7.29555346763154,-35.4245908809103));
#10466=CARTESIAN_POINT('Ctrl Pts',(1.79659692298265,-7.29555346763154,73.4245908809103));
#10467=CARTESIAN_POINT('Ctrl Pts',(1.68427925239313,-7.29555346763154,-35.4245908809103));
#10468=CARTESIAN_POINT('Ctrl Pts',(1.68427925239313,-7.29555346763154,73.4245908809103));
#10469=CARTESIAN_POINT('',(2.06936840870006,-7.1482276919232,19.005));
#10470=CARTESIAN_POINT('',(2.06936840870006,-7.1482276919232,-35.4245908809103));
#10471=CARTESIAN_POINT('Ctrl Pts',(1.68427925239313,-7.29555346763154,19.005));
#10472=CARTESIAN_POINT('Ctrl Pts',(1.79659692298265,-7.29555346763154,19.005));
#10473=CARTESIAN_POINT('Ctrl Pts',(1.9964348563692,-7.22116124425406,19.005));
#10474=CARTESIAN_POINT('Ctrl Pts',(2.06936840870006,-7.1482276919232,19.005));
#10475=CARTESIAN_POINT('Ctrl Pts',(2.26774767103999,-6.790853285502,-35.4245908809103));
#10476=CARTESIAN_POINT('Ctrl Pts',(2.26774767103999,-6.790853285502,73.4245908809103));
#10477=CARTESIAN_POINT('Ctrl Pts',(2.22690488173471,-6.91192298237122,-35.4245908809103));
#10478=CARTESIAN_POINT('Ctrl Pts',(2.22690488173471,-6.91192298237122,73.4245908809103));
#10479=CARTESIAN_POINT('Ctrl Pts',(2.13792594789106,-7.0796701527322,-35.4245908809103));
#10480=CARTESIAN_POINT('Ctrl Pts',(2.13792594789106,-7.0796701527322,73.4245908809103));
#10481=CARTESIAN_POINT('Ctrl Pts',(2.06936840870006,-7.1482276919232,-35.4245908809103));
#10482=CARTESIAN_POINT('Ctrl Pts',(2.06936840870006,-7.1482276919232,73.4245908809103));
#10483=CARTESIAN_POINT('Ctrl Pts',(2.06936840870006,-7.1482276919232,19.005));
#10484=CARTESIAN_POINT('Ctrl Pts',(2.13792594789106,-7.0796701527322,19.005));
#10485=CARTESIAN_POINT('Ctrl Pts',(2.22690488173471,-6.91192298237122,19.005));
#10486=CARTESIAN_POINT('Ctrl Pts',(2.26774767103999,-6.790853285502,19.005));
#10487=CARTESIAN_POINT('Origin',(0.297083087060208,-5.66184189542032,-35.4245908809103));
#10488=CARTESIAN_POINT('',(0.537763809752039,-7.08696350796528,19.01));
#10489=CARTESIAN_POINT('',(0.297083087060208,-5.66184189542032,19.01));
#10490=CARTESIAN_POINT('',(-0.17187619897094,-2.88503448661771,19.01));
#10491=CARTESIAN_POINT('',(0.537763809752039,-7.08696350796528,19.005));
#10492=CARTESIAN_POINT('',(0.537763809752039,-7.08696350796528,-35.4245908809103));
#10493=CARTESIAN_POINT('',(0.297083087060208,-5.66184189542032,19.005));
#10494=CARTESIAN_POINT('',(-0.17187619897094,-2.88503448661771,19.005));
#10495=CARTESIAN_POINT('',(0.297083087060208,-5.66184189542032,-35.4245908809103));
#10496=CARTESIAN_POINT('Origin',(-0.0427872668015902,-5.66184189542032,
-35.4245908809103));
#10497=CARTESIAN_POINT('',(-0.0427872668015902,-5.66184189542032,19.01));
#10498=CARTESIAN_POINT('',(-0.0213936334007951,-5.66184189542032,19.01));
#10499=CARTESIAN_POINT('',(-0.0427872668015902,-5.66184189542032,19.005));
#10500=CARTESIAN_POINT('',(-0.0213936334007951,-5.66184189542032,19.005));
#10501=CARTESIAN_POINT('',(-0.0427872668015902,-5.66184189542032,-35.4245908809103));
#10502=CARTESIAN_POINT('Origin',(-0.65397043533418,-7.46184196694589,-35.4245908809103));
#10503=CARTESIAN_POINT('',(-0.65397043533418,-7.46184196694589,19.01));
#10504=CARTESIAN_POINT('',(0.515695547294273,-4.01705002765351,19.01));
#10505=CARTESIAN_POINT('',(-0.65397043533418,-7.46184196694589,19.005));
#10506=CARTESIAN_POINT('',(0.515695547294273,-4.01705002765351,19.005));
#10507=CARTESIAN_POINT('',(-0.65397043533418,-7.46184196694589,-35.4245908809103));
#10508=CARTESIAN_POINT('Origin',(-0.430793765201754,-7.46184196694589,-35.4245908809103));
#10509=CARTESIAN_POINT('',(-0.430793765201754,-7.46184196694589,19.01));
#10510=CARTESIAN_POINT('',(-0.215396882600877,-7.46184196694589,19.01));
#10511=CARTESIAN_POINT('',(-0.430793765201754,-7.46184196694589,19.005));
#10512=CARTESIAN_POINT('',(-0.215396882600877,-7.46184196694589,19.005));
#10513=CARTESIAN_POINT('',(-0.430793765201754,-7.46184196694589,-35.4245908809103));
#10514=CARTESIAN_POINT('Origin',(0.097245153673657,-5.90981597334524,-35.4245908809103));
#10515=CARTESIAN_POINT('',(0.097245153673657,-5.90981597334524,19.01));
#10516=CARTESIAN_POINT('',(0.993237919678782,-3.27629027436885,19.01));
#10517=CARTESIAN_POINT('',(0.097245153673657,-5.90981597334524,19.005));
#10518=CARTESIAN_POINT('',(0.993237919678782,-3.27629027436885,19.005));
#10519=CARTESIAN_POINT('',(0.097245153673657,-5.90981597334524,-35.4245908809103));
#10520=CARTESIAN_POINT('Origin',(0.365640626251214,-7.46184196694589,-35.4245908809103));
#10521=CARTESIAN_POINT('',(0.365640626251214,-7.46184196694589,19.01));
#10522=CARTESIAN_POINT('',(-0.266130107862695,-3.80855902620025,19.01));
#10523=CARTESIAN_POINT('',(0.365640626251214,-7.46184196694589,19.005));
#10524=CARTESIAN_POINT('',(-0.266130107862695,-3.80855902620025,19.005));
#10525=CARTESIAN_POINT('',(0.365640626251214,-7.46184196694589,-35.4245908809103));
#10526=CARTESIAN_POINT('Origin',(0.634036098828771,-7.46184196694589,-35.4245908809103));
#10527=CARTESIAN_POINT('',(0.634036098828771,-7.46184196694589,19.01));
#10528=CARTESIAN_POINT('',(0.317018049414386,-7.46184196694589,19.01));
#10529=CARTESIAN_POINT('',(0.634036098828771,-7.46184196694589,19.005));
#10530=CARTESIAN_POINT('',(0.317018049414386,-7.46184196694589,19.005));
#10531=CARTESIAN_POINT('',(0.634036098828771,-7.46184196694589,-35.4245908809103));
#10532=CARTESIAN_POINT('Origin',(1.24521926736136,-5.66184189542032,-35.4245908809103));
#10533=CARTESIAN_POINT('',(1.24521926736136,-5.66184189542032,19.01));
#10534=CARTESIAN_POINT('',(2.04272078352774,-3.31311427978951,19.01));
#10535=CARTESIAN_POINT('',(1.24521926736136,-5.66184189542032,19.005));
#10536=CARTESIAN_POINT('',(2.04272078352774,-3.31311427978951,19.005));
#10537=CARTESIAN_POINT('',(1.24521926736136,-5.66184189542032,-35.4245908809103));
#10538=CARTESIAN_POINT('Origin',(1.02204259722894,-5.66184189542032,-35.4245908809103));
#10539=CARTESIAN_POINT('',(1.02204259722894,-5.66184189542032,19.01));
#10540=CARTESIAN_POINT('',(0.511021298614468,-5.66184189542032,19.01));
#10541=CARTESIAN_POINT('',(1.02204259722894,-5.66184189542032,19.005));
#10542=CARTESIAN_POINT('',(0.511021298614468,-5.66184189542032,19.005));
#10543=CARTESIAN_POINT('',(1.02204259722894,-5.66184189542032,-35.4245908809103));
#10544=CARTESIAN_POINT('Origin',(0.537763809752039,-7.08696350796528,-35.4245908809103));
#10545=CARTESIAN_POINT('',(1.58940740837611,-3.99221713490591,19.01));
#10546=CARTESIAN_POINT('',(1.58940740837611,-3.99221713490591,19.005));
#10547=CARTESIAN_POINT('Origin',(0.,0.,19.01));
#10548=CARTESIAN_POINT('Origin',(0.,0.,19.01));
#10549=CARTESIAN_POINT('',(5.04651601484568,-7.46184196694589,19.01));
#10550=CARTESIAN_POINT('',(5.61393905197975,-7.31597486228418,19.01));
#10551=CARTESIAN_POINT('Ctrl Pts',(5.04651601484568,-7.46184196694589,19.01));
#10552=CARTESIAN_POINT('Ctrl Pts',(5.16904438276152,-7.46184196694589,19.01));
#10553=CARTESIAN_POINT('Ctrl Pts',(5.27261002707134,-7.45065882225516,19.01));
#10554=CARTESIAN_POINT('Ctrl Pts',(5.35721294777513,-7.4282925328737,19.01));
#10555=CARTESIAN_POINT('Ctrl Pts',(5.44181586847893,-7.40592624349224,19.01));
#10556=CARTESIAN_POINT('Ctrl Pts',(5.52739123654713,-7.3684870199624,19.01));
#10557=CARTESIAN_POINT('Ctrl Pts',(5.61393905197975,-7.31597486228418,19.01));
#10558=CARTESIAN_POINT('',(5.93922269537538,-6.90900564027799,19.01));
#10559=CARTESIAN_POINT('Ctrl Pts',(5.61393905197975,-7.31597486228418,19.01));
#10560=CARTESIAN_POINT('Ctrl Pts',(5.6859001569462,-7.27124228352125,19.01));
#10561=CARTESIAN_POINT('Ctrl Pts',(5.75056790667956,-7.21459722454428,19.01));
#10562=CARTESIAN_POINT('Ctrl Pts',(5.80794230117983,-7.14603968535328,19.01));
#10563=CARTESIAN_POINT('Ctrl Pts',(5.86531669568011,-7.07748214616227,19.01));
#10564=CARTESIAN_POINT('Ctrl Pts',(5.90907682707862,-6.99847079780384,19.01));
#10565=CARTESIAN_POINT('Ctrl Pts',(5.93922269537538,-6.90900564027799,19.01));
#10566=CARTESIAN_POINT('',(5.753971472455,-6.46119362896652,19.01));
#10567=CARTESIAN_POINT('Ctrl Pts',(5.93922269537538,-6.90900564027799,19.01));
#10568=CARTESIAN_POINT('Ctrl Pts',(5.97812058995184,-6.79425685127744,19.01));
#10569=CARTESIAN_POINT('Ctrl Pts',(5.98128104388617,-6.69822767404181,19.01));
#10570=CARTESIAN_POINT('Ctrl Pts',(5.94870405717839,-6.6209181085711,19.01));
#10571=CARTESIAN_POINT('Ctrl Pts',(5.91612707047061,-6.54360854310039,19.01));
#10572=CARTESIAN_POINT('Ctrl Pts',(5.85121620889614,-6.49036704989887,19.01));
#10573=CARTESIAN_POINT('Ctrl Pts',(5.753971472455,-6.46119362896652,19.01));
#10574=CARTESIAN_POINT('',(5.75688881454823,-6.45244160268682,19.01));
#10575=CARTESIAN_POINT('',(6.43691061422391,-4.41237620366031,19.01));
#10576=CARTESIAN_POINT('',(6.14051929980855,-6.06735244637989,19.01));
#10577=CARTESIAN_POINT('Ctrl Pts',(5.75688881454823,-6.45244160268682,19.01));
#10578=CARTESIAN_POINT('Ctrl Pts',(5.84927131416732,-6.41451615547477,19.01));
#10579=CARTESIAN_POINT('Ctrl Pts',(5.92901199804906,-6.36200399779656,19.01));
#10580=CARTESIAN_POINT('Ctrl Pts',(5.99611086619345,-6.29490512965217,19.01));
#10581=CARTESIAN_POINT('Ctrl Pts',(6.06320973433784,-6.22780626150778,19.01));
#10582=CARTESIAN_POINT('Ctrl Pts',(6.1113458788762,-6.15195536708368,19.01));
#10583=CARTESIAN_POINT('Ctrl Pts',(6.14051929980855,-6.06735244637989,19.01));
#10584=CARTESIAN_POINT('',(6.06758574747769,-5.73477544775118,19.01));
#10585=CARTESIAN_POINT('Ctrl Pts',(6.14051929980855,-6.06735244637989,19.01));
#10586=CARTESIAN_POINT('Ctrl Pts',(6.16580293128324,-5.9915015519558,19.01));
#10587=CARTESIAN_POINT('Ctrl Pts',(6.17309628651633,-5.92561824301692,19.01));
#10588=CARTESIAN_POINT('Ctrl Pts',(6.1623993655078,-5.86970251956326,19.01));
#10589=CARTESIAN_POINT('Ctrl Pts',(6.15170244449928,-5.81378679610961,19.01));
#10590=CARTESIAN_POINT('Ctrl Pts',(6.12009790515591,-5.76881110550558,19.01));
#10591=CARTESIAN_POINT('Ctrl Pts',(6.06758574747769,-5.73477544775118,19.01));
#10592=CARTESIAN_POINT('',(5.61977373616622,-5.66184189542032,19.01));
#10593=CARTESIAN_POINT('Ctrl Pts',(6.06758574747769,-5.73477544775118,19.01));
#10594=CARTESIAN_POINT('Ctrl Pts',(6.01896337925712,-5.7026846847256,19.01));
#10595=CARTESIAN_POINT('Ctrl Pts',(5.96402010316787,-5.68250640191406,19.01));
#10596=CARTESIAN_POINT('Ctrl Pts',(5.90275591920995,-5.67424059931657,19.01));
#10597=CARTESIAN_POINT('Ctrl Pts',(5.84149173525203,-5.66597479671907,19.01));
#10598=CARTESIAN_POINT('Ctrl Pts',(5.74716434090412,-5.66184189542032,19.01));
#10599=CARTESIAN_POINT('Ctrl Pts',(5.61977373616622,-5.66184189542032,19.01));
#10600=CARTESIAN_POINT('',(5.14132963287579,-5.66184189542032,19.01));
#10601=CARTESIAN_POINT('',(2.5706648164379,-5.66184189542032,19.01));
#10602=CARTESIAN_POINT('',(4.5301464643432,-7.46184196694589,19.01));
#10603=CARTESIAN_POINT('',(5.43186225068196,-4.80619213319405,19.01));
#10604=CARTESIAN_POINT('',(2.52325800742284,-7.46184196694589,19.01));
#10605=CARTESIAN_POINT('',(5.68541393326399,-6.91921633760431,19.01));
#10606=CARTESIAN_POINT('',(5.46661327627142,-7.1817771259954,19.01));
#10607=CARTESIAN_POINT('Ctrl Pts',(5.68541393326399,-6.91921633760431,19.01));
#10608=CARTESIAN_POINT('Ctrl Pts',(5.66402009124694,-6.98242541629105,19.01));
#10609=CARTESIAN_POINT('Ctrl Pts',(5.63606222952011,-7.03396512660486,19.01));
#10610=CARTESIAN_POINT('Ctrl Pts',(5.60154034808351,-7.07383546854573,19.01));
#10611=CARTESIAN_POINT('Ctrl Pts',(5.5670184666469,-7.1137058104866,19.01));
#10612=CARTESIAN_POINT('Ctrl Pts',(5.52204277604287,-7.14968636296982,19.01));
#10613=CARTESIAN_POINT('Ctrl Pts',(5.46661327627142,-7.1817771259954,19.01));
#10614=CARTESIAN_POINT('',(5.03338797542612,-7.25762802041949,19.01));
#10615=CARTESIAN_POINT('Ctrl Pts',(5.46661327627142,-7.1817771259954,19.01));
#10616=CARTESIAN_POINT('Ctrl Pts',(5.41021132913555,-7.21289544165657,19.01));
#10617=CARTESIAN_POINT('Ctrl Pts',(5.35016270438315,-7.23331683630921,19.01));
#10618=CARTESIAN_POINT('Ctrl Pts',(5.2864674020142,-7.24304130995332,19.01));
#10619=CARTESIAN_POINT('Ctrl Pts',(5.22277209964525,-7.25276578359743,19.01));
#10620=CARTESIAN_POINT('Ctrl Pts',(5.13841229078256,-7.25762802041949,19.01));
#10621=CARTESIAN_POINT('Ctrl Pts',(5.03338797542612,-7.25762802041949,19.01));
#10622=CARTESIAN_POINT('',(4.83938472622604,-7.25762802041949,19.01));
#10623=CARTESIAN_POINT('',(2.51669398771306,-7.25762802041949,19.01));
#10624=CARTESIAN_POINT('',(5.0654787384517,-6.59247402316207,19.01));
#10625=CARTESIAN_POINT('',(5.69449168480026,-4.74195851648502,19.01));
#10626=CARTESIAN_POINT('',(5.33679155312249,-6.59247402316207,19.01));
#10627=CARTESIAN_POINT('',(2.53273936922585,-6.59247402316207,19.01));
#10628=CARTESIAN_POINT('',(5.63436044663239,-6.63915149665381,19.01));
#10629=CARTESIAN_POINT('Ctrl Pts',(5.33679155312249,-6.59247402316207,19.01));
#10630=CARTESIAN_POINT('Ctrl Pts',(5.41847713173305,-6.59247402316207,19.01));
#10631=CARTESIAN_POINT('Ctrl Pts',(5.48071376305538,-6.5953913652553,19.01));
#10632=CARTESIAN_POINT('Ctrl Pts',(5.52350144708949,-6.60122604944177,19.01));
#10633=CARTESIAN_POINT('Ctrl Pts',(5.56628913112359,-6.60706073362824,19.01));
#10634=CARTESIAN_POINT('Ctrl Pts',(5.60324213097123,-6.61970254936559,19.01));
#10635=CARTESIAN_POINT('Ctrl Pts',(5.63436044663239,-6.63915149665382,19.01));
#10636=CARTESIAN_POINT('Ctrl Pts',(5.63436044663239,-6.63915149665382,19.01));
#10637=CARTESIAN_POINT('Ctrl Pts',(5.68298281485296,-6.67026981231498,19.01));
#10638=CARTESIAN_POINT('Ctrl Pts',(5.70948200553318,-6.70770903584482,19.01));
#10639=CARTESIAN_POINT('Ctrl Pts',(5.71385801867303,-6.75146916724334,19.01));
#10640=CARTESIAN_POINT('Ctrl Pts',(5.71823403181288,-6.79522929864185,19.01));
#10641=CARTESIAN_POINT('Ctrl Pts',(5.70875267000987,-6.85114502209551,19.01));
#10642=CARTESIAN_POINT('Ctrl Pts',(5.68541393326399,-6.91921633760431,19.01));
#10643=CARTESIAN_POINT('',(5.87941718246407,-6.10090188045208,19.01));
#10644=CARTESIAN_POINT('',(5.70000064373016,-6.33283057686421,19.01));
#10645=CARTESIAN_POINT('Ctrl Pts',(5.87941718246407,-6.10090188045208,19.01));
#10646=CARTESIAN_POINT('Ctrl Pts',(5.86094068254026,-6.15730382758795,19.01));
#10647=CARTESIAN_POINT('Ctrl Pts',(5.83760194579438,-6.2042244129208,19.01));
#10648=CARTESIAN_POINT('Ctrl Pts',(5.80940097222645,-6.24166363645064,19.01));
#10649=CARTESIAN_POINT('Ctrl Pts',(5.78119999865852,-6.27910285998048,19.01));
#10650=CARTESIAN_POINT('Ctrl Pts',(5.74473322249309,-6.30949184011834,19.01));
#10651=CARTESIAN_POINT('Ctrl Pts',(5.70000064373016,-6.33283057686421,19.01));
#10652=CARTESIAN_POINT('',(5.40389042126688,-6.39263608977552,19.01));
#10653=CARTESIAN_POINT('Ctrl Pts',(5.70000064373016,-6.33283057686421,19.01));
#10654=CARTESIAN_POINT('Ctrl Pts',(5.65429561760283,-6.3571417609745,19.01));
#10655=CARTESIAN_POINT('Ctrl Pts',(5.61248038093313,-6.37318714248729,19.01));
#10656=CARTESIAN_POINT('Ctrl Pts',(5.57455493372109,-6.38096672140258,19.01));
#10657=CARTESIAN_POINT('Ctrl Pts',(5.53662948650904,-6.38874630031787,19.01));
#10658=CARTESIAN_POINT('Ctrl Pts',(5.47974131569097,-6.39263608977552,19.01));
#10659=CARTESIAN_POINT('Ctrl Pts',(5.40389042126688,-6.39263608977552,19.01));
#10660=CARTESIAN_POINT('',(5.13257760659609,-6.39263608977552,19.01));
#10661=CARTESIAN_POINT('',(2.70194521063344,-6.39263608977552,19.01));
#10662=CARTESIAN_POINT('',(5.31199414533,-5.86605584194672,19.01));
#10663=CARTESIAN_POINT('',(5.84141725487423,-4.31222053669903,19.01));
#10664=CARTESIAN_POINT('',(5.54100549964889,-5.86605584194672,19.01));
#10665=CARTESIAN_POINT('',(2.655997072665,-5.86605584194672,19.01));
#10666=CARTESIAN_POINT('',(5.85170243257835,-5.91273331543847,19.01));
#10667=CARTESIAN_POINT('Ctrl Pts',(5.54100549964889,-5.86605584194672,19.01));
#10668=CARTESIAN_POINT('Ctrl Pts',(5.62463597298828,-5.86605584194672,19.01));
#10669=CARTESIAN_POINT('Ctrl Pts',(5.68954683456274,-5.86848696035775,19.01));
#10670=CARTESIAN_POINT('Ctrl Pts',(5.73573808437228,-5.87334919717981,19.01));
#10671=CARTESIAN_POINT('Ctrl Pts',(5.78192933418183,-5.87821143400187,19.01));
#10672=CARTESIAN_POINT('Ctrl Pts',(5.82058411691718,-5.89133947342142,19.01));
#10673=CARTESIAN_POINT('Ctrl Pts',(5.85170243257835,-5.91273331543847,19.01));
#10674=CARTESIAN_POINT('Ctrl Pts',(5.85170243257835,-5.91273331543847,19.01));
#10675=CARTESIAN_POINT('Ctrl Pts',(5.87795851141746,-5.93120981536229,19.01));
#10676=CARTESIAN_POINT('Ctrl Pts',(5.89278833372473,-5.95649344683699,19.01));
#10677=CARTESIAN_POINT('Ctrl Pts',(5.89619189950017,-5.98858420986256,19.01));
#10678=CARTESIAN_POINT('Ctrl Pts',(5.89959546527561,-6.02067497288814,19.01));
#10679=CARTESIAN_POINT('Ctrl Pts',(5.89400389293024,-6.05811419641798,19.01));
#10680=CARTESIAN_POINT('Ctrl Pts',(5.87941718246407,-6.10090188045208,19.01));
#10681=CARTESIAN_POINT('Origin',(5.13257760659609,-6.39263608977552,-35.4245908809103));
#10682=CARTESIAN_POINT('',(5.13257760659609,-6.39263608977552,19.005));
#10683=CARTESIAN_POINT('',(5.13257760659609,-6.39263608977552,-35.4245908809103));
#10684=CARTESIAN_POINT('',(5.31199414533,-5.86605584194672,19.005));
#10685=CARTESIAN_POINT('',(5.84141725487423,-4.31222053669903,19.005));
#10686=CARTESIAN_POINT('',(5.31199414533,-5.86605584194672,-35.4245908809103));
#10687=CARTESIAN_POINT('Origin',(5.40389042126688,-6.39263608977552,-35.4245908809103));
#10688=CARTESIAN_POINT('',(5.40389042126688,-6.39263608977552,19.005));
#10689=CARTESIAN_POINT('',(5.40389042126688,-6.39263608977552,-35.4245908809103));
#10690=CARTESIAN_POINT('',(2.70194521063344,-6.39263608977552,19.005));
#10691=CARTESIAN_POINT('Ctrl Pts',(5.40389042126688,-6.39263608977552,-35.4245908809103));
#10692=CARTESIAN_POINT('Ctrl Pts',(5.40389042126688,-6.39263608977552,73.4245908809103));
#10693=CARTESIAN_POINT('Ctrl Pts',(5.51766676290302,-6.39263608977552,-35.4245908809103));
#10694=CARTESIAN_POINT('Ctrl Pts',(5.51766676290302,-6.39263608977552,73.4245908809103));
#10695=CARTESIAN_POINT('Ctrl Pts',(5.63144310453916,-6.36929735302964,-35.4245908809103));
#10696=CARTESIAN_POINT('Ctrl Pts',(5.63144310453916,-6.36929735302964,73.4245908809103));
#10697=CARTESIAN_POINT('Ctrl Pts',(5.70000064373016,-6.33283057686421,-35.4245908809103));
#10698=CARTESIAN_POINT('Ctrl Pts',(5.70000064373016,-6.33283057686421,73.4245908809103));
#10699=CARTESIAN_POINT('',(5.70000064373016,-6.33283057686421,19.005));
#10700=CARTESIAN_POINT('',(5.70000064373016,-6.33283057686421,-35.4245908809103));
#10701=CARTESIAN_POINT('Ctrl Pts',(5.40389042126688,-6.39263608977552,19.005));
#10702=CARTESIAN_POINT('Ctrl Pts',(5.51766676290302,-6.39263608977552,19.005));
#10703=CARTESIAN_POINT('Ctrl Pts',(5.63144310453916,-6.36929735302964,19.005));
#10704=CARTESIAN_POINT('Ctrl Pts',(5.70000064373016,-6.33283057686421,19.005));
#10705=CARTESIAN_POINT('Ctrl Pts',(5.70000064373016,-6.33283057686421,-35.4245908809103));
#10706=CARTESIAN_POINT('Ctrl Pts',(5.70000064373016,-6.33283057686421,73.4245908809103));
#10707=CARTESIAN_POINT('Ctrl Pts',(5.76709951187455,-6.2978224717454,-35.4245908809103));
#10708=CARTESIAN_POINT('Ctrl Pts',(5.76709951187455,-6.2978224717454,73.4245908809103));
#10709=CARTESIAN_POINT('Ctrl Pts',(5.85170243257835,-6.18550480115588,-35.4245908809103));
#10710=CARTESIAN_POINT('Ctrl Pts',(5.85170243257835,-6.18550480115588,73.4245908809103));
#10711=CARTESIAN_POINT('Ctrl Pts',(5.87941718246407,-6.10090188045208,-35.4245908809103));
#10712=CARTESIAN_POINT('Ctrl Pts',(5.87941718246407,-6.10090188045208,73.4245908809103));
#10713=CARTESIAN_POINT('',(5.87941718246407,-6.10090188045208,19.005));
#10714=CARTESIAN_POINT('',(5.87941718246407,-6.10090188045208,-35.4245908809103));
#10715=CARTESIAN_POINT('Ctrl Pts',(5.70000064373016,-6.33283057686421,19.005));
#10716=CARTESIAN_POINT('Ctrl Pts',(5.76709951187455,-6.2978224717454,19.005));
#10717=CARTESIAN_POINT('Ctrl Pts',(5.85170243257835,-6.18550480115588,19.005));
#10718=CARTESIAN_POINT('Ctrl Pts',(5.87941718246407,-6.10090188045208,19.005));
#10719=CARTESIAN_POINT('Origin',(4.83938472622604,-7.25762802041949,-35.4245908809103));
#10720=CARTESIAN_POINT('',(4.83938472622604,-7.25762802041949,19.005));
#10721=CARTESIAN_POINT('',(4.83938472622604,-7.25762802041949,-35.4245908809103));
#10722=CARTESIAN_POINT('',(5.0654787384517,-6.59247402316207,19.005));
#10723=CARTESIAN_POINT('',(5.69449168480026,-4.74195851648502,19.005));
#10724=CARTESIAN_POINT('',(5.0654787384517,-6.59247402316207,-35.4245908809103));
#10725=CARTESIAN_POINT('Origin',(5.03338797542612,-7.25762802041949,-35.4245908809103));
#10726=CARTESIAN_POINT('',(5.03338797542612,-7.25762802041949,19.005));
#10727=CARTESIAN_POINT('',(5.03338797542612,-7.25762802041949,-35.4245908809103));
#10728=CARTESIAN_POINT('',(2.51669398771306,-7.25762802041949,19.005));
#10729=CARTESIAN_POINT('Ctrl Pts',(5.03338797542612,-7.25762802041949,-35.4245908809103));
#10730=CARTESIAN_POINT('Ctrl Pts',(5.03338797542612,-7.25762802041949,73.4245908809103));
#10731=CARTESIAN_POINT('Ctrl Pts',(5.19092444846078,-7.25762802041949,-35.4245908809103));
#10732=CARTESIAN_POINT('Ctrl Pts',(5.19092444846078,-7.25762802041949,73.4245908809103));
#10733=CARTESIAN_POINT('Ctrl Pts',(5.38201035556762,-7.22845459948715,-35.4245908809103));
#10734=CARTESIAN_POINT('Ctrl Pts',(5.38201035556762,-7.22845459948715,73.4245908809103));
#10735=CARTESIAN_POINT('Ctrl Pts',(5.46661327627142,-7.1817771259954,-35.4245908809103));
#10736=CARTESIAN_POINT('Ctrl Pts',(5.46661327627142,-7.1817771259954,73.4245908809103));
#10737=CARTESIAN_POINT('',(5.46661327627142,-7.1817771259954,19.005));
#10738=CARTESIAN_POINT('',(5.46661327627142,-7.1817771259954,-35.4245908809103));
#10739=CARTESIAN_POINT('Ctrl Pts',(5.03338797542612,-7.25762802041949,19.005));
#10740=CARTESIAN_POINT('Ctrl Pts',(5.19092444846078,-7.25762802041949,19.005));
#10741=CARTESIAN_POINT('Ctrl Pts',(5.38201035556762,-7.22845459948715,19.005));
#10742=CARTESIAN_POINT('Ctrl Pts',(5.46661327627142,-7.1817771259954,19.005));
#10743=CARTESIAN_POINT('Ctrl Pts',(5.46661327627142,-7.1817771259954,-35.4245908809103));
#10744=CARTESIAN_POINT('Ctrl Pts',(5.46661327627142,-7.1817771259954,73.4245908809103));
#10745=CARTESIAN_POINT('Ctrl Pts',(5.5497575259286,-7.13364098145703,-35.4245908809103));
#10746=CARTESIAN_POINT('Ctrl Pts',(5.5497575259286,-7.13364098145703,73.4245908809103));
#10747=CARTESIAN_POINT('Ctrl Pts',(5.65332317023841,-7.01402995563443,-35.4245908809103));
#10748=CARTESIAN_POINT('Ctrl Pts',(5.65332317023841,-7.01402995563443,73.4245908809103));
#10749=CARTESIAN_POINT('Ctrl Pts',(5.68541393326399,-6.91921633760431,-35.4245908809103));
#10750=CARTESIAN_POINT('Ctrl Pts',(5.68541393326399,-6.91921633760431,73.4245908809103));
#10751=CARTESIAN_POINT('',(5.68541393326399,-6.91921633760431,19.005));
#10752=CARTESIAN_POINT('',(5.68541393326399,-6.91921633760431,-35.4245908809103));
#10753=CARTESIAN_POINT('Ctrl Pts',(5.46661327627142,-7.1817771259954,19.005));
#10754=CARTESIAN_POINT('Ctrl Pts',(5.5497575259286,-7.13364098145703,19.005));
#10755=CARTESIAN_POINT('Ctrl Pts',(5.65332317023841,-7.01402995563443,19.005));
#10756=CARTESIAN_POINT('Ctrl Pts',(5.68541393326399,-6.91921633760431,19.005));
#10757=CARTESIAN_POINT('Ctrl Pts',(5.75688881454823,-6.45244160268682,-35.4245908809103));
#10758=CARTESIAN_POINT('Ctrl Pts',(5.75688881454823,-6.45244160268682,73.4245908809103));
#10759=CARTESIAN_POINT('Ctrl Pts',(5.89546256397686,-6.39555343186875,-35.4245908809103));
#10760=CARTESIAN_POINT('Ctrl Pts',(5.89546256397686,-6.39555343186875,73.4245908809103));
#10761=CARTESIAN_POINT('Ctrl Pts',(6.09675916841003,-6.19425682743558,-35.4245908809103));
#10762=CARTESIAN_POINT('Ctrl Pts',(6.09675916841003,-6.19425682743558,73.4245908809103));
#10763=CARTESIAN_POINT('Ctrl Pts',(6.14051929980855,-6.06735244637989,-35.4245908809103));
#10764=CARTESIAN_POINT('Ctrl Pts',(6.14051929980855,-6.06735244637989,73.4245908809103));
#10765=CARTESIAN_POINT('',(5.75688881454823,-6.45244160268682,19.005));
#10766=CARTESIAN_POINT('',(5.75688881454823,-6.45244160268682,-35.4245908809103));
#10767=CARTESIAN_POINT('',(6.14051929980855,-6.06735244637989,19.005));
#10768=CARTESIAN_POINT('Ctrl Pts',(6.14051929980855,-6.06735244637989,19.005));
#10769=CARTESIAN_POINT('Ctrl Pts',(6.09675916841003,-6.19425682743558,19.005));
#10770=CARTESIAN_POINT('Ctrl Pts',(5.89546256397686,-6.39555343186875,19.005));
#10771=CARTESIAN_POINT('Ctrl Pts',(5.75688881454823,-6.45244160268682,19.005));
#10772=CARTESIAN_POINT('',(6.14051929980855,-6.06735244637989,-35.4245908809103));
#10773=CARTESIAN_POINT('Origin',(5.75688881454823,-6.45244160268682,-35.4245908809103));
#10774=CARTESIAN_POINT('',(5.753971472455,-6.46119362896652,19.005));
#10775=CARTESIAN_POINT('',(5.753971472455,-6.46119362896652,-35.4245908809103));
#10776=CARTESIAN_POINT('',(6.43691061422391,-4.41237620366031,19.005));
#10777=CARTESIAN_POINT('Ctrl Pts',(5.93922269537538,-6.90900564027799,-35.4245908809103));
#10778=CARTESIAN_POINT('Ctrl Pts',(5.93922269537538,-6.90900564027799,73.4245908809103));
#10779=CARTESIAN_POINT('Ctrl Pts',(5.99756953724006,-6.73688245677717,-35.4245908809103));
#10780=CARTESIAN_POINT('Ctrl Pts',(5.99756953724006,-6.73688245677717,73.4245908809103));
#10781=CARTESIAN_POINT('Ctrl Pts',(5.89983857711671,-6.50495376036504,-35.4245908809103));
#10782=CARTESIAN_POINT('Ctrl Pts',(5.89983857711671,-6.50495376036504,73.4245908809103));
#10783=CARTESIAN_POINT('Ctrl Pts',(5.753971472455,-6.46119362896652,-35.4245908809103));
#10784=CARTESIAN_POINT('Ctrl Pts',(5.753971472455,-6.46119362896652,73.4245908809103));
#10785=CARTESIAN_POINT('',(5.93922269537538,-6.90900564027799,19.005));
#10786=CARTESIAN_POINT('',(5.93922269537538,-6.90900564027799,-35.4245908809103));
#10787=CARTESIAN_POINT('Ctrl Pts',(5.753971472455,-6.46119362896652,19.005));
#10788=CARTESIAN_POINT('Ctrl Pts',(5.89983857711671,-6.50495376036504,19.005));
#10789=CARTESIAN_POINT('Ctrl Pts',(5.99756953724006,-6.73688245677717,19.005));
#10790=CARTESIAN_POINT('Ctrl Pts',(5.93922269537538,-6.90900564027799,19.005));
#10791=CARTESIAN_POINT('Ctrl Pts',(5.61393905197975,-7.31597486228418,-35.4245908809103));
#10792=CARTESIAN_POINT('Ctrl Pts',(5.61393905197975,-7.31597486228418,73.4245908809103));
#10793=CARTESIAN_POINT('Ctrl Pts',(5.72188070942942,-7.24887599413979,-35.4245908809103));
#10794=CARTESIAN_POINT('Ctrl Pts',(5.72188070942942,-7.24887599413979,73.4245908809103));
#10795=CARTESIAN_POINT('Ctrl Pts',(5.89400389293025,-7.04320337656677,-35.4245908809103));
#10796=CARTESIAN_POINT('Ctrl Pts',(5.89400389293025,-7.04320337656677,73.4245908809103));
#10797=CARTESIAN_POINT('Ctrl Pts',(5.93922269537538,-6.90900564027799,-35.4245908809103));
#10798=CARTESIAN_POINT('Ctrl Pts',(5.93922269537538,-6.90900564027799,73.4245908809103));
#10799=CARTESIAN_POINT('',(5.61393905197975,-7.31597486228418,19.005));
#10800=CARTESIAN_POINT('',(5.61393905197975,-7.31597486228418,-35.4245908809103));
#10801=CARTESIAN_POINT('Ctrl Pts',(5.93922269537538,-6.90900564027799,19.005));
#10802=CARTESIAN_POINT('Ctrl Pts',(5.89400389293025,-7.04320337656677,19.005));
#10803=CARTESIAN_POINT('Ctrl Pts',(5.72188070942942,-7.24887599413979,19.005));
#10804=CARTESIAN_POINT('Ctrl Pts',(5.61393905197975,-7.31597486228418,19.005));
#10805=CARTESIAN_POINT('Ctrl Pts',(5.04651601484568,-7.46184196694589,-35.4245908809103));
#10806=CARTESIAN_POINT('Ctrl Pts',(5.04651601484568,-7.46184196694589,73.4245908809103));
#10807=CARTESIAN_POINT('Ctrl Pts',(5.23030856671944,-7.46184196694589,-35.4245908809103));
#10808=CARTESIAN_POINT('Ctrl Pts',(5.23030856671944,-7.46184196694589,73.4245908809103));
#10809=CARTESIAN_POINT('Ctrl Pts',(5.48411732883082,-7.3947430988015,-35.4245908809103));
#10810=CARTESIAN_POINT('Ctrl Pts',(5.48411732883082,-7.3947430988015,73.4245908809103));
#10811=CARTESIAN_POINT('Ctrl Pts',(5.61393905197975,-7.31597486228418,-35.4245908809103));
#10812=CARTESIAN_POINT('Ctrl Pts',(5.61393905197975,-7.31597486228418,73.4245908809103));
#10813=CARTESIAN_POINT('',(5.04651601484568,-7.46184196694589,19.005));
#10814=CARTESIAN_POINT('',(5.04651601484568,-7.46184196694589,-35.4245908809103));
#10815=CARTESIAN_POINT('Ctrl Pts',(5.61393905197975,-7.31597486228418,19.005));
#10816=CARTESIAN_POINT('Ctrl Pts',(5.48411732883082,-7.3947430988015,19.005));
#10817=CARTESIAN_POINT('Ctrl Pts',(5.23030856671944,-7.46184196694589,19.005));
#10818=CARTESIAN_POINT('Ctrl Pts',(5.04651601484568,-7.46184196694589,19.005));
#10819=CARTESIAN_POINT('Origin',(5.31199414533,-5.86605584194672,-35.4245908809103));
#10820=CARTESIAN_POINT('',(5.54100549964889,-5.86605584194672,19.005));
#10821=CARTESIAN_POINT('',(2.655997072665,-5.86605584194672,19.005));
#10822=CARTESIAN_POINT('',(5.54100549964889,-5.86605584194672,-35.4245908809103));
#10823=CARTESIAN_POINT('Ctrl Pts',(5.85170243257835,-5.91273331543847,-35.4245908809103));
#10824=CARTESIAN_POINT('Ctrl Pts',(5.85170243257835,-5.91273331543847,73.4245908809103));
#10825=CARTESIAN_POINT('Ctrl Pts',(5.8050249590866,-5.88064255241289,-35.4245908809103));
#10826=CARTESIAN_POINT('Ctrl Pts',(5.8050249590866,-5.88064255241289,73.4245908809103));
#10827=CARTESIAN_POINT('Ctrl Pts',(5.66645120965797,-5.86605584194672,-35.4245908809103));
#10828=CARTESIAN_POINT('Ctrl Pts',(5.66645120965797,-5.86605584194672,73.4245908809103));
#10829=CARTESIAN_POINT('Ctrl Pts',(5.54100549964889,-5.86605584194672,-35.4245908809103));
#10830=CARTESIAN_POINT('Ctrl Pts',(5.54100549964889,-5.86605584194672,73.4245908809103));
#10831=CARTESIAN_POINT('',(5.85170243257835,-5.91273331543847,19.005));
#10832=CARTESIAN_POINT('Ctrl Pts',(5.85170243257835,-5.91273331543847,19.005));
#10833=CARTESIAN_POINT('Ctrl Pts',(5.8050249590866,-5.88064255241289,19.005));
#10834=CARTESIAN_POINT('Ctrl Pts',(5.66645120965797,-5.86605584194672,19.005));
#10835=CARTESIAN_POINT('Ctrl Pts',(5.54100549964889,-5.86605584194672,19.005));
#10836=CARTESIAN_POINT('',(5.85170243257835,-5.91273331543847,-35.4245908809103));
#10837=CARTESIAN_POINT('Ctrl Pts',(5.87941718246407,-6.10090188045208,-35.4245908809103));
#10838=CARTESIAN_POINT('Ctrl Pts',(5.87941718246407,-6.10090188045208,73.4245908809103));
#10839=CARTESIAN_POINT('Ctrl Pts',(5.90129724816333,-6.03672035440093,-35.4245908809103));
#10840=CARTESIAN_POINT('Ctrl Pts',(5.90129724816333,-6.03672035440093,73.4245908809103));
#10841=CARTESIAN_POINT('Ctrl Pts',(5.89108655083701,-5.9404480653242,-35.4245908809103));
#10842=CARTESIAN_POINT('Ctrl Pts',(5.89108655083701,-5.9404480653242,73.4245908809103));
#10843=CARTESIAN_POINT('Ctrl Pts',(5.85170243257835,-5.91273331543847,-35.4245908809103));
#10844=CARTESIAN_POINT('Ctrl Pts',(5.85170243257835,-5.91273331543847,73.4245908809103));
#10845=CARTESIAN_POINT('Ctrl Pts',(5.87941718246407,-6.10090188045208,19.005));
#10846=CARTESIAN_POINT('Ctrl Pts',(5.90129724816333,-6.03672035440093,19.005));
#10847=CARTESIAN_POINT('Ctrl Pts',(5.89108655083701,-5.9404480653242,19.005));
#10848=CARTESIAN_POINT('Ctrl Pts',(5.85170243257835,-5.91273331543847,19.005));
#10849=CARTESIAN_POINT('Origin',(5.0654787384517,-6.59247402316207,-35.4245908809103));
#10850=CARTESIAN_POINT('',(5.33679155312249,-6.59247402316207,19.005));
#10851=CARTESIAN_POINT('',(2.53273936922585,-6.59247402316207,19.005));
#10852=CARTESIAN_POINT('',(5.33679155312249,-6.59247402316207,-35.4245908809103));
#10853=CARTESIAN_POINT('Ctrl Pts',(5.63436044663239,-6.63915149665382,-35.4245908809103));
#10854=CARTESIAN_POINT('Ctrl Pts',(5.63436044663239,-6.63915149665382,73.4245908809103));
#10855=CARTESIAN_POINT('Ctrl Pts',(5.58768297314064,-6.60997807572147,-35.4245908809103));
#10856=CARTESIAN_POINT('Ctrl Pts',(5.58768297314064,-6.60997807572147,73.4245908809103));
#10857=CARTESIAN_POINT('Ctrl Pts',(5.45931992103833,-6.59247402316207,-35.4245908809103));
#10858=CARTESIAN_POINT('Ctrl Pts',(5.45931992103833,-6.59247402316207,73.4245908809103));
#10859=CARTESIAN_POINT('Ctrl Pts',(5.33679155312249,-6.59247402316207,-35.4245908809103));
#10860=CARTESIAN_POINT('Ctrl Pts',(5.33679155312249,-6.59247402316207,73.4245908809103));
#10861=CARTESIAN_POINT('',(5.63436044663239,-6.63915149665381,19.005));
#10862=CARTESIAN_POINT('Ctrl Pts',(5.63436044663239,-6.63915149665382,19.005));
#10863=CARTESIAN_POINT('Ctrl Pts',(5.58768297314064,-6.60997807572147,19.005));
#10864=CARTESIAN_POINT('Ctrl Pts',(5.45931992103833,-6.59247402316207,19.005));
#10865=CARTESIAN_POINT('Ctrl Pts',(5.33679155312249,-6.59247402316207,19.005));
#10866=CARTESIAN_POINT('',(5.63436044663239,-6.63915149665381,-35.4245908809103));
#10867=CARTESIAN_POINT('Ctrl Pts',(5.68541393326399,-6.91921633760431,-35.4245908809103));
#10868=CARTESIAN_POINT('Ctrl Pts',(5.68541393326399,-6.91921633760431,73.4245908809103));
#10869=CARTESIAN_POINT('Ctrl Pts',(5.7204220383828,-6.81710936434111,-35.4245908809103));
#10870=CARTESIAN_POINT('Ctrl Pts',(5.7204220383828,-6.81710936434111,73.4245908809103));
#10871=CARTESIAN_POINT('Ctrl Pts',(5.70729399896325,-6.68582897014557,-35.4245908809103));
#10872=CARTESIAN_POINT('Ctrl Pts',(5.70729399896325,-6.68582897014557,73.4245908809103));
#10873=CARTESIAN_POINT('Ctrl Pts',(5.63436044663239,-6.63915149665382,-35.4245908809103));
#10874=CARTESIAN_POINT('Ctrl Pts',(5.63436044663239,-6.63915149665382,73.4245908809103));
#10875=CARTESIAN_POINT('Ctrl Pts',(5.68541393326399,-6.91921633760431,19.005));
#10876=CARTESIAN_POINT('Ctrl Pts',(5.7204220383828,-6.81710936434111,19.005));
#10877=CARTESIAN_POINT('Ctrl Pts',(5.70729399896325,-6.68582897014557,19.005));
#10878=CARTESIAN_POINT('Ctrl Pts',(5.63436044663239,-6.63915149665382,19.005));
#10879=CARTESIAN_POINT('Origin',(5.04651601484568,-7.46184196694589,-35.4245908809103));
#10880=CARTESIAN_POINT('',(4.5301464643432,-7.46184196694589,19.005));
#10881=CARTESIAN_POINT('',(4.5301464643432,-7.46184196694589,-35.4245908809103));
#10882=CARTESIAN_POINT('',(2.52325800742284,-7.46184196694589,19.005));
#10883=CARTESIAN_POINT('Origin',(4.5301464643432,-7.46184196694589,-35.4245908809103));
#10884=CARTESIAN_POINT('',(5.14132963287579,-5.66184189542032,19.005));
#10885=CARTESIAN_POINT('',(5.14132963287579,-5.66184189542032,-35.4245908809103));
#10886=CARTESIAN_POINT('',(5.43186225068196,-4.80619213319405,19.005));
#10887=CARTESIAN_POINT('Origin',(5.14132963287579,-5.66184189542032,-35.4245908809103));
#10888=CARTESIAN_POINT('',(5.61977373616622,-5.66184189542032,19.005));
#10889=CARTESIAN_POINT('',(5.61977373616622,-5.66184189542032,-35.4245908809103));
#10890=CARTESIAN_POINT('',(2.5706648164379,-5.66184189542032,19.005));
#10891=CARTESIAN_POINT('Ctrl Pts',(6.06758574747769,-5.73477544775118,-35.4245908809103));
#10892=CARTESIAN_POINT('Ctrl Pts',(6.06758574747769,-5.73477544775118,73.4245908809103));
#10893=CARTESIAN_POINT('Ctrl Pts',(5.99465219514683,-5.68663930321281,-35.4245908809103));
#10894=CARTESIAN_POINT('Ctrl Pts',(5.99465219514683,-5.68663930321281,73.4245908809103));
#10895=CARTESIAN_POINT('Ctrl Pts',(5.81085964327307,-5.66184189542032,-35.4245908809103));
#10896=CARTESIAN_POINT('Ctrl Pts',(5.81085964327307,-5.66184189542032,73.4245908809103));
#10897=CARTESIAN_POINT('Ctrl Pts',(5.61977373616622,-5.66184189542032,-35.4245908809103));
#10898=CARTESIAN_POINT('Ctrl Pts',(5.61977373616622,-5.66184189542032,73.4245908809103));
#10899=CARTESIAN_POINT('',(6.06758574747769,-5.73477544775118,19.005));
#10900=CARTESIAN_POINT('',(6.06758574747769,-5.73477544775118,-35.4245908809103));
#10901=CARTESIAN_POINT('Ctrl Pts',(5.61977373616622,-5.66184189542032,19.005));
#10902=CARTESIAN_POINT('Ctrl Pts',(5.81085964327307,-5.66184189542032,19.005));
#10903=CARTESIAN_POINT('Ctrl Pts',(5.99465219514683,-5.68663930321281,19.005));
#10904=CARTESIAN_POINT('Ctrl Pts',(6.06758574747769,-5.73477544775118,19.005));
#10905=CARTESIAN_POINT('Ctrl Pts',(6.14051929980855,-6.06735244637989,-35.4245908809103));
#10906=CARTESIAN_POINT('Ctrl Pts',(6.14051929980855,-6.06735244637989,73.4245908809103));
#10907=CARTESIAN_POINT('Ctrl Pts',(6.17844474702059,-5.95357610474375,-35.4245908809103));
#10908=CARTESIAN_POINT('Ctrl Pts',(6.17844474702059,-5.95357610474375,73.4245908809103));
#10909=CARTESIAN_POINT('Ctrl Pts',(6.14635398399501,-5.78582893438278,-35.4245908809103));
#10910=CARTESIAN_POINT('Ctrl Pts',(6.14635398399501,-5.78582893438278,73.4245908809103));
#10911=CARTESIAN_POINT('Ctrl Pts',(6.06758574747769,-5.73477544775118,-35.4245908809103));
#10912=CARTESIAN_POINT('Ctrl Pts',(6.06758574747769,-5.73477544775118,73.4245908809103));
#10913=CARTESIAN_POINT('Ctrl Pts',(6.06758574747769,-5.73477544775118,19.005));
#10914=CARTESIAN_POINT('Ctrl Pts',(6.14635398399501,-5.78582893438278,19.005));
#10915=CARTESIAN_POINT('Ctrl Pts',(6.17844474702059,-5.95357610474375,19.005));
#10916=CARTESIAN_POINT('Ctrl Pts',(6.14051929980855,-6.06735244637989,19.005));
#10917=CARTESIAN_POINT('Origin',(2.62220473536796,-7.46184196694589,-35.4245908809103));
#10918=CARTESIAN_POINT('',(3.23338790390055,-5.66184189542032,19.01));
#10919=CARTESIAN_POINT('',(2.62220473536796,-7.46184196694589,19.01));
#10920=CARTESIAN_POINT('',(3.62253584437045,-4.5157594168049,19.01));
#10921=CARTESIAN_POINT('',(3.23338790390055,-5.66184189542032,19.005));
#10922=CARTESIAN_POINT('',(3.23338790390055,-5.66184189542032,-35.4245908809103));
#10923=CARTESIAN_POINT('',(2.62220473536796,-7.46184196694589,19.005));
#10924=CARTESIAN_POINT('',(3.62253584437045,-4.5157594168049,19.005));
#10925=CARTESIAN_POINT('',(2.62220473536796,-7.46184196694589,-35.4245908809103));
#10926=CARTESIAN_POINT('Origin',(2.84538140550038,-7.46184196694589,-35.4245908809103));
#10927=CARTESIAN_POINT('',(2.84538140550038,-7.46184196694589,19.01));
#10928=CARTESIAN_POINT('',(1.42269070275019,-7.46184196694589,19.01));
#10929=CARTESIAN_POINT('',(2.84538140550038,-7.46184196694589,19.005));
#10930=CARTESIAN_POINT('',(1.42269070275019,-7.46184196694589,19.005));
#10931=CARTESIAN_POINT('',(2.84538140550038,-7.46184196694589,-35.4245908809103));
#10932=CARTESIAN_POINT('Origin',(3.37196165332918,-5.91127464439185,-35.4245908809103));
#10933=CARTESIAN_POINT('',(3.37196165332918,-5.91127464439185,19.01));
#10934=CARTESIAN_POINT('',(4.09757752397774,-3.77462735768986,19.01));
#10935=CARTESIAN_POINT('',(3.37196165332918,-5.91127464439185,19.005));
#10936=CARTESIAN_POINT('',(4.09757752397774,-3.77462735768986,19.005));
#10937=CARTESIAN_POINT('',(3.37196165332918,-5.91127464439185,-35.4245908809103));
#10938=CARTESIAN_POINT('Origin',(3.47990331077885,-6.96589381109606,-35.4245908809103));
#10939=CARTESIAN_POINT('',(3.47990331077885,-6.96589381109606,19.01));
#10940=CARTESIAN_POINT('',(3.10907645263562,-3.34281518356156,19.01));
#10941=CARTESIAN_POINT('',(3.47990331077885,-6.96589381109606,19.005));
#10942=CARTESIAN_POINT('',(3.10907645263562,-3.34281518356156,19.005));
#10943=CARTESIAN_POINT('',(3.47990331077885,-6.96589381109606,-35.4245908809103));
#10944=CARTESIAN_POINT('Origin',(3.62577041544056,-6.96589381109606,-35.4245908809103));
#10945=CARTESIAN_POINT('',(3.62577041544056,-6.96589381109606,19.01));
#10946=CARTESIAN_POINT('',(1.81288520772028,-6.96589381109606,19.01));
#10947=CARTESIAN_POINT('',(3.62577041544056,-6.96589381109606,19.005));
#10948=CARTESIAN_POINT('',(1.81288520772028,-6.96589381109606,19.005));
#10949=CARTESIAN_POINT('',(3.62577041544056,-6.96589381109606,-35.4245908809103));
#10950=CARTESIAN_POINT('Origin',(4.45283689887249,-5.91127464439185,-35.4245908809103));
#10951=CARTESIAN_POINT('',(4.45283689887249,-5.91127464439185,19.01));
#10952=CARTESIAN_POINT('',(5.0402063681417,-5.16230087669937,19.01));
#10953=CARTESIAN_POINT('',(4.45283689887249,-5.91127464439185,19.005));
#10954=CARTESIAN_POINT('',(5.0402063681417,-5.16230087669937,19.005));
#10955=CARTESIAN_POINT('',(4.45283689887249,-5.91127464439185,-35.4245908809103));
#10956=CARTESIAN_POINT('Origin',(3.9262566510437,-7.46184196694589,-35.4245908809103));
#10957=CARTESIAN_POINT('',(3.9262566510437,-7.46184196694589,19.01));
#10958=CARTESIAN_POINT('',(4.85927838766823,-4.71446771200996,19.01));
#10959=CARTESIAN_POINT('',(3.9262566510437,-7.46184196694589,19.005));
#10960=CARTESIAN_POINT('',(4.85927838766823,-4.71446771200996,19.005));
#10961=CARTESIAN_POINT('',(3.9262566510437,-7.46184196694589,-35.4245908809103));
#10962=CARTESIAN_POINT('Origin',(4.16547870268891,-7.46184196694589,-35.4245908809103));
#10963=CARTESIAN_POINT('',(4.16547870268891,-7.46184196694589,19.01));
#10964=CARTESIAN_POINT('',(2.08273935134446,-7.46184196694589,19.01));
#10965=CARTESIAN_POINT('',(4.16547870268891,-7.46184196694589,19.005));
#10966=CARTESIAN_POINT('',(2.08273935134446,-7.46184196694589,19.005));
#10967=CARTESIAN_POINT('',(4.16547870268891,-7.46184196694589,-35.4245908809103));
#10968=CARTESIAN_POINT('Origin',(4.7766618712215,-5.66184189542032,-35.4245908809103));
#10969=CARTESIAN_POINT('',(4.7766618712215,-5.66184189542032,19.01));
#10970=CARTESIAN_POINT('',(5.39163456768688,-3.85068125714282,19.01));
#10971=CARTESIAN_POINT('',(4.7766618712215,-5.66184189542032,19.005));
#10972=CARTESIAN_POINT('',(5.39163456768688,-3.85068125714282,19.005));
#10973=CARTESIAN_POINT('',(4.7766618712215,-5.66184189542032,-35.4245908809103));
#10974=CARTESIAN_POINT('Origin',(4.44408487259279,-5.66184189542032,-35.4245908809103));
#10975=CARTESIAN_POINT('',(4.44408487259279,-5.66184189542032,19.01));
#10976=CARTESIAN_POINT('',(2.22204243629639,-5.66184189542032,19.01));
#10977=CARTESIAN_POINT('',(4.44408487259279,-5.66184189542032,19.005));
#10978=CARTESIAN_POINT('',(2.22204243629639,-5.66184189542032,19.005));
#10979=CARTESIAN_POINT('',(4.44408487259279,-5.66184189542032,-35.4245908809103));
#10980=CARTESIAN_POINT('Origin',(3.66953054683908,-6.66394890444631,-35.4245908809103));
#10981=CARTESIAN_POINT('',(3.66953054683908,-6.66394890444631,19.01));
#10982=CARTESIAN_POINT('',(4.59556085865716,-5.46586448972123,19.01));
#10983=CARTESIAN_POINT('',(3.66953054683908,-6.66394890444631,19.005));
#10984=CARTESIAN_POINT('',(4.59556085865716,-5.46586448972123,19.005));
#10985=CARTESIAN_POINT('',(3.66953054683908,-6.66394890444631,-35.4245908809103));
#10986=CARTESIAN_POINT('Origin',(3.56013021834279,-5.66184189542032,-35.4245908809103));
#10987=CARTESIAN_POINT('',(3.56013021834279,-5.66184189542032,19.01));
#10988=CARTESIAN_POINT('',(3.23375244125628,-2.67222145730788,19.01));
#10989=CARTESIAN_POINT('',(3.56013021834279,-5.66184189542032,19.005));
#10990=CARTESIAN_POINT('',(3.23375244125628,-2.67222145730788,19.005));
#10991=CARTESIAN_POINT('',(3.56013021834279,-5.66184189542032,-35.4245908809103));
#10992=CARTESIAN_POINT('Origin',(3.23338790390055,-5.66184189542032,-35.4245908809103));
#10993=CARTESIAN_POINT('',(1.61669395195027,-5.66184189542032,19.01));
#10994=CARTESIAN_POINT('',(1.61669395195027,-5.66184189542032,19.005));
#10995=CARTESIAN_POINT('Origin',(0.,0.,19.01));
#10996=CARTESIAN_POINT('Origin',(0.,0.,19.01));
#10997=CARTESIAN_POINT('',(8.1345226205342,-6.74563448305687,19.01));
#10998=CARTESIAN_POINT('',(8.45980626392983,-7.46184196694589,19.01));
#10999=CARTESIAN_POINT('',(6.33175501365341,-2.77631208405027,19.01));
#11000=CARTESIAN_POINT('',(8.77050319685928,-7.46184196694589,19.01));
#11001=CARTESIAN_POINT('',(4.38525159842964,-7.46184196694589,19.01));
#11002=CARTESIAN_POINT('',(8.39708340892529,-6.67853561491248,19.01));
#11003=CARTESIAN_POINT('',(6.32248301285773,-2.3267371278489,19.01));
#11004=CARTESIAN_POINT('',(8.94991973559319,-6.15049669603707,19.01));
#11005=CARTESIAN_POINT('Ctrl Pts',(8.39708340892529,-6.67853561491248,19.01));
#11006=CARTESIAN_POINT('Ctrl Pts',(8.52641890839201,-6.63574793087838,19.01));
#11007=CARTESIAN_POINT('Ctrl Pts',(8.63946591450484,-6.5698646219395,19.01));
#11008=CARTESIAN_POINT('Ctrl Pts',(8.73622442726378,-6.48088568809585,19.01));
#11009=CARTESIAN_POINT('Ctrl Pts',(8.83298294002272,-6.39190675425221,19.01));
#11010=CARTESIAN_POINT('Ctrl Pts',(8.90421470946586,-6.28177709023261,19.01));
#11011=CARTESIAN_POINT('Ctrl Pts',(8.94991973559319,-6.15049669603707,19.01));
#11012=CARTESIAN_POINT('',(8.87844485430895,-5.75665551345043,19.01));
#11013=CARTESIAN_POINT('Ctrl Pts',(8.94991973559319,-6.15049669603707,19.01));
#11014=CARTESIAN_POINT('Ctrl Pts',(8.98201049861877,-6.05616930168916,19.01));
#11015=CARTESIAN_POINT('Ctrl Pts',(8.99051941305737,-5.97715795333073,19.01));
#11016=CARTESIAN_POINT('Ctrl Pts',(8.97544647890899,-5.91346265096178,19.01));
#11017=CARTESIAN_POINT('Ctrl Pts',(8.96037354476062,-5.84976734859283,19.01));
#11018=CARTESIAN_POINT('Ctrl Pts',(8.92803966989394,-5.79749830275572,19.01));
#11019=CARTESIAN_POINT('Ctrl Pts',(8.87844485430895,-5.75665551345043,19.01));
#11020=CARTESIAN_POINT('',(8.45251290869674,-5.66184189542032,19.01));
#11021=CARTESIAN_POINT('Ctrl Pts',(8.87844485430895,-5.75665551345043,19.01));
#11022=CARTESIAN_POINT('Ctrl Pts',(8.82982248608838,-5.71581272414515,19.01));
#11023=CARTESIAN_POINT('Ctrl Pts',(8.77244809158811,-5.68979975714715,19.01));
#11024=CARTESIAN_POINT('Ctrl Pts',(8.70632167080813,-5.67861661245642,19.01));
#11025=CARTESIAN_POINT('Ctrl Pts',(8.64019525002815,-5.66743346776569,19.01));
#11026=CARTESIAN_POINT('Ctrl Pts',(8.55559232932436,-5.66184189542032,19.01));
#11027=CARTESIAN_POINT('Ctrl Pts',(8.45251290869674,-5.66184189542032,19.01));
#11028=CARTESIAN_POINT('',(7.98865551587249,-5.66184189542032,19.01));
#11029=CARTESIAN_POINT('',(3.99432775793624,-5.66184189542032,19.01));
#11030=CARTESIAN_POINT('',(7.3774723473399,-7.46184196694589,19.01));
#11031=CARTESIAN_POINT('',(8.13201908945876,-5.23962077416623,19.01));
#11032=CARTESIAN_POINT('',(7.61669439898511,-7.46184196694589,19.01));
#11033=CARTESIAN_POINT('',(3.80834719949255,-7.46184196694589,19.01));
#11034=CARTESIAN_POINT('',(7.86029246377018,-6.74563448305687,19.01));
#11035=CARTESIAN_POINT('',(8.4810049859569,-4.92066533099889,19.01));
#11036=CARTESIAN_POINT('',(4.0672613102671,-6.74563448305687,19.01));
#11037=CARTESIAN_POINT('',(8.69319363138857,-6.16945941964309,19.01));
#11038=CARTESIAN_POINT('',(8.49481436904864,-6.45244160268682,19.01));
#11039=CARTESIAN_POINT('Ctrl Pts',(8.69319363138857,-6.16945941964309,19.01));
#11040=CARTESIAN_POINT('Ctrl Pts',(8.67179978937152,-6.23169605096542,19.01));
#11041=CARTESIAN_POINT('Ctrl Pts',(8.64505748685021,-6.28615310337246,19.01));
#11042=CARTESIAN_POINT('Ctrl Pts',(8.61296672382463,-6.33283057686421,19.01));
#11043=CARTESIAN_POINT('Ctrl Pts',(8.58087596079905,-6.37950805035596,19.01));
#11044=CARTESIAN_POINT('Ctrl Pts',(8.54149184254039,-6.41937839229683,19.01));
#11045=CARTESIAN_POINT('Ctrl Pts',(8.49481436904864,-6.45244160268682,19.01));
#11046=CARTESIAN_POINT('',(8.13889863367405,-6.54579654967032,19.01));
#11047=CARTESIAN_POINT('Ctrl Pts',(8.49481436904864,-6.45244160268682,19.01));
#11048=CARTESIAN_POINT('Ctrl Pts',(8.44327465873483,-6.49036704989887,19.01));
#11049=CARTESIAN_POINT('Ctrl Pts',(8.38808827080448,-6.51540756953246,19.01));
#11050=CARTESIAN_POINT('Ctrl Pts',(8.32925520525759,-6.5275631615876,19.01));
#11051=CARTESIAN_POINT('Ctrl Pts',(8.2704221397107,-6.53971875364275,19.01));
#11052=CARTESIAN_POINT('Ctrl Pts',(8.20696994918285,-6.54579654967032,19.01));
#11053=CARTESIAN_POINT('Ctrl Pts',(8.13889863367405,-6.54579654967032,19.01));
#11054=CARTESIAN_POINT('',(7.92739133191457,-6.54579654967032,19.01));
#11055=CARTESIAN_POINT('',(4.06944931683703,-6.54579654967032,19.01));
#11056=CARTESIAN_POINT('',(8.15786135728008,-5.86897318403996,19.01));
#11057=CARTESIAN_POINT('',(8.51422650930471,-4.82243248442329,19.01));
#11058=CARTESIAN_POINT('',(8.39562473787867,-5.86897318403996,19.01));
#11059=CARTESIAN_POINT('',(4.07893067864004,-5.86897318403996,19.01));
#11060=CARTESIAN_POINT('',(8.66110286836299,-5.93023736799788,19.01));
#11061=CARTESIAN_POINT('Ctrl Pts',(8.39562473787867,-5.86897318403996,19.01));
#11062=CARTESIAN_POINT('Ctrl Pts',(8.46175115865865,-5.86897318403996,19.01));
#11063=CARTESIAN_POINT('Ctrl Pts',(8.51596509922459,-5.87359230902091,19.01));
#11064=CARTESIAN_POINT('Ctrl Pts',(8.55826655957649,-5.88283055898282,19.01));
#11065=CARTESIAN_POINT('Ctrl Pts',(8.60056801992838,-5.89206880894473,19.01));
#11066=CARTESIAN_POINT('Ctrl Pts',(8.63484678952389,-5.90787107861641,19.01));
#11067=CARTESIAN_POINT('Ctrl Pts',(8.661102868363,-5.93023736799788,19.01));
#11068=CARTESIAN_POINT('Ctrl Pts',(8.661102868363,-5.93023736799788,19.01));
#11069=CARTESIAN_POINT('Ctrl Pts',(8.69124873665975,-5.95649344683699,19.01));
#11070=CARTESIAN_POINT('Ctrl Pts',(8.70850967737805,-5.98979976906808,19.01));
#11071=CARTESIAN_POINT('Ctrl Pts',(8.71288569051791,-6.03015633469115,19.01));
#11072=CARTESIAN_POINT('Ctrl Pts',(8.71726170365776,-6.07051290031423,19.01));
#11073=CARTESIAN_POINT('Ctrl Pts',(8.71069768394798,-6.11694726196487,19.01));
#11074=CARTESIAN_POINT('Ctrl Pts',(8.69319363138857,-6.16945941964309,19.01));
#11075=CARTESIAN_POINT('Origin',(7.92739133191457,-6.54579654967032,-35.4245908809103));
#11076=CARTESIAN_POINT('',(7.92739133191457,-6.54579654967032,19.005));
#11077=CARTESIAN_POINT('',(7.92739133191457,-6.54579654967032,-35.4245908809103));
#11078=CARTESIAN_POINT('',(8.15786135728008,-5.86897318403996,19.005));
#11079=CARTESIAN_POINT('',(8.51422650930472,-4.8224324844233,19.005));
#11080=CARTESIAN_POINT('',(8.15786135728008,-5.86897318403996,-35.4245908809103));
#11081=CARTESIAN_POINT('Origin',(8.13889863367405,-6.54579654967032,-35.4245908809103));
#11082=CARTESIAN_POINT('',(8.13889863367405,-6.54579654967032,19.005));
#11083=CARTESIAN_POINT('',(8.13889863367405,-6.54579654967032,-35.4245908809103));
#11084=CARTESIAN_POINT('',(4.06944931683703,-6.54579654967032,19.005));
#11085=CARTESIAN_POINT('Ctrl Pts',(8.13889863367405,-6.54579654967032,-35.4245908809103));
#11086=CARTESIAN_POINT('Ctrl Pts',(8.13889863367405,-6.54579654967032,73.4245908809103));
#11087=CARTESIAN_POINT('Ctrl Pts',(8.24100560693725,-6.54579654967032,-35.4245908809103));
#11088=CARTESIAN_POINT('Ctrl Pts',(8.24100560693725,-6.54579654967032,73.4245908809103));
#11089=CARTESIAN_POINT('Ctrl Pts',(8.41750480357793,-6.50932977350489,-35.4245908809103));
#11090=CARTESIAN_POINT('Ctrl Pts',(8.41750480357793,-6.50932977350489,73.4245908809103));
#11091=CARTESIAN_POINT('Ctrl Pts',(8.49481436904864,-6.45244160268682,-35.4245908809103));
#11092=CARTESIAN_POINT('Ctrl Pts',(8.49481436904864,-6.45244160268682,73.4245908809103));
#11093=CARTESIAN_POINT('',(8.49481436904864,-6.45244160268682,19.005));
#11094=CARTESIAN_POINT('',(8.49481436904864,-6.45244160268682,-35.4245908809103));
#11095=CARTESIAN_POINT('Ctrl Pts',(8.13889863367405,-6.54579654967032,19.005));
#11096=CARTESIAN_POINT('Ctrl Pts',(8.24100560693725,-6.54579654967032,19.005));
#11097=CARTESIAN_POINT('Ctrl Pts',(8.41750480357793,-6.50932977350489,19.005));
#11098=CARTESIAN_POINT('Ctrl Pts',(8.49481436904864,-6.45244160268682,19.005));
#11099=CARTESIAN_POINT('Ctrl Pts',(8.49481436904864,-6.45244160268682,-35.4245908809103));
#11100=CARTESIAN_POINT('Ctrl Pts',(8.49481436904864,-6.45244160268682,73.4245908809103));
#11101=CARTESIAN_POINT('Ctrl Pts',(8.56483057928626,-6.40284678710184,-35.4245908809103));
#11102=CARTESIAN_POINT('Ctrl Pts',(8.56483057928626,-6.40284678710184,73.4245908809103));
#11103=CARTESIAN_POINT('Ctrl Pts',(8.661102868363,-6.26281436662659,-35.4245908809103));
#11104=CARTESIAN_POINT('Ctrl Pts',(8.661102868363,-6.26281436662659,73.4245908809103));
#11105=CARTESIAN_POINT('Ctrl Pts',(8.69319363138857,-6.16945941964309,-35.4245908809103));
#11106=CARTESIAN_POINT('Ctrl Pts',(8.69319363138857,-6.16945941964309,73.4245908809103));
#11107=CARTESIAN_POINT('',(8.69319363138857,-6.16945941964309,19.005));
#11108=CARTESIAN_POINT('',(8.69319363138857,-6.16945941964309,-35.4245908809103));
#11109=CARTESIAN_POINT('Ctrl Pts',(8.49481436904864,-6.45244160268682,19.005));
#11110=CARTESIAN_POINT('Ctrl Pts',(8.56483057928626,-6.40284678710184,19.005));
#11111=CARTESIAN_POINT('Ctrl Pts',(8.661102868363,-6.26281436662659,19.005));
#11112=CARTESIAN_POINT('Ctrl Pts',(8.69319363138857,-6.16945941964309,19.005));
#11113=CARTESIAN_POINT('Ctrl Pts',(8.87844485430895,-5.75665551345043,-35.4245908809103));
#11114=CARTESIAN_POINT('Ctrl Pts',(8.87844485430895,-5.75665551345043,73.4245908809103));
#11115=CARTESIAN_POINT('Ctrl Pts',(8.8055113019781,-5.69539132949251,-35.4245908809103));
#11116=CARTESIAN_POINT('Ctrl Pts',(8.8055113019781,-5.69539132949251,73.4245908809103));
#11117=CARTESIAN_POINT('Ctrl Pts',(8.60713203963816,-5.66184189542032,-35.4245908809103));
#11118=CARTESIAN_POINT('Ctrl Pts',(8.60713203963816,-5.66184189542032,73.4245908809103));
#11119=CARTESIAN_POINT('Ctrl Pts',(8.45251290869674,-5.66184189542032,-35.4245908809103));
#11120=CARTESIAN_POINT('Ctrl Pts',(8.45251290869674,-5.66184189542032,73.4245908809103));
#11121=CARTESIAN_POINT('',(8.87844485430895,-5.75665551345043,19.005));
#11122=CARTESIAN_POINT('',(8.87844485430895,-5.75665551345043,-35.4245908809103));
#11123=CARTESIAN_POINT('',(8.45251290869674,-5.66184189542032,19.005));
#11124=CARTESIAN_POINT('Ctrl Pts',(8.45251290869674,-5.66184189542032,19.005));
#11125=CARTESIAN_POINT('Ctrl Pts',(8.60713203963816,-5.66184189542032,19.005));
#11126=CARTESIAN_POINT('Ctrl Pts',(8.8055113019781,-5.69539132949251,19.005));
#11127=CARTESIAN_POINT('Ctrl Pts',(8.87844485430895,-5.75665551345043,19.005));
#11128=CARTESIAN_POINT('',(8.45251290869674,-5.66184189542032,-35.4245908809103));
#11129=CARTESIAN_POINT('Ctrl Pts',(8.94991973559319,-6.15049669603707,-35.4245908809103));
#11130=CARTESIAN_POINT('Ctrl Pts',(8.94991973559319,-6.15049669603707,73.4245908809103));
#11131=CARTESIAN_POINT('Ctrl Pts',(8.99805588013156,-6.0090056045152,-35.4245908809103));
#11132=CARTESIAN_POINT('Ctrl Pts',(8.99805588013156,-6.0090056045152,73.4245908809103));
#11133=CARTESIAN_POINT('Ctrl Pts',(8.95283707768643,-5.81791969740836,-35.4245908809103));
#11134=CARTESIAN_POINT('Ctrl Pts',(8.95283707768643,-5.81791969740836,73.4245908809103));
#11135=CARTESIAN_POINT('Ctrl Pts',(8.87844485430895,-5.75665551345043,-35.4245908809103));
#11136=CARTESIAN_POINT('Ctrl Pts',(8.87844485430895,-5.75665551345043,73.4245908809103));
#11137=CARTESIAN_POINT('',(8.94991973559319,-6.15049669603707,19.005));
#11138=CARTESIAN_POINT('',(8.94991973559319,-6.15049669603707,-35.4245908809103));
#11139=CARTESIAN_POINT('Ctrl Pts',(8.87844485430895,-5.75665551345043,19.005));
#11140=CARTESIAN_POINT('Ctrl Pts',(8.95283707768643,-5.81791969740836,19.005));
#11141=CARTESIAN_POINT('Ctrl Pts',(8.99805588013156,-6.0090056045152,19.005));
#11142=CARTESIAN_POINT('Ctrl Pts',(8.94991973559319,-6.15049669603707,19.005));
#11143=CARTESIAN_POINT('Ctrl Pts',(8.39708340892529,-6.67853561491248,-35.4245908809103));
#11144=CARTESIAN_POINT('Ctrl Pts',(8.39708340892529,-6.67853561491248,73.4245908809103));
#11145=CARTESIAN_POINT('Ctrl Pts',(8.59108665812537,-6.61435408886132,-35.4245908809103));
#11146=CARTESIAN_POINT('Ctrl Pts',(8.59108665812537,-6.61435408886132,73.4245908809103));
#11147=CARTESIAN_POINT('Ctrl Pts',(8.88136219640219,-6.34741728733038,-35.4245908809103));
#11148=CARTESIAN_POINT('Ctrl Pts',(8.88136219640219,-6.34741728733038,73.4245908809103));
#11149=CARTESIAN_POINT('Ctrl Pts',(8.94991973559319,-6.15049669603707,-35.4245908809103));
#11150=CARTESIAN_POINT('Ctrl Pts',(8.94991973559319,-6.15049669603707,73.4245908809103));
#11151=CARTESIAN_POINT('',(8.39708340892529,-6.67853561491248,19.005));
#11152=CARTESIAN_POINT('',(8.39708340892529,-6.67853561491248,-35.4245908809103));
#11153=CARTESIAN_POINT('Ctrl Pts',(8.94991973559319,-6.15049669603707,19.005));
#11154=CARTESIAN_POINT('Ctrl Pts',(8.88136219640219,-6.34741728733038,19.005));
#11155=CARTESIAN_POINT('Ctrl Pts',(8.59108665812537,-6.61435408886132,19.005));
#11156=CARTESIAN_POINT('Ctrl Pts',(8.39708340892529,-6.67853561491248,19.005));
#11157=CARTESIAN_POINT('Origin',(8.39708340892529,-6.67853561491248,-35.4245908809103));
#11158=CARTESIAN_POINT('',(8.77050319685928,-7.46184196694589,19.005));
#11159=CARTESIAN_POINT('',(8.77050319685928,-7.46184196694589,-35.4245908809103));
#11160=CARTESIAN_POINT('',(6.32248301285773,-2.3267371278489,19.005));
#11161=CARTESIAN_POINT('Origin',(8.77050319685928,-7.46184196694589,-35.4245908809103));
#11162=CARTESIAN_POINT('',(8.45980626392983,-7.46184196694589,19.005));
#11163=CARTESIAN_POINT('',(8.45980626392983,-7.46184196694589,-35.4245908809103));
#11164=CARTESIAN_POINT('',(4.38525159842964,-7.46184196694589,19.005));
#11165=CARTESIAN_POINT('Origin',(8.45980626392983,-7.46184196694589,-35.4245908809103));
#11166=CARTESIAN_POINT('',(8.1345226205342,-6.74563448305687,19.005));
#11167=CARTESIAN_POINT('',(8.1345226205342,-6.74563448305687,-35.4245908809103));
#11168=CARTESIAN_POINT('',(6.33175501365341,-2.77631208405027,19.005));
#11169=CARTESIAN_POINT('Origin',(8.15786135728008,-5.86897318403996,-35.4245908809103));
#11170=CARTESIAN_POINT('',(8.39562473787867,-5.86897318403996,19.005));
#11171=CARTESIAN_POINT('',(4.07893067864004,-5.86897318403996,19.005));
#11172=CARTESIAN_POINT('',(8.39562473787867,-5.86897318403996,-35.4245908809103));
#11173=CARTESIAN_POINT('Ctrl Pts',(8.661102868363,-5.93023736799788,-35.4245908809103));
#11174=CARTESIAN_POINT('Ctrl Pts',(8.661102868363,-5.93023736799788,73.4245908809103));
#11175=CARTESIAN_POINT('Ctrl Pts',(8.62171875010433,-5.89668793392568,-35.4245908809103));
#11176=CARTESIAN_POINT('Ctrl Pts',(8.62171875010433,-5.89668793392568,73.4245908809103));
#11177=CARTESIAN_POINT('Ctrl Pts',(8.49481436904864,-5.86897318403996,-35.4245908809103));
#11178=CARTESIAN_POINT('Ctrl Pts',(8.49481436904864,-5.86897318403996,73.4245908809103));
#11179=CARTESIAN_POINT('Ctrl Pts',(8.39562473787867,-5.86897318403996,-35.4245908809103));
#11180=CARTESIAN_POINT('Ctrl Pts',(8.39562473787867,-5.86897318403996,73.4245908809103));
#11181=CARTESIAN_POINT('',(8.66110286836299,-5.93023736799788,19.005));
#11182=CARTESIAN_POINT('Ctrl Pts',(8.661102868363,-5.93023736799788,19.005));
#11183=CARTESIAN_POINT('Ctrl Pts',(8.62171875010433,-5.89668793392568,19.005));
#11184=CARTESIAN_POINT('Ctrl Pts',(8.49481436904864,-5.86897318403996,19.005));
#11185=CARTESIAN_POINT('Ctrl Pts',(8.39562473787867,-5.86897318403996,19.005));
#11186=CARTESIAN_POINT('',(8.66110286836299,-5.93023736799788,-35.4245908809103));
#11187=CARTESIAN_POINT('Ctrl Pts',(8.69319363138857,-6.16945941964309,-35.4245908809103));
#11188=CARTESIAN_POINT('Ctrl Pts',(8.69319363138857,-6.16945941964309,73.4245908809103));
#11189=CARTESIAN_POINT('Ctrl Pts',(8.71944971022768,-6.09069118312576,-35.4245908809103));
#11190=CARTESIAN_POINT('Ctrl Pts',(8.71944971022768,-6.09069118312576,73.4245908809103));
#11191=CARTESIAN_POINT('Ctrl Pts',(8.70632167080813,-5.96962148625654,-35.4245908809103));
#11192=CARTESIAN_POINT('Ctrl Pts',(8.70632167080813,-5.96962148625654,73.4245908809103));
#11193=CARTESIAN_POINT('Ctrl Pts',(8.661102868363,-5.93023736799788,-35.4245908809103));
#11194=CARTESIAN_POINT('Ctrl Pts',(8.661102868363,-5.93023736799788,73.4245908809103));
#11195=CARTESIAN_POINT('Ctrl Pts',(8.69319363138857,-6.16945941964309,19.005));
#11196=CARTESIAN_POINT('Ctrl Pts',(8.71944971022768,-6.09069118312576,19.005));
#11197=CARTESIAN_POINT('Ctrl Pts',(8.70632167080813,-5.96962148625654,19.005));
#11198=CARTESIAN_POINT('Ctrl Pts',(8.661102868363,-5.93023736799788,19.005));
#11199=CARTESIAN_POINT('Origin',(8.1345226205342,-6.74563448305687,-35.4245908809103));
#11200=CARTESIAN_POINT('',(7.86029246377018,-6.74563448305687,19.005));
#11201=CARTESIAN_POINT('',(7.86029246377018,-6.74563448305687,-35.4245908809103));
#11202=CARTESIAN_POINT('',(4.0672613102671,-6.74563448305687,19.005));
#11203=CARTESIAN_POINT('Origin',(7.86029246377018,-6.74563448305687,-35.4245908809103));
#11204=CARTESIAN_POINT('',(7.61669439898511,-7.46184196694589,19.005));
#11205=CARTESIAN_POINT('',(7.61669439898511,-7.46184196694589,-35.4245908809103));
#11206=CARTESIAN_POINT('',(8.4810049859569,-4.92066533099889,19.005));
#11207=CARTESIAN_POINT('Origin',(7.61669439898511,-7.46184196694589,-35.4245908809103));
#11208=CARTESIAN_POINT('',(7.3774723473399,-7.46184196694589,19.005));
#11209=CARTESIAN_POINT('',(7.3774723473399,-7.46184196694589,-35.4245908809103));
#11210=CARTESIAN_POINT('',(3.80834719949255,-7.46184196694589,19.005));
#11211=CARTESIAN_POINT('Origin',(7.3774723473399,-7.46184196694589,-35.4245908809103));
#11212=CARTESIAN_POINT('',(7.98865551587249,-5.66184189542032,19.005));
#11213=CARTESIAN_POINT('',(7.98865551587249,-5.66184189542032,-35.4245908809103));
#11214=CARTESIAN_POINT('',(8.13201908945876,-5.23962077416623,19.005));
#11215=CARTESIAN_POINT('Origin',(7.98865551587249,-5.66184189542032,-35.4245908809103));
#11216=CARTESIAN_POINT('',(3.99432775793624,-5.66184189542032,19.005));
#11217=CARTESIAN_POINT('Origin',(7.35413361059402,-6.58080465478913,-35.4245908809103));
#11218=CARTESIAN_POINT('',(6.52706712716209,-6.58080465478913,19.01));
#11219=CARTESIAN_POINT('',(7.35413361059402,-6.58080465478913,19.01));
#11220=CARTESIAN_POINT('',(3.67706680529701,-6.58080465478913,19.01));
#11221=CARTESIAN_POINT('',(6.52706712716209,-6.58080465478913,19.005));
#11222=CARTESIAN_POINT('',(6.52706712716209,-6.58080465478913,-35.4245908809103));
#11223=CARTESIAN_POINT('',(7.35413361059402,-6.58080465478913,19.005));
#11224=CARTESIAN_POINT('',(3.67706680529701,-6.58080465478913,19.005));
#11225=CARTESIAN_POINT('',(7.35413361059402,-6.58080465478913,-35.4245908809103));
#11226=CARTESIAN_POINT('Origin',(7.42706716292488,-6.36783868198302,-35.4245908809103));
#11227=CARTESIAN_POINT('',(7.42706716292488,-6.36783868198302,19.01));
#11228=CARTESIAN_POINT('',(8.01317638511089,-4.65639975319987,19.01));
#11229=CARTESIAN_POINT('',(7.42706716292488,-6.36783868198302,19.005));
#11230=CARTESIAN_POINT('',(8.01317638511089,-4.65639975319987,19.005));
#11231=CARTESIAN_POINT('',(7.42706716292488,-6.36783868198302,-35.4245908809103));
#11232=CARTESIAN_POINT('Origin',(6.60000067949295,-6.36783868198302,-35.4245908809103));
#11233=CARTESIAN_POINT('',(6.60000067949295,-6.36783868198302,19.01));
#11234=CARTESIAN_POINT('',(3.30000033974648,-6.36783868198302,19.01));
#11235=CARTESIAN_POINT('',(6.60000067949295,-6.36783868198302,19.005));
#11236=CARTESIAN_POINT('',(3.30000033974648,-6.36783868198302,19.005));
#11237=CARTESIAN_POINT('',(6.60000067949295,-6.36783868198302,-35.4245908809103));
#11238=CARTESIAN_POINT('Origin',(6.76774784985392,-5.87480786822642,-35.4245908809103));
#11239=CARTESIAN_POINT('',(6.76774784985392,-5.87480786822642,19.01));
#11240=CARTESIAN_POINT('',(7.31239131816247,-4.27402967441523,19.01));
#11241=CARTESIAN_POINT('',(6.76774784985392,-5.87480786822642,19.005));
#11242=CARTESIAN_POINT('',(7.31239131816247,-4.27402967441523,19.005));
#11243=CARTESIAN_POINT('',(6.76774784985392,-5.87480786822642,-35.4245908809103));
#11244=CARTESIAN_POINT('Origin',(7.65461984619716,-5.87480786822642,-35.4245908809103));
#11245=CARTESIAN_POINT('',(7.65461984619716,-5.87480786822642,19.01));
#11246=CARTESIAN_POINT('',(3.82730992309858,-5.87480786822642,19.01));
#11247=CARTESIAN_POINT('',(7.65461984619716,-5.87480786822642,19.005));
#11248=CARTESIAN_POINT('',(3.82730992309858,-5.87480786822642,19.005));
#11249=CARTESIAN_POINT('',(7.65461984619716,-5.87480786822642,-35.4245908809103));
#11250=CARTESIAN_POINT('Origin',(7.7260947274814,-5.66184189542032,-35.4245908809103));
#11251=CARTESIAN_POINT('',(7.7260947274814,-5.66184189542032,19.01));
#11252=CARTESIAN_POINT('',(8.18893706587061,-4.2827606422606,19.01));
#11253=CARTESIAN_POINT('',(7.7260947274814,-5.66184189542032,19.005));
#11254=CARTESIAN_POINT('',(8.18893706587062,-4.2827606422606,19.005));
#11255=CARTESIAN_POINT('',(7.7260947274814,-5.66184189542032,-35.4245908809103));
#11256=CARTESIAN_POINT('Origin',(6.60000067949295,-5.66184189542032,-35.4245908809103));
#11257=CARTESIAN_POINT('',(6.60000067949295,-5.66184189542032,19.01));
#11258=CARTESIAN_POINT('',(3.30000033974648,-5.66184189542032,19.01));
#11259=CARTESIAN_POINT('',(6.60000067949295,-5.66184189542032,19.005));
#11260=CARTESIAN_POINT('',(3.30000033974648,-5.66184189542032,19.005));
#11261=CARTESIAN_POINT('',(6.60000067949295,-5.66184189542032,-35.4245908809103));
#11262=CARTESIAN_POINT('Origin',(5.98881751096036,-7.46184196694589,-35.4245908809103));
#11263=CARTESIAN_POINT('',(5.98881751096036,-7.46184196694589,19.01));
#11264=CARTESIAN_POINT('',(6.81513931972745,-5.02823549434783,19.01));
#11265=CARTESIAN_POINT('',(5.98881751096036,-7.46184196694589,19.005));
#11266=CARTESIAN_POINT('',(6.81513931972745,-5.02823549434783,19.005));
#11267=CARTESIAN_POINT('',(5.98881751096036,-7.46184196694589,-35.4245908809103));
#11268=CARTESIAN_POINT('Origin',(7.11491155894881,-7.46184196694589,-35.4245908809103));
#11269=CARTESIAN_POINT('',(7.11491155894881,-7.46184196694589,19.01));
#11270=CARTESIAN_POINT('',(3.5574557794744,-7.46184196694589,19.01));
#11271=CARTESIAN_POINT('',(7.11491155894881,-7.46184196694589,19.005));
#11272=CARTESIAN_POINT('',(3.5574557794744,-7.46184196694589,19.005));
#11273=CARTESIAN_POINT('',(7.11491155894881,-7.46184196694589,-35.4245908809103));
#11274=CARTESIAN_POINT('Origin',(7.18784511127967,-7.24887599413979,-35.4245908809103));
#11275=CARTESIAN_POINT('',(7.18784511127967,-7.24887599413979,19.01));
#11276=CARTESIAN_POINT('',(7.92153636881706,-5.1064975221306,19.01));
#11277=CARTESIAN_POINT('',(7.18784511127967,-7.24887599413979,19.005));
#11278=CARTESIAN_POINT('',(7.92153636881706,-5.1064975221306,19.005));
#11279=CARTESIAN_POINT('',(7.18784511127967,-7.24887599413979,-35.4245908809103));
#11280=CARTESIAN_POINT('Origin',(6.30097311493643,-7.24887599413979,-35.4245908809103));
#11281=CARTESIAN_POINT('',(6.30097311493643,-7.24887599413979,19.01));
#11282=CARTESIAN_POINT('',(3.15048655746822,-7.24887599413979,19.01));
#11283=CARTESIAN_POINT('',(6.30097311493643,-7.24887599413979,19.005));
#11284=CARTESIAN_POINT('',(3.15048655746822,-7.24887599413979,19.005));
#11285=CARTESIAN_POINT('',(6.30097311493643,-7.24887599413979,-35.4245908809103));
#11286=CARTESIAN_POINT('Origin',(6.52706712716209,-6.58080465478913,-35.4245908809103));
#11287=CARTESIAN_POINT('',(7.19082490599987,-4.61950747602976,19.01));
#11288=CARTESIAN_POINT('',(7.19082490599987,-4.61950747602976,19.005));
#11289=CARTESIAN_POINT('Origin',(0.,0.,19.01));
#11290=CARTESIAN_POINT('Origin',(0.,0.,19.005));
#11291=CARTESIAN_POINT('',(13.25,1.62265700887024E-15,19.005));
#11292=CARTESIAN_POINT('Origin',(0.,0.,19.005));
#11293=CARTESIAN_POINT('',(3.45623952787931,-2.55635233010195,19.005));
#11294=CARTESIAN_POINT('',(3.17747129033799,-3.19492608353964,19.005));
#11295=CARTESIAN_POINT('Ctrl Pts',(3.45623952787931,-2.55635233010195,19.005));
#11296=CARTESIAN_POINT('Ctrl Pts',(3.45623952787931,-2.71194390454362,19.005));
#11297=CARTESIAN_POINT('Ctrl Pts',(3.43300884141754,-2.84160354991168,19.005));
#11298=CARTESIAN_POINT('Ctrl Pts',(3.38654746849398,-2.94533126620613,19.005));
#11299=CARTESIAN_POINT('Ctrl Pts',(3.34008609557043,-3.04905898250058,19.005));
#11300=CARTESIAN_POINT('Ctrl Pts',(3.2703940361851,-3.13225725494508,19.005));
#11301=CARTESIAN_POINT('Ctrl Pts',(3.17747129033799,-3.19492608353964,19.005));
#11302=CARTESIAN_POINT('',(2.62479705195663,-3.32782722004191,19.005));
#11303=CARTESIAN_POINT('Ctrl Pts',(3.17747129033799,-3.19492608353964,19.005));
#11304=CARTESIAN_POINT('Ctrl Pts',(3.10507798834082,-3.24570944464213,19.005));
#11305=CARTESIAN_POINT('Ctrl Pts',(3.02431083424696,-3.2805554743348,19.005));
#11306=CARTESIAN_POINT('Ctrl Pts',(2.93516982805642,-3.29946417261764,19.005));
#11307=CARTESIAN_POINT('Ctrl Pts',(2.84602882186588,-3.31837287090048,19.005));
#11308=CARTESIAN_POINT('Ctrl Pts',(2.74257122983262,-3.32782722004191,19.005));
#11309=CARTESIAN_POINT('Ctrl Pts',(2.62479705195663,-3.32782722004191,19.005));
#11310=CARTESIAN_POINT('',(2.42220385606904,-3.32782722004191,19.005));
#11311=CARTESIAN_POINT('',(1.31239852597832,-3.32782722004191,19.005));
#11312=CARTESIAN_POINT('',(2.42220385606904,-1.78811893129619,19.005));
#11313=CARTESIAN_POINT('',(2.42220385606904,-1.66391361002095,19.005));
#11314=CARTESIAN_POINT('',(2.62479705195663,-1.78811893129619,19.005));
#11315=CARTESIAN_POINT('',(1.21110192803452,-1.78811893129619,19.005));
#11316=CARTESIAN_POINT('',(3.15316010683147,-1.90805410326165,19.005));
#11317=CARTESIAN_POINT('Ctrl Pts',(2.62479705195663,-1.78811893129619,19.005));
#11318=CARTESIAN_POINT('Ctrl Pts',(2.74473222392209,-1.78811893129619,19.005));
#11319=CARTESIAN_POINT('Ctrl Pts',(2.84494832482115,-1.79757328043762,19.005));
#11320=CARTESIAN_POINT('Ctrl Pts',(2.92544535465382,-1.81648197872046,19.005));
#11321=CARTESIAN_POINT('Ctrl Pts',(3.00594238448649,-1.8353906770033,19.005));
#11322=CARTESIAN_POINT('Ctrl Pts',(3.08184730187904,-1.86591471851703,19.005));
#11323=CARTESIAN_POINT('Ctrl Pts',(3.15316010683147,-1.90805410326165,19.005));
#11324=CARTESIAN_POINT('Ctrl Pts',(3.15316010683147,-1.90805410326165,19.005));
#11325=CARTESIAN_POINT('Ctrl Pts',(3.20724201481505,-1.94120107912255,19.005));
#11326=CARTESIAN_POINT('Ctrl Pts',(3.25505442631207,-1.98172473061313,19.005));
#11327=CARTESIAN_POINT('Ctrl Pts',(3.33730050957289,-2.0797233068349,19.005));
#11328=CARTESIAN_POINT('Ctrl Pts',(3.36952981636111,-2.13518229133155,19.005));
#11329=CARTESIAN_POINT('Ctrl Pts',(3.44006617148021,-2.30831333593546,19.005));
#11330=CARTESIAN_POINT('Ctrl Pts',(3.45623952787931,-2.43390021716652,19.005));
#11331=CARTESIAN_POINT('Ctrl Pts',(3.45623952787931,-2.55635233010195,19.005));
#11332=CARTESIAN_POINT('',(5.26499159368453,1.26819932942104,19.005));
#11333=CARTESIAN_POINT('',(5.06563988893114,0.867875174347158,19.005));
#11334=CARTESIAN_POINT('Ctrl Pts',(5.26499159368453,1.26819932942104,19.005));
#11335=CARTESIAN_POINT('Ctrl Pts',(5.26499159368453,1.18716205106601,19.005));
#11336=CARTESIAN_POINT('Ctrl Pts',(5.25121525636417,1.11503887333002,19.005));
#11337=CARTESIAN_POINT('Ctrl Pts',(5.22366258172346,1.05182979621309,19.005));
#11338=CARTESIAN_POINT('Ctrl Pts',(5.19610990708275,0.988620719096164,19.005));
#11339=CARTESIAN_POINT('Ctrl Pts',(5.14343567615197,0.927302511807519,19.005));
#11340=CARTESIAN_POINT('Ctrl Pts',(5.06563988893114,0.867875174347158,19.005));
#11341=CARTESIAN_POINT('',(4.7836301602556,0.992672583013915,19.005));
#11342=CARTESIAN_POINT('Ctrl Pts',(5.06563988893114,0.867875174347158,19.005));
#11343=CARTESIAN_POINT('Ctrl Pts',(5.01917851600758,0.883002132973432,19.005));
#11344=CARTESIAN_POINT('Ctrl Pts',(4.96731465786036,0.903801701084558,19.005));
#11345=CARTESIAN_POINT('Ctrl Pts',(4.91004831448946,0.930273878680537,19.005));
#11346=CARTESIAN_POINT('Ctrl Pts',(4.85278197111857,0.956746056276516,19.005));
#11347=CARTESIAN_POINT('Ctrl Pts',(4.81064258637395,0.977545624387642,19.005));
#11348=CARTESIAN_POINT('Ctrl Pts',(4.7836301602556,0.992672583013915,19.005));
#11349=CARTESIAN_POINT('',(4.59238218333772,1.28440678509205,19.005));
#11350=CARTESIAN_POINT('Ctrl Pts',(4.7836301602556,0.992672583013915,19.005));
#11351=CARTESIAN_POINT('Ctrl Pts',(4.71988083461631,1.02940948253487,19.005));
#11352=CARTESIAN_POINT('Ctrl Pts',(4.67206884038684,1.07073849449593,19.005));
#11353=CARTESIAN_POINT('Ctrl Pts',(4.64019417756719,1.11665961889712,19.005));
#11354=CARTESIAN_POINT('Ctrl Pts',(4.60831951474754,1.16258074329831,19.005));
#11355=CARTESIAN_POINT('Ctrl Pts',(4.59238218333772,1.21849646536329,19.005));
#11356=CARTESIAN_POINT('Ctrl Pts',(4.59238218333772,1.28440678509205,19.005));
#11357=CARTESIAN_POINT('',(4.92463502459337,1.58262396943859,19.005));
#11358=CARTESIAN_POINT('Ctrl Pts',(4.59238218333772,1.28440678509205,19.005));
#11359=CARTESIAN_POINT('Ctrl Pts',(4.59238218333772,1.37624903389443,19.005));
#11360=CARTESIAN_POINT('Ctrl Pts',(4.62344647337382,1.44891246015278,19.005));
#11361=CARTESIAN_POINT('Ctrl Pts',(4.68557505344601,1.5023970638671,19.005));
#11362=CARTESIAN_POINT('Ctrl Pts',(4.74770363351821,1.55588166758142,19.005));
#11363=CARTESIAN_POINT('Ctrl Pts',(4.82739029056733,1.58262396943859,19.005));
#11364=CARTESIAN_POINT('Ctrl Pts',(4.92463502459337,1.58262396943859,19.005));
#11365=CARTESIAN_POINT('Ctrl Pts',(4.92463502459337,1.58262396943859,19.005));
#11366=CARTESIAN_POINT('Ctrl Pts',(4.97882620924204,1.58262396943859,19.005));
#11367=CARTESIAN_POINT('Ctrl Pts',(5.03362998208673,1.57492865615737,19.005));
#11368=CARTESIAN_POINT('Ctrl Pts',(5.13149196138475,1.53363320853092,19.005));
#11369=CARTESIAN_POINT('Ctrl Pts',(5.16117384870744,1.5069440834956,19.005));
#11370=CARTESIAN_POINT('Ctrl Pts',(5.20514482664748,1.46181781903687,19.005));
#11371=CARTESIAN_POINT('Ctrl Pts',(5.22653080019055,1.43027435158118,19.005));
#11372=CARTESIAN_POINT('Ctrl Pts',(5.25793695960277,1.35427724670417,19.005));
#11373=CARTESIAN_POINT('Ctrl Pts',(5.26499159368453,1.31169996840874,19.005));
#11374=CARTESIAN_POINT('Ctrl Pts',(5.26499159368453,1.26819932942104,19.005));
#11375=CARTESIAN_POINT('',(5.30226874172785,0.266578568952781,19.005));
#11376=CARTESIAN_POINT('',(4.92949726129467,-0.111055148181694,19.005));
#11377=CARTESIAN_POINT('Ctrl Pts',(5.30226874172785,0.266578568952781,19.005));
#11378=CARTESIAN_POINT('Ctrl Pts',(5.30226874172785,0.149884888121527,19.005));
#11379=CARTESIAN_POINT('Ctrl Pts',(5.26823308481873,0.0577725150579676,
19.005));
#11380=CARTESIAN_POINT('Ctrl Pts',(5.2001617710005,-0.0097585502378969,
19.005));
#11381=CARTESIAN_POINT('Ctrl Pts',(5.13209045718227,-0.0772896155337614,
19.005));
#11382=CARTESIAN_POINT('Ctrl Pts',(5.04186895394699,-0.111055148181694,
19.005));
#11383=CARTESIAN_POINT('Ctrl Pts',(4.92949726129467,-0.111055148181694,
19.005));
#11384=CARTESIAN_POINT('',(4.5453805618918,0.307097208130299,19.005));
#11385=CARTESIAN_POINT('Ctrl Pts',(4.92949726129467,-0.111055148181694,
19.005));
#11386=CARTESIAN_POINT('Ctrl Pts',(4.81928656273182,-0.111055148181694,
19.005));
#11387=CARTESIAN_POINT('Ctrl Pts',(4.72771443819063,-0.0716170060489087,
19.005));
#11388=CARTESIAN_POINT('Ctrl Pts',(4.6547808876711,0.00725927821666094,
19.005));
#11389=CARTESIAN_POINT('Ctrl Pts',(4.58184733715156,0.0861355624822306,
19.005));
#11390=CARTESIAN_POINT('Ctrl Pts',(4.5453805618918,0.18608153912011,19.005));
#11391=CARTESIAN_POINT('Ctrl Pts',(4.5453805618918,0.307097208130299,19.005));
#11392=CARTESIAN_POINT('',(4.773905686853,0.734974037844897,19.005));
#11393=CARTESIAN_POINT('Ctrl Pts',(4.5453805618918,0.307097208130299,19.005));
#11394=CARTESIAN_POINT('Ctrl Pts',(4.5453805618918,0.398939456932675,19.005));
#11395=CARTESIAN_POINT('Ctrl Pts',(4.56509963295819,0.481057232332446,19.005));
#11396=CARTESIAN_POINT('Ctrl Pts',(4.60453777509097,0.553450534329613,19.005));
#11397=CARTESIAN_POINT('Ctrl Pts',(4.64397591722376,0.62584383632678,19.005));
#11398=CARTESIAN_POINT('Ctrl Pts',(4.7004318878111,0.686351670831874,19.005));
#11399=CARTESIAN_POINT('Ctrl Pts',(4.773905686853,0.734974037844897,19.005));
#11400=CARTESIAN_POINT('',(5.06726063449824,0.610176629178139,19.005));
#11401=CARTESIAN_POINT('Ctrl Pts',(4.773905686853,0.734974037844897,19.005));
#11402=CARTESIAN_POINT('Ctrl Pts',(4.8376550124923,0.709042108771285,19.005));
#11403=CARTESIAN_POINT('Ctrl Pts',(4.89492135586319,0.686081546570691,19.005));
#11404=CARTESIAN_POINT('Ctrl Pts',(4.94570471696568,0.666092351243115,19.005));
#11405=CARTESIAN_POINT('Ctrl Pts',(4.99648807806817,0.646103155915539,19.005));
#11406=CARTESIAN_POINT('Ctrl Pts',(5.03700671724569,0.62746458189388,19.005));
#11407=CARTESIAN_POINT('Ctrl Pts',(5.06726063449824,0.610176629178139,19.005));
#11408=CARTESIAN_POINT('Ctrl Pts',(5.06726063449824,0.610176629178139,19.005));
#11409=CARTESIAN_POINT('Ctrl Pts',(5.15910288330061,0.560473765120383,19.005));
#11410=CARTESIAN_POINT('Ctrl Pts',(5.22123146337281,0.511311149584993,19.005));
#11411=CARTESIAN_POINT('Ctrl Pts',(5.25364637471482,0.462688782571971,19.005));
#11412=CARTESIAN_POINT('Ctrl Pts',(5.28606128605684,0.414066415558949,19.005));
#11413=CARTESIAN_POINT('Ctrl Pts',(5.30226874172785,0.348696344352552,19.005));
#11414=CARTESIAN_POINT('Ctrl Pts',(5.30226874172785,0.266578568952781,19.005));
#11415=CARTESIAN_POINT('',(3.61183111524177,0.637729303818852,19.005));
#11416=CARTESIAN_POINT('',(2.93922170489495,0.637729303818852,19.005));
#11417=CARTESIAN_POINT('',(1.80591555762088,0.637729303818852,19.005));
#11418=CARTESIAN_POINT('',(3.61183111524177,1.41892866716141,19.005));
#11419=CARTESIAN_POINT('',(2.15591430484154,-0.272039772869694,19.005));
#11420=CARTESIAN_POINT('',(3.61183111524177,0.709464333580706,19.005));
#11421=CARTESIAN_POINT('',(-1.48703443885719,1.24712963704873,19.005));
#11422=CARTESIAN_POINT('',(-1.59886588298714,0.989431091879714,19.005));
#11423=CARTESIAN_POINT('Ctrl Pts',(-1.48703443885719,1.24712963704873,19.005));
#11424=CARTESIAN_POINT('Ctrl Pts',(-1.48703443885719,1.18446080845417,19.005));
#11425=CARTESIAN_POINT('Ctrl Pts',(-1.49540829095387,1.13232682604576,19.005));
#11426=CARTESIAN_POINT('Ctrl Pts',(-1.51215599514725,1.09072768982351,19.005));
#11427=CARTESIAN_POINT('Ctrl Pts',(-1.52890369934062,1.04912855360126,19.005));
#11428=CARTESIAN_POINT('Ctrl Pts',(-1.55780699528725,1.01536302095333,19.005));
#11429=CARTESIAN_POINT('Ctrl Pts',(-1.59886588298714,0.989431091879714,
19.005));
#11430=CARTESIAN_POINT('',(-1.90518679516918,0.922980523628583,19.005));
#11431=CARTESIAN_POINT('Ctrl Pts',(-1.59886588298714,0.989431091879714,
19.005));
#11432=CARTESIAN_POINT('Ctrl Pts',(-1.64100526773176,0.962418665761368,
19.005));
#11433=CARTESIAN_POINT('Ctrl Pts',(-1.68179403117046,0.94459046452326,19.005));
#11434=CARTESIAN_POINT('Ctrl Pts',(-1.72123217330324,0.935946488165389,
19.005));
#11435=CARTESIAN_POINT('Ctrl Pts',(-1.76067031543603,0.927302511807519,
19.005));
#11436=CARTESIAN_POINT('Ctrl Pts',(-1.82198852272467,0.922980523628583,
19.005));
#11437=CARTESIAN_POINT('Ctrl Pts',(-1.90518679516918,0.922980523628583,
19.005));
#11438=CARTESIAN_POINT('',(-2.20664547064992,0.922980523628583,19.005));
#11439=CARTESIAN_POINT('',(-0.95259339758459,0.922980523628583,19.005));
#11440=CARTESIAN_POINT('',(-2.20664547064992,1.50806967335195,19.005));
#11441=CARTESIAN_POINT('',(-2.20664547064992,0.461490261814292,19.005));
#11442=CARTESIAN_POINT('',(-1.9521884166151,1.50806967335195,19.005));
#11443=CARTESIAN_POINT('',(-1.10332273532496,1.50806967335195,19.005));
#11444=CARTESIAN_POINT('',(-1.58914140958453,1.45620581520473,19.005));
#11445=CARTESIAN_POINT('Ctrl Pts',(-1.9521884166151,1.50806967335195,19.005));
#11446=CARTESIAN_POINT('Ctrl Pts',(-1.85818517372326,1.50806967335195,19.005));
#11447=CARTESIAN_POINT('Ctrl Pts',(-1.78498149894254,1.50536843074012,19.005));
#11448=CARTESIAN_POINT('Ctrl Pts',(-1.73257739227295,1.49996594551645,19.005));
#11449=CARTESIAN_POINT('Ctrl Pts',(-1.68017328560336,1.49456346029278,19.005));
#11450=CARTESIAN_POINT('Ctrl Pts',(-1.63236129137389,1.47997675018887,19.005));
#11451=CARTESIAN_POINT('Ctrl Pts',(-1.58914140958453,1.45620581520473,19.005));
#11452=CARTESIAN_POINT('Ctrl Pts',(-1.58914140958453,1.45620581520473,19.005));
#11453=CARTESIAN_POINT('Ctrl Pts',(-1.55348500710832,1.43567637135479,19.005));
#11454=CARTESIAN_POINT('Ctrl Pts',(-1.52755307803471,1.40758344819171,19.005));
#11455=CARTESIAN_POINT('Ctrl Pts',(-1.5113456223637,1.37192704571549,19.005));
#11456=CARTESIAN_POINT('Ctrl Pts',(-1.49513816669269,1.33627064323927,19.005));
#11457=CARTESIAN_POINT('Ctrl Pts',(-1.48703443885719,1.29467150701702,19.005));
#11458=CARTESIAN_POINT('Ctrl Pts',(-1.48703443885719,1.24712963704873,19.005));
#11459=CARTESIAN_POINT('',(-1.39303119596534,0.337891373905213,19.005));
#11460=CARTESIAN_POINT('',(-1.53727755143731,0.0461571718270789,19.005));
#11461=CARTESIAN_POINT('Ctrl Pts',(-1.39303119596534,0.337891373905213,
19.005));
#11462=CARTESIAN_POINT('Ctrl Pts',(-1.39303119596534,0.267659065997514,
19.005));
#11463=CARTESIAN_POINT('Ctrl Pts',(-1.40464653919623,0.210392722626621,
19.005));
#11464=CARTESIAN_POINT('Ctrl Pts',(-1.42787722565801,0.166092343792534,
19.005));
#11465=CARTESIAN_POINT('Ctrl Pts',(-1.45110791211979,0.121791964958447,
19.005));
#11466=CARTESIAN_POINT('Ctrl Pts',(-1.48757468737955,0.0818135743032953,
19.005));
#11467=CARTESIAN_POINT('Ctrl Pts',(-1.53727755143731,0.0461571718270789,
19.005));
#11468=CARTESIAN_POINT('',(-1.99108631022552,-0.03812159766216,19.005));
#11469=CARTESIAN_POINT('Ctrl Pts',(-1.53727755143731,0.0461571718270789,
19.005));
#11470=CARTESIAN_POINT('Ctrl Pts',(-1.58914140958453,0.0115812663955963,
19.005));
#11471=CARTESIAN_POINT('Ctrl Pts',(-1.64856874704489,-0.0111091715438142,
19.005));
#11472=CARTESIAN_POINT('Ctrl Pts',(-1.71555956381839,-0.0219141419911525,
19.005));
#11473=CARTESIAN_POINT('Ctrl Pts',(-1.78255038059189,-0.0327191124384908,
19.005));
#11474=CARTESIAN_POINT('Ctrl Pts',(-1.87439262939427,-0.03812159766216,
19.005));
#11475=CARTESIAN_POINT('Ctrl Pts',(-1.99108631022552,-0.03812159766216,
19.005));
#11476=CARTESIAN_POINT('',(-2.20664547064992,-0.03812159766216,19.005));
#11477=CARTESIAN_POINT('',(-0.99554315511276,-0.03812159766216,19.005));
#11478=CARTESIAN_POINT('',(-2.20664547064992,0.700938380935781,19.005));
#11479=CARTESIAN_POINT('',(-2.20664547064992,-0.01906079883108,19.005));
#11480=CARTESIAN_POINT('',(-1.90518679516918,0.700938380935781,19.005));
#11481=CARTESIAN_POINT('',(-1.10332273532496,0.700938380935781,19.005));
#11482=CARTESIAN_POINT('',(-1.55510575267542,0.649074522788557,19.005));
#11483=CARTESIAN_POINT('Ctrl Pts',(-1.90518679516918,0.700938380935781,
19.005));
#11484=CARTESIAN_POINT('Ctrl Pts',(-1.8133445463668,0.700938380935781,19.005));
#11485=CARTESIAN_POINT('Ctrl Pts',(-1.74257198993674,0.697696889801579,
19.005));
#11486=CARTESIAN_POINT('Ctrl Pts',(-1.69286912587898,0.691213907533176,
19.005));
#11487=CARTESIAN_POINT('Ctrl Pts',(-1.64316626182123,0.684730925264773,
19.005));
#11488=CARTESIAN_POINT('Ctrl Pts',(-1.59724513742004,0.670684463683234,
19.005));
#11489=CARTESIAN_POINT('Ctrl Pts',(-1.55510575267542,0.649074522788557,
19.005));
#11490=CARTESIAN_POINT('Ctrl Pts',(-1.55510575267542,0.649074522788557,
19.005));
#11491=CARTESIAN_POINT('Ctrl Pts',(-1.49027592999139,0.614498617357074,
19.005));
#11492=CARTESIAN_POINT('Ctrl Pts',(-1.44705604820204,0.572899481134822,
19.005));
#11493=CARTESIAN_POINT('Ctrl Pts',(-1.42544610730736,0.524277114121799,
19.005));
#11494=CARTESIAN_POINT('Ctrl Pts',(-1.40383616641268,0.475654747108777,
19.005));
#11495=CARTESIAN_POINT('Ctrl Pts',(-1.39303119596534,0.413526167036582,
19.005));
#11496=CARTESIAN_POINT('Ctrl Pts',(-1.39303119596534,0.337891373905213,
19.005));
#11497=CARTESIAN_POINT('',(-3.08671031358563,1.26819932942104,19.005));
#11498=CARTESIAN_POINT('',(-3.28606201833902,0.867875174347158,19.005));
#11499=CARTESIAN_POINT('Ctrl Pts',(-3.08671031358563,1.26819932942104,19.005));
#11500=CARTESIAN_POINT('Ctrl Pts',(-3.08671031358563,1.18716205106601,19.005));
#11501=CARTESIAN_POINT('Ctrl Pts',(-3.10048665090598,1.11503887333002,19.005));
#11502=CARTESIAN_POINT('Ctrl Pts',(-3.12803932554669,1.05182979621309,19.005));
#11503=CARTESIAN_POINT('Ctrl Pts',(-3.15559200018741,0.988620719096164,
19.005));
#11504=CARTESIAN_POINT('Ctrl Pts',(-3.20826623111818,0.927302511807519,
19.005));
#11505=CARTESIAN_POINT('Ctrl Pts',(-3.28606201833902,0.867875174347158,
19.005));
#11506=CARTESIAN_POINT('',(-3.56807174701455,0.992672583013915,19.005));
#11507=CARTESIAN_POINT('Ctrl Pts',(-3.28606201833902,0.867875174347158,
19.005));
#11508=CARTESIAN_POINT('Ctrl Pts',(-3.33252339126257,0.883002132973432,
19.005));
#11509=CARTESIAN_POINT('Ctrl Pts',(-3.3843872494098,0.903801701084558,19.005));
#11510=CARTESIAN_POINT('Ctrl Pts',(-3.44165359278069,0.930273878680537,
19.005));
#11511=CARTESIAN_POINT('Ctrl Pts',(-3.49891993615158,0.956746056276516,
19.005));
#11512=CARTESIAN_POINT('Ctrl Pts',(-3.5410593208962,0.977545624387642,19.005));
#11513=CARTESIAN_POINT('Ctrl Pts',(-3.56807174701455,0.992672583013915,
19.005));
#11514=CARTESIAN_POINT('',(-3.75931972393244,1.28440678509205,19.005));
#11515=CARTESIAN_POINT('Ctrl Pts',(-3.56807174701455,0.992672583013915,
19.005));
#11516=CARTESIAN_POINT('Ctrl Pts',(-3.63182107265384,1.02940948253487,19.005));
#11517=CARTESIAN_POINT('Ctrl Pts',(-3.67963306688331,1.07073849449593,19.005));
#11518=CARTESIAN_POINT('Ctrl Pts',(-3.71150772970296,1.11665961889712,19.005));
#11519=CARTESIAN_POINT('Ctrl Pts',(-3.74338239252261,1.16258074329831,19.005));
#11520=CARTESIAN_POINT('Ctrl Pts',(-3.75931972393244,1.21849646536329,19.005));
#11521=CARTESIAN_POINT('Ctrl Pts',(-3.75931972393244,1.28440678509205,19.005));
#11522=CARTESIAN_POINT('',(-3.42706688267678,1.58262396943859,19.005));
#11523=CARTESIAN_POINT('Ctrl Pts',(-3.75931972393244,1.28440678509205,19.005));
#11524=CARTESIAN_POINT('Ctrl Pts',(-3.75931972393244,1.37624903389443,19.005));
#11525=CARTESIAN_POINT('Ctrl Pts',(-3.72825543389634,1.44891246015278,19.005));
#11526=CARTESIAN_POINT('Ctrl Pts',(-3.66612685382414,1.5023970638671,19.005));
#11527=CARTESIAN_POINT('Ctrl Pts',(-3.60399827375195,1.55588166758142,19.005));
#11528=CARTESIAN_POINT('Ctrl Pts',(-3.52431161670283,1.58262396943859,19.005));
#11529=CARTESIAN_POINT('Ctrl Pts',(-3.42706688267678,1.58262396943859,19.005));
#11530=CARTESIAN_POINT('Ctrl Pts',(-3.42706688267678,1.58262396943859,19.005));
#11531=CARTESIAN_POINT('Ctrl Pts',(-3.32009767524813,1.58262396943859,19.005));
#11532=CARTESIAN_POINT('Ctrl Pts',(-3.23662927854244,1.55264017644722,19.005));
#11533=CARTESIAN_POINT('Ctrl Pts',(-3.17666169255972,1.4926725904645,19.005));
#11534=CARTESIAN_POINT('Ctrl Pts',(-3.11669410657699,1.43270500448177,19.005));
#11535=CARTESIAN_POINT('Ctrl Pts',(-3.08671031358563,1.35788058413395,19.005));
#11536=CARTESIAN_POINT('Ctrl Pts',(-3.08671031358563,1.26819932942104,19.005));
#11537=CARTESIAN_POINT('',(-3.04943316554231,0.266578568952781,19.005));
#11538=CARTESIAN_POINT('',(-3.42220464597548,-0.111055148181694,19.005));
#11539=CARTESIAN_POINT('Ctrl Pts',(-3.04943316554231,0.266578568952781,
19.005));
#11540=CARTESIAN_POINT('Ctrl Pts',(-3.04943316554231,0.149884888121527,
19.005));
#11541=CARTESIAN_POINT('Ctrl Pts',(-3.08346882245142,0.0577725150579676,
19.005));
#11542=CARTESIAN_POINT('Ctrl Pts',(-3.15154013626965,-0.0097585502378969,
19.005));
#11543=CARTESIAN_POINT('Ctrl Pts',(-3.21961145008789,-0.0772896155337614,
19.005));
#11544=CARTESIAN_POINT('Ctrl Pts',(-3.30983295332316,-0.111055148181694,
19.005));
#11545=CARTESIAN_POINT('Ctrl Pts',(-3.42220464597548,-0.111055148181694,
19.005));
#11546=CARTESIAN_POINT('',(-3.80632134537836,0.307097208130299,19.005));
#11547=CARTESIAN_POINT('Ctrl Pts',(-3.42220464597548,-0.111055148181694,
19.005));
#11548=CARTESIAN_POINT('Ctrl Pts',(-3.53241534453833,-0.111055148181694,
19.005));
#11549=CARTESIAN_POINT('Ctrl Pts',(-3.62398746907952,-0.0716170060489088,
19.005));
#11550=CARTESIAN_POINT('Ctrl Pts',(-3.69692101959906,0.00725927821666094,
19.005));
#11551=CARTESIAN_POINT('Ctrl Pts',(-3.76985457011859,0.0861355624822306,
19.005));
#11552=CARTESIAN_POINT('Ctrl Pts',(-3.80632134537836,0.18608153912011,19.005));
#11553=CARTESIAN_POINT('Ctrl Pts',(-3.80632134537836,0.307097208130299,
19.005));
#11554=CARTESIAN_POINT('',(-3.57779622041715,0.734974037844897,19.005));
#11555=CARTESIAN_POINT('Ctrl Pts',(-3.80632134537836,0.307097208130299,
19.005));
#11556=CARTESIAN_POINT('Ctrl Pts',(-3.80632134537836,0.398939456932675,
19.005));
#11557=CARTESIAN_POINT('Ctrl Pts',(-3.78660227431196,0.481057232332446,
19.005));
#11558=CARTESIAN_POINT('Ctrl Pts',(-3.74716413217918,0.553450534329613,
19.005));
#11559=CARTESIAN_POINT('Ctrl Pts',(-3.7077259900464,0.62584383632678,19.005));
#11560=CARTESIAN_POINT('Ctrl Pts',(-3.65127001945905,0.686351670831874,
19.005));
#11561=CARTESIAN_POINT('Ctrl Pts',(-3.57779622041715,0.734974037844897,
19.005));
#11562=CARTESIAN_POINT('',(-3.28444127277192,0.610176629178139,19.005));
#11563=CARTESIAN_POINT('Ctrl Pts',(-3.57779622041715,0.734974037844897,
19.005));
#11564=CARTESIAN_POINT('Ctrl Pts',(-3.51404689477786,0.709042108771285,
19.005));
#11565=CARTESIAN_POINT('Ctrl Pts',(-3.45678055140696,0.686081546570691,
19.005));
#11566=CARTESIAN_POINT('Ctrl Pts',(-3.40599719030447,0.666092351243115,
19.005));
#11567=CARTESIAN_POINT('Ctrl Pts',(-3.35521382920198,0.646103155915539,
19.005));
#11568=CARTESIAN_POINT('Ctrl Pts',(-3.31469519002446,0.62746458189388,19.005));
#11569=CARTESIAN_POINT('Ctrl Pts',(-3.28444127277192,0.610176629178139,
19.005));
#11570=CARTESIAN_POINT('Ctrl Pts',(-3.28444127277192,0.610176629178139,
19.005));
#11571=CARTESIAN_POINT('Ctrl Pts',(-3.19259902396954,0.560473765120383,
19.005));
#11572=CARTESIAN_POINT('Ctrl Pts',(-3.13047044389735,0.511311149584993,
19.005));
#11573=CARTESIAN_POINT('Ctrl Pts',(-3.09805553255533,0.462688782571971,
19.005));
#11574=CARTESIAN_POINT('Ctrl Pts',(-3.06564062121332,0.414066415558949,
19.005));
#11575=CARTESIAN_POINT('Ctrl Pts',(-3.04943316554231,0.348696344352552,
19.005));
#11576=CARTESIAN_POINT('Ctrl Pts',(-3.04943316554231,0.266578568952781,
19.005));
#11577=CARTESIAN_POINT('',(8.9497569854246,4.46390170890894,19.005));
#11578=CARTESIAN_POINT('',(8.83630479572755,4.1494770688914,19.005));
#11579=CARTESIAN_POINT('Ctrl Pts',(8.9497569854246,4.46390170890894,19.005));
#11580=CARTESIAN_POINT('Ctrl Pts',(8.9497569854246,4.39474989804598,19.005));
#11581=CARTESIAN_POINT('Ctrl Pts',(8.94057276054436,4.33424206354088,19.005));
#11582=CARTESIAN_POINT('Ctrl Pts',(8.92220431078389,4.28237820539366,19.005));
#11583=CARTESIAN_POINT('Ctrl Pts',(8.90383586102341,4.23051434724644,19.005));
#11584=CARTESIAN_POINT('Ctrl Pts',(8.87520268933797,4.18621396841235,19.005));
#11585=CARTESIAN_POINT('Ctrl Pts',(8.83630479572755,4.1494770688914,19.005));
#11586=CARTESIAN_POINT('',(8.47487853426408,4.04574935259695,19.005));
#11587=CARTESIAN_POINT('Ctrl Pts',(8.83630479572755,4.1494770688914,19.005));
#11588=CARTESIAN_POINT('Ctrl Pts',(8.79416541098293,4.10733768414678,19.005));
#11589=CARTESIAN_POINT('Ctrl Pts',(8.74257167709689,4.07951488524488,19.005));
#11590=CARTESIAN_POINT('Ctrl Pts',(8.68152359406943,4.06600867218571,19.005));
#11591=CARTESIAN_POINT('Ctrl Pts',(8.62047551104197,4.05250245912654,19.005));
#11592=CARTESIAN_POINT('Ctrl Pts',(8.55159382444018,4.04574935259695,19.005));
#11593=CARTESIAN_POINT('Ctrl Pts',(8.47487853426408,4.04574935259695,19.005));
#11594=CARTESIAN_POINT('',(8.24149117260157,4.04574935259695,19.005));
#11595=CARTESIAN_POINT('',(4.23743926713204,4.04574935259695,19.005));
#11596=CARTESIAN_POINT('',(8.24149117260157,4.7977752957317,19.005));
#11597=CARTESIAN_POINT('',(8.24149117260157,2.02287467629848,19.005));
#11598=CARTESIAN_POINT('',(8.505672700039,4.7977752957317,19.005));
#11599=CARTESIAN_POINT('',(4.12074558630079,4.7977752957317,19.005));
#11600=CARTESIAN_POINT('',(8.82333883119074,4.72970398191347,19.005));
#11601=CARTESIAN_POINT('Ctrl Pts',(8.505672700039,4.7977752957317,19.005));
#11602=CARTESIAN_POINT('Ctrl Pts',(8.55043464267148,4.7977752957317,19.005));
#11603=CARTESIAN_POINT('Ctrl Pts',(8.63310805788278,4.79587419611837,19.005));
#11604=CARTESIAN_POINT('Ctrl Pts',(8.74530844355526,4.77009987408576,19.005));
#11605=CARTESIAN_POINT('Ctrl Pts',(8.78635612586632,4.75400690255523,19.005));
#11606=CARTESIAN_POINT('Ctrl Pts',(8.82333883119074,4.72970398191347,19.005));
#11607=CARTESIAN_POINT('Ctrl Pts',(8.82333883119074,4.72970398191347,19.005));
#11608=CARTESIAN_POINT('Ctrl Pts',(8.84583429987199,4.71451954055362,19.005));
#11609=CARTESIAN_POINT('Ctrl Pts',(8.86606266145207,4.69666858021942,19.005));
#11610=CARTESIAN_POINT('Ctrl Pts',(8.90325456572636,4.65153036180706,19.005));
#11611=CARTESIAN_POINT('Ctrl Pts',(8.91540320753907,4.62788222869473,19.005));
#11612=CARTESIAN_POINT('Ctrl Pts',(8.94240376488866,4.56244514910429,19.005));
#11613=CARTESIAN_POINT('Ctrl Pts',(8.9497569854246,4.51328528597683,19.005));
#11614=CARTESIAN_POINT('Ctrl Pts',(8.9497569854246,4.46390170890894,19.005));
#11615=CARTESIAN_POINT('',(7.40680720554469,4.02792115135884,19.005));
#11616=CARTESIAN_POINT('',(6.80064836344901,3.21592762224137,19.005));
#11617=CARTESIAN_POINT('Ctrl Pts',(7.40680720554469,4.02792115135884,19.005));
#11618=CARTESIAN_POINT('Ctrl Pts',(7.40680720554469,3.76536036948852,19.005));
#11619=CARTESIAN_POINT('Ctrl Pts',(7.35197198052445,3.56438791916803,19.005));
#11620=CARTESIAN_POINT('Ctrl Pts',(7.24230153048396,3.42500380039736,19.005));
#11621=CARTESIAN_POINT('Ctrl Pts',(7.13263108044348,3.2856196816267,19.005));
#11622=CARTESIAN_POINT('Ctrl Pts',(6.98541335809849,3.21592762224137,19.005));
#11623=CARTESIAN_POINT('Ctrl Pts',(6.80064836344901,3.21592762224137,19.005));
#11624=CARTESIAN_POINT('',(6.19286877578623,4.02792115135884,19.005));
#11625=CARTESIAN_POINT('Ctrl Pts',(6.80064836344901,3.21592762224137,19.005));
#11626=CARTESIAN_POINT('Ctrl Pts',(6.75668494585043,3.21592762224137,19.005));
#11627=CARTESIAN_POINT('Ctrl Pts',(6.71283167118958,3.21987334714016,19.005));
#11628=CARTESIAN_POINT('Ctrl Pts',(6.62930446042693,3.23728018381439,19.005));
#11629=CARTESIAN_POINT('Ctrl Pts',(6.59019068942117,3.25002597487649,19.005));
#11630=CARTESIAN_POINT('Ctrl Pts',(6.48863070034057,3.29766595530763,19.005));
#11631=CARTESIAN_POINT('Ctrl Pts',(6.43331850795906,3.34004024194465,19.005));
#11632=CARTESIAN_POINT('Ctrl Pts',(6.32168399718215,3.46303590384556,19.005));
#11633=CARTESIAN_POINT('Ctrl Pts',(6.28118025046996,3.5412357517699,19.005));
#11634=CARTESIAN_POINT('Ctrl Pts',(6.20787880588737,3.7462508373573,19.005));
#11635=CARTESIAN_POINT('Ctrl Pts',(6.19286877578623,3.89088859524867,19.005));
#11636=CARTESIAN_POINT('Ctrl Pts',(6.19286877578623,4.02792115135884,19.005));
#11637=CARTESIAN_POINT('',(6.3565640780634,4.63245924788742,19.005));
#11638=CARTESIAN_POINT('Ctrl Pts',(6.19286877578623,4.02792115135884,19.005));
#11639=CARTESIAN_POINT('Ctrl Pts',(6.19286877578623,4.1575807967269,19.005));
#11640=CARTESIAN_POINT('Ctrl Pts',(6.20691523736777,4.27373422903579,19.005));
#11641=CARTESIAN_POINT('Ctrl Pts',(6.23500816053085,4.3763814482855,19.005));
#11642=CARTESIAN_POINT('Ctrl Pts',(6.26310108369393,4.47902866753522,19.005));
#11643=CARTESIAN_POINT('Ctrl Pts',(6.30361972287145,4.56438793406919,19.005));
#11644=CARTESIAN_POINT('Ctrl Pts',(6.35656407806341,4.63245924788742,19.005));
#11645=CARTESIAN_POINT('',(6.80064836344901,4.83991468047632,19.005));
#11646=CARTESIAN_POINT('Ctrl Pts',(6.35656407806341,4.63245924788742,19.005));
#11647=CARTESIAN_POINT('Ctrl Pts',(6.41166942734483,4.70377205283986,19.005));
#11648=CARTESIAN_POINT('Ctrl Pts',(6.47541875298413,4.75617615950945,19.005));
#11649=CARTESIAN_POINT('Ctrl Pts',(6.54781205498129,4.78967156789619,19.005));
#11650=CARTESIAN_POINT('Ctrl Pts',(6.62020535697846,4.82316697628294,19.005));
#11651=CARTESIAN_POINT('Ctrl Pts',(6.7044841264677,4.83991468047632,19.005));
#11652=CARTESIAN_POINT('Ctrl Pts',(6.80064836344901,4.83991468047632,19.005));
#11653=CARTESIAN_POINT('',(7.24311190326751,4.63245924788742,19.005));
#11654=CARTESIAN_POINT('Ctrl Pts',(6.80064836344901,4.83991468047632,19.005));
#11655=CARTESIAN_POINT('Ctrl Pts',(6.89357110929612,4.83991468047632,19.005));
#11656=CARTESIAN_POINT('Ctrl Pts',(6.97730963026299,4.82262672776058,19.005));
#11657=CARTESIAN_POINT('Ctrl Pts',(7.05186392634963,4.78805082232909,19.005));
#11658=CARTESIAN_POINT('Ctrl Pts',(7.12641822243626,4.75347491689761,19.005));
#11659=CARTESIAN_POINT('Ctrl Pts',(7.19016754807556,4.70161105875039,19.005));
#11660=CARTESIAN_POINT('Ctrl Pts',(7.24311190326751,4.63245924788742,19.005));
#11661=CARTESIAN_POINT('Ctrl Pts',(7.24311190326751,4.63245924788742,19.005));
#11662=CARTESIAN_POINT('Ctrl Pts',(7.29497576141474,4.56546843111392,19.005));
#11663=CARTESIAN_POINT('Ctrl Pts',(7.33522427633107,4.4809195373635,19.005));
#11664=CARTESIAN_POINT('Ctrl Pts',(7.36385744801652,4.37881256663616,19.005));
#11665=CARTESIAN_POINT('Ctrl Pts',(7.39249061970197,4.27670559590881,19.005));
#11666=CARTESIAN_POINT('Ctrl Pts',(7.40680720554469,4.15974179081637,19.005));
#11667=CARTESIAN_POINT('Ctrl Pts',(7.40680720554469,4.02792115135884,19.005));
#11668=CARTESIAN_POINT('',(3.85413292245985,4.02792115135884,19.005));
#11669=CARTESIAN_POINT('',(3.24797408036417,3.21592762224137,19.005));
#11670=CARTESIAN_POINT('Ctrl Pts',(3.85413292245985,4.02792115135884,19.005));
#11671=CARTESIAN_POINT('Ctrl Pts',(3.85413292245985,3.76536036948852,19.005));
#11672=CARTESIAN_POINT('Ctrl Pts',(3.79929769743961,3.56438791916803,19.005));
#11673=CARTESIAN_POINT('Ctrl Pts',(3.68962724739912,3.42500380039736,19.005));
#11674=CARTESIAN_POINT('Ctrl Pts',(3.57995679735864,3.2856196816267,19.005));
#11675=CARTESIAN_POINT('Ctrl Pts',(3.43273907501366,3.21592762224137,19.005));
#11676=CARTESIAN_POINT('Ctrl Pts',(3.24797408036417,3.21592762224137,19.005));
#11677=CARTESIAN_POINT('',(2.64019449270139,4.02792115135884,19.005));
#11678=CARTESIAN_POINT('Ctrl Pts',(3.24797408036417,3.21592762224137,19.005));
#11679=CARTESIAN_POINT('Ctrl Pts',(3.06320908571469,3.21592762224137,19.005));
#11680=CARTESIAN_POINT('Ctrl Pts',(2.91572123910852,3.2856196816267,19.005));
#11681=CARTESIAN_POINT('Ctrl Pts',(2.80551054054567,3.42500380039736,19.005));
#11682=CARTESIAN_POINT('Ctrl Pts',(2.69529984198282,3.56438791916803,19.005));
#11683=CARTESIAN_POINT('Ctrl Pts',(2.64019449270139,3.76536036948852,19.005));
#11684=CARTESIAN_POINT('Ctrl Pts',(2.64019449270139,4.02792115135884,19.005));
#11685=CARTESIAN_POINT('',(2.80388979497857,4.63245924788742,19.005));
#11686=CARTESIAN_POINT('Ctrl Pts',(2.64019449270139,4.02792115135884,19.005));
#11687=CARTESIAN_POINT('Ctrl Pts',(2.64019449270139,4.1575807967269,19.005));
#11688=CARTESIAN_POINT('Ctrl Pts',(2.65424095428293,4.27373422903579,19.005));
#11689=CARTESIAN_POINT('Ctrl Pts',(2.68233387744601,4.3763814482855,19.005));
#11690=CARTESIAN_POINT('Ctrl Pts',(2.71042680060909,4.47902866753522,19.005));
#11691=CARTESIAN_POINT('Ctrl Pts',(2.75094543978661,4.56438793406919,19.005));
#11692=CARTESIAN_POINT('Ctrl Pts',(2.80388979497857,4.63245924788742,19.005));
#11693=CARTESIAN_POINT('',(3.24797408036417,4.83991468047632,19.005));
#11694=CARTESIAN_POINT('Ctrl Pts',(2.80388979497857,4.63245924788742,19.005));
#11695=CARTESIAN_POINT('Ctrl Pts',(2.85899514425999,4.70377205283986,19.005));
#11696=CARTESIAN_POINT('Ctrl Pts',(2.92274446989929,4.75617615950945,19.005));
#11697=CARTESIAN_POINT('Ctrl Pts',(2.99513777189645,4.78967156789619,19.005));
#11698=CARTESIAN_POINT('Ctrl Pts',(3.06753107389362,4.82316697628294,19.005));
#11699=CARTESIAN_POINT('Ctrl Pts',(3.15180984338286,4.83991468047632,19.005));
#11700=CARTESIAN_POINT('Ctrl Pts',(3.24797408036417,4.83991468047632,19.005));
#11701=CARTESIAN_POINT('',(3.69043762018268,4.63245924788742,19.005));
#11702=CARTESIAN_POINT('Ctrl Pts',(3.24797408036417,4.83991468047632,19.005));
#11703=CARTESIAN_POINT('Ctrl Pts',(3.34089682621128,4.83991468047632,19.005));
#11704=CARTESIAN_POINT('Ctrl Pts',(3.42463534717815,4.82262672776058,19.005));
#11705=CARTESIAN_POINT('Ctrl Pts',(3.49918964326479,4.78805082232909,19.005));
#11706=CARTESIAN_POINT('Ctrl Pts',(3.57374393935142,4.75347491689761,19.005));
#11707=CARTESIAN_POINT('Ctrl Pts',(3.63749326499072,4.70161105875039,19.005));
#11708=CARTESIAN_POINT('Ctrl Pts',(3.69043762018268,4.63245924788742,19.005));
#11709=CARTESIAN_POINT('Ctrl Pts',(3.69043762018268,4.63245924788742,19.005));
#11710=CARTESIAN_POINT('Ctrl Pts',(3.7423014783299,4.56546843111392,19.005));
#11711=CARTESIAN_POINT('Ctrl Pts',(3.78254999324623,4.4809195373635,19.005));
#11712=CARTESIAN_POINT('Ctrl Pts',(3.81118316493168,4.37881256663616,19.005));
#11713=CARTESIAN_POINT('Ctrl Pts',(3.83981633661713,4.27670559590881,19.005));
#11714=CARTESIAN_POINT('Ctrl Pts',(3.85413292245985,4.15974179081637,19.005));
#11715=CARTESIAN_POINT('Ctrl Pts',(3.85413292245985,4.02792115135884,19.005));
#11716=CARTESIAN_POINT('',(-3.60940041403909,4.41690008746302,19.005));
#11717=CARTESIAN_POINT('',(-3.72285260373614,4.12030364868359,19.005));
#11718=CARTESIAN_POINT('Ctrl Pts',(-3.60940041403909,4.41690008746302,19.005));
#11719=CARTESIAN_POINT('Ctrl Pts',(-3.60940041403909,4.35315076182373,19.005));
#11720=CARTESIAN_POINT('Ctrl Pts',(-3.61831451465815,4.29777528828112,19.005));
#11721=CARTESIAN_POINT('Ctrl Pts',(-3.63614271589625,4.2507736668352,19.005));
#11722=CARTESIAN_POINT('Ctrl Pts',(-3.65397091713436,4.20377204538927,19.005));
#11723=CARTESIAN_POINT('Ctrl Pts',(-3.68287421308099,4.16028203933874,19.005));
#11724=CARTESIAN_POINT('Ctrl Pts',(-3.72285260373614,4.12030364868359,19.005));
#11725=CARTESIAN_POINT('',(-4.14910868788364,4.00036847671813,19.005));
#11726=CARTESIAN_POINT('Ctrl Pts',(-3.72285260373614,4.12030364868359,19.005));
#11727=CARTESIAN_POINT('Ctrl Pts',(-3.7660724855255,4.07492277280477,19.005));
#11728=CARTESIAN_POINT('Ctrl Pts',(-3.82090771054574,4.04358835850748,19.005));
#11729=CARTESIAN_POINT('Ctrl Pts',(-3.88735827879687,4.02630040579174,19.005));
#11730=CARTESIAN_POINT('Ctrl Pts',(-3.953808847048,4.009012453076,19.005));
#11731=CARTESIAN_POINT('Ctrl Pts',(-4.04105898341026,4.00036847671813,19.005));
#11732=CARTESIAN_POINT('Ctrl Pts',(-4.14910868788364,4.00036847671813,19.005));
#11733=CARTESIAN_POINT('',(-4.33063219139892,4.00036847671813,19.005));
#11734=CARTESIAN_POINT('',(-2.07455434394182,4.00036847671813,19.005));
#11735=CARTESIAN_POINT('',(-4.33063219139892,4.7977752957317,19.005));
#11736=CARTESIAN_POINT('',(-4.33063219139892,2.00018423835906,19.005));
#11737=CARTESIAN_POINT('',(-4.11021079427322,4.7977752957317,19.005));
#11738=CARTESIAN_POINT('',(-2.16531609569946,4.7977752957317,19.005));
#11739=CARTESIAN_POINT('',(-3.75364676951106,4.72160025407796,19.005));
#11740=CARTESIAN_POINT('Ctrl Pts',(-4.11021079427322,4.7977752957317,19.005));
#11741=CARTESIAN_POINT('Ctrl Pts',(-4.02701252182872,4.7977752957317,19.005));
#11742=CARTESIAN_POINT('Ctrl Pts',(-3.95732046244339,4.79210268624685,19.005));
#11743=CARTESIAN_POINT('Ctrl Pts',(-3.90113461611723,4.78075746727714,19.005));
#11744=CARTESIAN_POINT('Ctrl Pts',(-3.84494876979107,4.76941224830744,19.005));
#11745=CARTESIAN_POINT('Ctrl Pts',(-3.79578615425568,4.74969317724104,19.005));
#11746=CARTESIAN_POINT('Ctrl Pts',(-3.75364676951106,4.72160025407796,19.005));
#11747=CARTESIAN_POINT('Ctrl Pts',(-3.75364676951106,4.72160025407796,19.005));
#11748=CARTESIAN_POINT('Ctrl Pts',(-3.70502440249804,4.68918534273595,19.005));
#11749=CARTESIAN_POINT('Ctrl Pts',(-3.66882775149945,4.6475862065137,19.005));
#11750=CARTESIAN_POINT('Ctrl Pts',(-3.64505681651531,4.59680284541121,19.005));
#11751=CARTESIAN_POINT('Ctrl Pts',(-3.62128588153116,4.54601948430872,19.005));
#11752=CARTESIAN_POINT('Ctrl Pts',(-3.60940041403909,4.48605189832599,19.005));
#11753=CARTESIAN_POINT('Ctrl Pts',(-3.60940041403909,4.41690008746302,19.005));
#11754=CARTESIAN_POINT('',(-0.210778013330609,7.14368950947022,19.005));
#11755=CARTESIAN_POINT('',(-0.756320984765426,6.41289531511503,19.005));
#11756=CARTESIAN_POINT('Ctrl Pts',(-0.210778013330609,7.14368950947022,
19.005));
#11757=CARTESIAN_POINT('Ctrl Pts',(-0.210778013330609,6.90738479991824,
19.005));
#11758=CARTESIAN_POINT('Ctrl Pts',(-0.260129717074489,6.72650959013772,
19.005));
#11759=CARTESIAN_POINT('Ctrl Pts',(-0.358833124562251,6.60106388012864,
19.005));
#11760=CARTESIAN_POINT('Ctrl Pts',(-0.457536532050012,6.47561817011957,
19.005));
#11761=CARTESIAN_POINT('Ctrl Pts',(-0.59003248545107,6.41289531511503,19.005));
#11762=CARTESIAN_POINT('Ctrl Pts',(-0.756320984765426,6.41289531511503,
19.005));
#11763=CARTESIAN_POINT('',(-1.30332262724686,7.14368950947022,19.005));
#11764=CARTESIAN_POINT('Ctrl Pts',(-0.756320984765426,6.41289531511503,
19.005));
#11765=CARTESIAN_POINT('Ctrl Pts',(-0.922609484079782,6.41289531511503,
19.005));
#11766=CARTESIAN_POINT('Ctrl Pts',(-1.05534854932194,6.47561817011957,19.005));
#11767=CARTESIAN_POINT('Ctrl Pts',(-1.15453818049191,6.60106388012864,19.005));
#11768=CARTESIAN_POINT('Ctrl Pts',(-1.25372781166188,6.72650959013772,19.005));
#11769=CARTESIAN_POINT('Ctrl Pts',(-1.30332262724686,6.90738479991824,19.005));
#11770=CARTESIAN_POINT('Ctrl Pts',(-1.30332262724686,7.14368950947022,19.005));
#11771=CARTESIAN_POINT('',(-1.15599685153853,7.68777380985843,19.005));
#11772=CARTESIAN_POINT('Ctrl Pts',(-1.30332262724686,7.14368950947022,19.005));
#11773=CARTESIAN_POINT('Ctrl Pts',(-1.30332262724686,7.2603831931996,19.005));
#11774=CARTESIAN_POINT('Ctrl Pts',(-1.29068081150951,7.36492128487383,19.005));
#11775=CARTESIAN_POINT('Ctrl Pts',(-1.26539718003481,7.45730378449291,19.005));
#11776=CARTESIAN_POINT('Ctrl Pts',(-1.24011354856012,7.549686284112,19.005));
#11777=CARTESIAN_POINT('Ctrl Pts',(-1.20364677239469,7.6265096259005,19.005));
#11778=CARTESIAN_POINT('Ctrl Pts',(-1.15599685153853,7.68777380985842,19.005));
#11779=CARTESIAN_POINT('',(-0.756320984765426,7.87448370382542,19.005));
#11780=CARTESIAN_POINT('Ctrl Pts',(-1.15599685153853,7.68777380985842,19.005));
#11781=CARTESIAN_POINT('Ctrl Pts',(-1.10640203595354,7.75195533590958,19.005));
#11782=CARTESIAN_POINT('Ctrl Pts',(-1.04902764145327,7.79911903308354,19.005));
#11783=CARTESIAN_POINT('Ctrl Pts',(-0.983873668037703,7.82926490138029,
19.005));
#11784=CARTESIAN_POINT('Ctrl Pts',(-0.918719694622137,7.85941076967704,
19.005));
#11785=CARTESIAN_POINT('Ctrl Pts',(-0.842868800198044,7.87448370382542,
19.005));
#11786=CARTESIAN_POINT('Ctrl Pts',(-0.756320984765426,7.87448370382542,
19.005));
#11787=CARTESIAN_POINT('',(-0.358103789038942,7.68777380985842,19.005));
#11788=CARTESIAN_POINT('Ctrl Pts',(-0.756320984765426,7.87448370382542,
19.005));
#11789=CARTESIAN_POINT('Ctrl Pts',(-0.672690511426042,7.87448370382542,
19.005));
#11790=CARTESIAN_POINT('Ctrl Pts',(-0.597325840684156,7.85892454599484,
19.005));
#11791=CARTESIAN_POINT('Ctrl Pts',(-0.530226972539767,7.82780623033367,
19.005));
#11792=CARTESIAN_POINT('Ctrl Pts',(-0.463128104395377,7.79668791467251,
19.005));
#11793=CARTESIAN_POINT('Ctrl Pts',(-0.405753709895102,7.75001044118076,
19.005));
#11794=CARTESIAN_POINT('Ctrl Pts',(-0.358103789038942,7.68777380985842,
19.005));
#11795=CARTESIAN_POINT('Ctrl Pts',(-0.358103789038942,7.68777380985842,
19.005));
#11796=CARTESIAN_POINT('Ctrl Pts',(-0.311426315547193,7.62748207326492,
19.005));
#11797=CARTESIAN_POINT('Ctrl Pts',(-0.275202651222867,7.55138806699972,
19.005));
#11798=CARTESIAN_POINT('Ctrl Pts',(-0.249432796065964,7.45949179106284,
19.005));
#11799=CARTESIAN_POINT('Ctrl Pts',(-0.22366294090906,7.36759551512596,19.005));
#11800=CARTESIAN_POINT('Ctrl Pts',(-0.210778013330609,7.26232808792842,
19.005));
#11801=CARTESIAN_POINT('Ctrl Pts',(-0.210778013330609,7.14368950947022,
19.005));
#11802=CARTESIAN_POINT('',(-2.10996771602615,7.53607202101024,19.005));
#11803=CARTESIAN_POINT('',(-2.21207468928935,7.25308983796651,19.005));
#11804=CARTESIAN_POINT('Ctrl Pts',(-2.10996771602615,7.53607202101024,19.005));
#11805=CARTESIAN_POINT('Ctrl Pts',(-2.10996771602615,7.47383538968791,19.005));
#11806=CARTESIAN_POINT('Ctrl Pts',(-2.11823351862365,7.41937833728087,19.005));
#11807=CARTESIAN_POINT('Ctrl Pts',(-2.13476512381864,7.37270086378912,19.005));
#11808=CARTESIAN_POINT('Ctrl Pts',(-2.15129672901364,7.32602339029737,19.005));
#11809=CARTESIAN_POINT('Ctrl Pts',(-2.17706658417054,7.2861530483565,19.005));
#11810=CARTESIAN_POINT('Ctrl Pts',(-2.21207468928935,7.25308983796651,19.005));
#11811=CARTESIAN_POINT('',(-2.53735833268498,7.15973489098301,19.005));
#11812=CARTESIAN_POINT('Ctrl Pts',(-2.21207468928935,7.25308983796651,19.005));
#11813=CARTESIAN_POINT('Ctrl Pts',(-2.2500001365014,7.21516439075446,19.005));
#11814=CARTESIAN_POINT('Ctrl Pts',(-2.29643449815204,7.19012387112087,19.005));
#11815=CARTESIAN_POINT('Ctrl Pts',(-2.35137777424129,7.17796827906573,19.005));
#11816=CARTESIAN_POINT('Ctrl Pts',(-2.40632105033054,7.16581268701059,19.005));
#11817=CARTESIAN_POINT('Ctrl Pts',(-2.46831456981176,7.15973489098301,19.005));
#11818=CARTESIAN_POINT('Ctrl Pts',(-2.53735833268498,7.15973489098301,19.005));
#11819=CARTESIAN_POINT('',(-2.74740696339785,7.15973489098301,19.005));
#11820=CARTESIAN_POINT('',(-1.26867916634249,7.15973489098301,19.005));
#11821=CARTESIAN_POINT('',(-2.74740696339785,7.83655825661338,19.005));
#11822=CARTESIAN_POINT('',(-2.74740696339785,3.57986744549151,19.005));
#11823=CARTESIAN_POINT('',(-2.50964358279925,7.83655825661338,19.005));
#11824=CARTESIAN_POINT('',(-1.37370348169892,7.83655825661338,19.005));
#11825=CARTESIAN_POINT('',(-2.22374405766229,7.77529407265545,19.005));
#11826=CARTESIAN_POINT('Ctrl Pts',(-2.50964358279925,7.83655825661338,19.005));
#11827=CARTESIAN_POINT('Ctrl Pts',(-2.44351716201927,7.83655825661338,19.005));
#11828=CARTESIAN_POINT('Ctrl Pts',(-2.38784455040672,7.83193913163242,19.005));
#11829=CARTESIAN_POINT('Ctrl Pts',(-2.34262574796159,7.82270088167051,19.005));
#11830=CARTESIAN_POINT('Ctrl Pts',(-2.29740694551645,7.8134626317086,19.005));
#11831=CARTESIAN_POINT('Ctrl Pts',(-2.25777971541669,7.79766036203692,19.005));
#11832=CARTESIAN_POINT('Ctrl Pts',(-2.22374405766229,7.77529407265545,19.005));
#11833=CARTESIAN_POINT('Ctrl Pts',(-2.22374405766229,7.77529407265545,19.005));
#11834=CARTESIAN_POINT('Ctrl Pts',(-2.18484616308583,7.74903799381635,19.005));
#11835=CARTESIAN_POINT('Ctrl Pts',(-2.15615896583569,7.71573167158525,19.005));
#11836=CARTESIAN_POINT('Ctrl Pts',(-2.13768246591188,7.67537510596218,19.005));
#11837=CARTESIAN_POINT('Ctrl Pts',(-2.11920596598806,7.6350185403391,19.005));
#11838=CARTESIAN_POINT('Ctrl Pts',(-2.10996771602615,7.58858417868846,19.005));
#11839=CARTESIAN_POINT('Ctrl Pts',(-2.10996771602615,7.53607202101024,19.005));
#11840=CARTESIAN_POINT('Origin',(0.,0.,19.005));
#11841=CARTESIAN_POINT('Origin',(0.,0.,19.005));
#11842=CARTESIAN_POINT('Origin',(0.,0.,19.005));
#11843=CARTESIAN_POINT('Origin',(0.,0.,19.005));
#11844=CARTESIAN_POINT('Origin',(0.,0.,19.005));
#11845=CARTESIAN_POINT('Origin',(2.42220385606904,-3.32782722004191,-35.42231904332));
#11846=CARTESIAN_POINT('',(2.42220385606904,-3.32782722004191,19.));
#11847=CARTESIAN_POINT('',(2.42220385606904,-3.32782722004191,-35.42231904332));
#11848=CARTESIAN_POINT('',(2.42220385606904,-1.78811893129619,19.));
#11849=CARTESIAN_POINT('',(2.42220385606904,-1.66391361002095,19.));
#11850=CARTESIAN_POINT('',(2.42220385606904,-1.78811893129619,-35.42231904332));
#11851=CARTESIAN_POINT('Origin',(2.62479705195663,-3.32782722004191,-35.42231904332));
#11852=CARTESIAN_POINT('',(2.62479705195663,-3.32782722004191,19.));
#11853=CARTESIAN_POINT('',(2.62479705195663,-3.32782722004191,-35.42231904332));
#11854=CARTESIAN_POINT('',(1.31239852597832,-3.32782722004191,19.));
#11855=CARTESIAN_POINT('Ctrl Pts',(2.62479705195663,-3.32782722004191,-35.42231904332));
#11856=CARTESIAN_POINT('Ctrl Pts',(2.62479705195663,-3.32782722004191,73.42231904332));
#11857=CARTESIAN_POINT('Ctrl Pts',(2.80145831877061,-3.32782722004191,-35.42231904332));
#11858=CARTESIAN_POINT('Ctrl Pts',(2.80145831877061,-3.32782722004191,73.42231904332));
#11859=CARTESIAN_POINT('Ctrl Pts',(3.06888133734224,-3.27110112519338,-35.42231904332));
#11860=CARTESIAN_POINT('Ctrl Pts',(3.06888133734224,-3.27110112519338,73.42231904332));
#11861=CARTESIAN_POINT('Ctrl Pts',(3.17747129033799,-3.19492608353964,-35.42231904332));
#11862=CARTESIAN_POINT('Ctrl Pts',(3.17747129033799,-3.19492608353964,73.42231904332));
#11863=CARTESIAN_POINT('',(3.17747129033799,-3.19492608353964,19.));
#11864=CARTESIAN_POINT('',(3.17747129033799,-3.19492608353964,-35.42231904332));
#11865=CARTESIAN_POINT('Ctrl Pts',(2.62479705195663,-3.32782722004191,19.));
#11866=CARTESIAN_POINT('Ctrl Pts',(2.80145831877061,-3.32782722004191,19.));
#11867=CARTESIAN_POINT('Ctrl Pts',(3.06888133734224,-3.27110112519338,19.));
#11868=CARTESIAN_POINT('Ctrl Pts',(3.17747129033799,-3.19492608353964,19.));
#11869=CARTESIAN_POINT('Ctrl Pts',(3.17747129033799,-3.19492608353964,-35.42231904332));
#11870=CARTESIAN_POINT('Ctrl Pts',(3.17747129033799,-3.19492608353964,73.42231904332));
#11871=CARTESIAN_POINT('Ctrl Pts',(3.31685540910865,-3.1009228406478,-35.42231904332));
#11872=CARTESIAN_POINT('Ctrl Pts',(3.31685540910865,-3.1009228406478,73.42231904332));
#11873=CARTESIAN_POINT('Ctrl Pts',(3.45623952787931,-2.78973969176446,-35.42231904332));
#11874=CARTESIAN_POINT('Ctrl Pts',(3.45623952787931,-2.78973969176446,73.42231904332));
#11875=CARTESIAN_POINT('Ctrl Pts',(3.45623952787931,-2.55635233010195,-35.42231904332));
#11876=CARTESIAN_POINT('Ctrl Pts',(3.45623952787931,-2.55635233010195,73.42231904332));
#11877=CARTESIAN_POINT('',(3.45623952787931,-2.55635233010195,19.));
#11878=CARTESIAN_POINT('',(3.45623952787931,-2.55635233010195,-35.42231904332));
#11879=CARTESIAN_POINT('Ctrl Pts',(3.17747129033799,-3.19492608353964,19.));
#11880=CARTESIAN_POINT('Ctrl Pts',(3.31685540910865,-3.1009228406478,19.));
#11881=CARTESIAN_POINT('Ctrl Pts',(3.45623952787931,-2.78973969176446,19.));
#11882=CARTESIAN_POINT('Ctrl Pts',(3.45623952787931,-2.55635233010195,19.));
#11883=CARTESIAN_POINT('Ctrl Pts',(4.59238218333772,1.28440678509205,-35.42231904332));
#11884=CARTESIAN_POINT('Ctrl Pts',(4.59238218333772,1.28440678509205,73.42231904332));
#11885=CARTESIAN_POINT('Ctrl Pts',(4.59238218333772,1.1855413054989,-35.42231904332));
#11886=CARTESIAN_POINT('Ctrl Pts',(4.59238218333772,1.1855413054989,73.42231904332));
#11887=CARTESIAN_POINT('Ctrl Pts',(4.68800617179666,1.04777793229534,-35.42231904332));
#11888=CARTESIAN_POINT('Ctrl Pts',(4.68800617179666,1.04777793229534,73.42231904332));
#11889=CARTESIAN_POINT('Ctrl Pts',(4.7836301602556,0.992672583013915,-35.42231904332));
#11890=CARTESIAN_POINT('Ctrl Pts',(4.7836301602556,0.992672583013915,73.42231904332));
#11891=CARTESIAN_POINT('',(4.7836301602556,0.992672583013915,19.));
#11892=CARTESIAN_POINT('',(4.7836301602556,0.992672583013915,-35.42231904332));
#11893=CARTESIAN_POINT('',(4.59238218333772,1.28440678509205,19.));
#11894=CARTESIAN_POINT('Ctrl Pts',(4.59238218333772,1.28440678509205,19.));
#11895=CARTESIAN_POINT('Ctrl Pts',(4.59238218333772,1.1855413054989,19.));
#11896=CARTESIAN_POINT('Ctrl Pts',(4.68800617179666,1.04777793229534,19.));
#11897=CARTESIAN_POINT('Ctrl Pts',(4.7836301602556,0.992672583013915,19.));
#11898=CARTESIAN_POINT('',(4.59238218333772,1.28440678509205,-35.42231904332));
#11899=CARTESIAN_POINT('Ctrl Pts',(4.7836301602556,0.992672583013915,-35.42231904332));
#11900=CARTESIAN_POINT('Ctrl Pts',(4.7836301602556,0.992672583013915,73.42231904332));
#11901=CARTESIAN_POINT('Ctrl Pts',(4.82414879943312,0.969982145074505,-35.42231904332));
#11902=CARTESIAN_POINT('Ctrl Pts',(4.82414879943312,0.969982145074505,73.42231904332));
#11903=CARTESIAN_POINT('Ctrl Pts',(4.9959478295458,0.890565612286568,-35.42231904332));
#11904=CARTESIAN_POINT('Ctrl Pts',(4.9959478295458,0.890565612286568,73.42231904332));
#11905=CARTESIAN_POINT('Ctrl Pts',(5.06563988893114,0.867875174347158,-35.42231904332));
#11906=CARTESIAN_POINT('Ctrl Pts',(5.06563988893114,0.867875174347158,73.42231904332));
#11907=CARTESIAN_POINT('',(5.06563988893114,0.867875174347158,19.));
#11908=CARTESIAN_POINT('',(5.06563988893114,0.867875174347158,-35.42231904332));
#11909=CARTESIAN_POINT('Ctrl Pts',(4.7836301602556,0.992672583013915,19.));
#11910=CARTESIAN_POINT('Ctrl Pts',(4.82414879943312,0.969982145074505,19.));
#11911=CARTESIAN_POINT('Ctrl Pts',(4.9959478295458,0.890565612286568,19.));
#11912=CARTESIAN_POINT('Ctrl Pts',(5.06563988893114,0.867875174347158,19.));
#11913=CARTESIAN_POINT('Ctrl Pts',(5.06563988893114,0.867875174347158,-35.42231904332));
#11914=CARTESIAN_POINT('Ctrl Pts',(5.06563988893114,0.867875174347158,73.42231904332));
#11915=CARTESIAN_POINT('Ctrl Pts',(5.18233356976239,0.957016180537699,-35.42231904332));
#11916=CARTESIAN_POINT('Ctrl Pts',(5.18233356976239,0.957016180537699,73.42231904332));
#11917=CARTESIAN_POINT('Ctrl Pts',(5.26499159368453,1.14664341188849,-35.42231904332));
#11918=CARTESIAN_POINT('Ctrl Pts',(5.26499159368453,1.14664341188849,73.42231904332));
#11919=CARTESIAN_POINT('Ctrl Pts',(5.26499159368453,1.26819932942104,-35.42231904332));
#11920=CARTESIAN_POINT('Ctrl Pts',(5.26499159368453,1.26819932942104,73.42231904332));
#11921=CARTESIAN_POINT('',(5.26499159368453,1.26819932942104,19.));
#11922=CARTESIAN_POINT('',(5.26499159368453,1.26819932942104,-35.42231904332));
#11923=CARTESIAN_POINT('Ctrl Pts',(5.06563988893114,0.867875174347158,19.));
#11924=CARTESIAN_POINT('Ctrl Pts',(5.18233356976239,0.957016180537699,19.));
#11925=CARTESIAN_POINT('Ctrl Pts',(5.26499159368453,1.14664341188849,19.));
#11926=CARTESIAN_POINT('Ctrl Pts',(5.26499159368453,1.26819932942104,19.));
#11927=CARTESIAN_POINT('Ctrl Pts',(4.773905686853,0.734974037844897,-35.42231904332));
#11928=CARTESIAN_POINT('Ctrl Pts',(4.773905686853,0.734974037844897,73.42231904332));
#11929=CARTESIAN_POINT('Ctrl Pts',(4.66369498829015,0.662040487325363,-35.42231904332));
#11930=CARTESIAN_POINT('Ctrl Pts',(4.66369498829015,0.662040487325363,73.42231904332));
#11931=CARTESIAN_POINT('Ctrl Pts',(4.5453805618918,0.444860581333863,-35.42231904332));
#11932=CARTESIAN_POINT('Ctrl Pts',(4.5453805618918,0.444860581333863,73.42231904332));
#11933=CARTESIAN_POINT('Ctrl Pts',(4.5453805618918,0.307097208130299,-35.42231904332));
#11934=CARTESIAN_POINT('Ctrl Pts',(4.5453805618918,0.307097208130299,73.42231904332));
#11935=CARTESIAN_POINT('',(4.5453805618918,0.307097208130299,19.));
#11936=CARTESIAN_POINT('',(4.5453805618918,0.307097208130299,-35.42231904332));
#11937=CARTESIAN_POINT('',(4.773905686853,0.734974037844897,19.));
#11938=CARTESIAN_POINT('Ctrl Pts',(4.773905686853,0.734974037844897,19.));
#11939=CARTESIAN_POINT('Ctrl Pts',(4.66369498829015,0.662040487325363,19.));
#11940=CARTESIAN_POINT('Ctrl Pts',(4.5453805618918,0.444860581333863,19.));
#11941=CARTESIAN_POINT('Ctrl Pts',(4.5453805618918,0.307097208130299,19.));
#11942=CARTESIAN_POINT('',(4.773905686853,0.734974037844897,-35.42231904332));
#11943=CARTESIAN_POINT('Ctrl Pts',(4.5453805618918,0.307097208130299,-35.42231904332));
#11944=CARTESIAN_POINT('Ctrl Pts',(4.5453805618918,0.307097208130299,73.42231904332));
#11945=CARTESIAN_POINT('Ctrl Pts',(4.5453805618918,0.125573704615015,-35.42231904332));
#11946=CARTESIAN_POINT('Ctrl Pts',(4.5453805618918,0.125573704615015,73.42231904332));
#11947=CARTESIAN_POINT('Ctrl Pts',(4.7641812134504,-0.111055148181694,-35.42231904332));
#11948=CARTESIAN_POINT('Ctrl Pts',(4.7641812134504,-0.111055148181694,73.42231904332));
#11949=CARTESIAN_POINT('Ctrl Pts',(4.92949726129467,-0.111055148181694,
-35.42231904332));
#11950=CARTESIAN_POINT('Ctrl Pts',(4.92949726129467,-0.111055148181694,
73.42231904332));
#11951=CARTESIAN_POINT('',(4.92949726129467,-0.111055148181694,19.));
#11952=CARTESIAN_POINT('',(4.92949726129467,-0.111055148181694,-35.42231904332));
#11953=CARTESIAN_POINT('Ctrl Pts',(4.5453805618918,0.307097208130299,19.));
#11954=CARTESIAN_POINT('Ctrl Pts',(4.5453805618918,0.125573704615015,19.));
#11955=CARTESIAN_POINT('Ctrl Pts',(4.7641812134504,-0.111055148181694,19.));
#11956=CARTESIAN_POINT('Ctrl Pts',(4.92949726129467,-0.111055148181694,
19.));
#11957=CARTESIAN_POINT('Ctrl Pts',(4.92949726129467,-0.111055148181694,
-35.42231904332));
#11958=CARTESIAN_POINT('Ctrl Pts',(4.92949726129467,-0.111055148181694,
73.42231904332));
#11959=CARTESIAN_POINT('Ctrl Pts',(5.09805480027315,-0.111055148181694,
-35.42231904332));
#11960=CARTESIAN_POINT('Ctrl Pts',(5.09805480027315,-0.111055148181694,
73.42231904332));
#11961=CARTESIAN_POINT('Ctrl Pts',(5.30226874172785,0.0915380477058998,
-35.42231904332));
#11962=CARTESIAN_POINT('Ctrl Pts',(5.30226874172785,0.0915380477058998,
73.42231904332));
#11963=CARTESIAN_POINT('Ctrl Pts',(5.30226874172785,0.266578568952781,-35.42231904332));
#11964=CARTESIAN_POINT('Ctrl Pts',(5.30226874172785,0.266578568952781,73.42231904332));
#11965=CARTESIAN_POINT('',(5.30226874172785,0.266578568952781,19.));
#11966=CARTESIAN_POINT('',(5.30226874172785,0.266578568952781,-35.42231904332));
#11967=CARTESIAN_POINT('Ctrl Pts',(4.92949726129467,-0.111055148181694,
19.));
#11968=CARTESIAN_POINT('Ctrl Pts',(5.09805480027315,-0.111055148181694,
19.));
#11969=CARTESIAN_POINT('Ctrl Pts',(5.30226874172785,0.0915380477058998,
19.));
#11970=CARTESIAN_POINT('Ctrl Pts',(5.30226874172785,0.266578568952781,19.));
#11971=CARTESIAN_POINT('Origin',(2.93922170489495,0.637729303818852,-35.42231904332));
#11972=CARTESIAN_POINT('',(2.93922170489495,0.637729303818852,19.));
#11973=CARTESIAN_POINT('',(2.93922170489495,0.637729303818852,-35.42231904332));
#11974=CARTESIAN_POINT('',(3.61183111524177,1.41892866716141,19.));
#11975=CARTESIAN_POINT('',(2.15591430484154,-0.272039772869694,19.));
#11976=CARTESIAN_POINT('',(3.61183111524177,1.41892866716141,-35.42231904332));
#11977=CARTESIAN_POINT('Origin',(3.61183111524177,0.637729303818852,-35.42231904332));
#11978=CARTESIAN_POINT('',(3.61183111524177,0.637729303818852,19.));
#11979=CARTESIAN_POINT('',(3.61183111524177,0.637729303818852,-35.42231904332));
#11980=CARTESIAN_POINT('',(1.80591555762088,0.637729303818852,19.));
#11981=CARTESIAN_POINT('Origin',(-2.20664547064992,0.922980523628583,-35.42231904332));
#11982=CARTESIAN_POINT('',(-2.20664547064992,0.922980523628583,19.));
#11983=CARTESIAN_POINT('',(-2.20664547064992,0.922980523628583,-35.42231904332));
#11984=CARTESIAN_POINT('',(-2.20664547064992,1.50806967335195,19.));
#11985=CARTESIAN_POINT('',(-2.20664547064992,0.461490261814292,19.));
#11986=CARTESIAN_POINT('',(-2.20664547064992,1.50806967335195,-35.42231904332));
#11987=CARTESIAN_POINT('Origin',(-1.90518679516918,0.922980523628583,-35.42231904332));
#11988=CARTESIAN_POINT('',(-1.90518679516918,0.922980523628583,19.));
#11989=CARTESIAN_POINT('',(-1.90518679516918,0.922980523628583,-35.42231904332));
#11990=CARTESIAN_POINT('',(-0.95259339758459,0.922980523628583,19.));
#11991=CARTESIAN_POINT('Ctrl Pts',(-1.90518679516918,0.922980523628583,
-35.42231904332));
#11992=CARTESIAN_POINT('Ctrl Pts',(-1.90518679516918,0.922980523628583,
73.42231904332));
#11993=CARTESIAN_POINT('Ctrl Pts',(-1.78038938650242,0.922980523628583,
-35.42231904332));
#11994=CARTESIAN_POINT('Ctrl Pts',(-1.78038938650242,0.922980523628583,
73.42231904332));
#11995=CARTESIAN_POINT('Ctrl Pts',(-1.66207496010407,0.948912452702195,
-35.42231904332));
#11996=CARTESIAN_POINT('Ctrl Pts',(-1.66207496010407,0.948912452702195,
73.42231904332));
#11997=CARTESIAN_POINT('Ctrl Pts',(-1.59886588298714,0.989431091879714,
-35.42231904332));
#11998=CARTESIAN_POINT('Ctrl Pts',(-1.59886588298714,0.989431091879714,
73.42231904332));
#11999=CARTESIAN_POINT('',(-1.59886588298714,0.989431091879714,19.));
#12000=CARTESIAN_POINT('',(-1.59886588298714,0.989431091879714,-35.42231904332));
#12001=CARTESIAN_POINT('Ctrl Pts',(-1.90518679516918,0.922980523628583,
19.));
#12002=CARTESIAN_POINT('Ctrl Pts',(-1.78038938650242,0.922980523628583,
19.));
#12003=CARTESIAN_POINT('Ctrl Pts',(-1.66207496010407,0.948912452702195,
19.));
#12004=CARTESIAN_POINT('Ctrl Pts',(-1.59886588298714,0.989431091879714,
19.));
#12005=CARTESIAN_POINT('Ctrl Pts',(-1.59886588298714,0.989431091879714,
-35.42231904332));
#12006=CARTESIAN_POINT('Ctrl Pts',(-1.59886588298714,0.989431091879714,
73.42231904332));
#12007=CARTESIAN_POINT('Ctrl Pts',(-1.53727755143731,1.02832898549013,-35.42231904332));
#12008=CARTESIAN_POINT('Ctrl Pts',(-1.53727755143731,1.02832898549013,73.42231904332));
#12009=CARTESIAN_POINT('Ctrl Pts',(-1.48703443885719,1.15312639415689,-35.42231904332));
#12010=CARTESIAN_POINT('Ctrl Pts',(-1.48703443885719,1.15312639415689,73.42231904332));
#12011=CARTESIAN_POINT('Ctrl Pts',(-1.48703443885719,1.24712963704873,-35.42231904332));
#12012=CARTESIAN_POINT('Ctrl Pts',(-1.48703443885719,1.24712963704873,73.42231904332));
#12013=CARTESIAN_POINT('',(-1.48703443885719,1.24712963704873,19.));
#12014=CARTESIAN_POINT('',(-1.48703443885719,1.24712963704873,-35.42231904332));
#12015=CARTESIAN_POINT('Ctrl Pts',(-1.59886588298714,0.989431091879714,
19.));
#12016=CARTESIAN_POINT('Ctrl Pts',(-1.53727755143731,1.02832898549013,19.));
#12017=CARTESIAN_POINT('Ctrl Pts',(-1.48703443885719,1.15312639415689,19.));
#12018=CARTESIAN_POINT('Ctrl Pts',(-1.48703443885719,1.24712963704873,19.));
#12019=CARTESIAN_POINT('Origin',(-2.20664547064992,-0.03812159766216,-35.42231904332));
#12020=CARTESIAN_POINT('',(-2.20664547064992,-0.03812159766216,19.));
#12021=CARTESIAN_POINT('',(-2.20664547064992,-0.03812159766216,-35.42231904332));
#12022=CARTESIAN_POINT('',(-2.20664547064992,0.700938380935781,19.));
#12023=CARTESIAN_POINT('',(-2.20664547064992,-0.01906079883108,19.));
#12024=CARTESIAN_POINT('',(-2.20664547064992,0.700938380935781,-35.42231904332));
#12025=CARTESIAN_POINT('Origin',(-1.99108631022552,-0.03812159766216,-35.42231904332));
#12026=CARTESIAN_POINT('',(-1.99108631022552,-0.03812159766216,19.));
#12027=CARTESIAN_POINT('',(-1.99108631022552,-0.03812159766216,-35.42231904332));
#12028=CARTESIAN_POINT('',(-0.99554315511276,-0.03812159766216,19.));
#12029=CARTESIAN_POINT('Ctrl Pts',(-1.99108631022552,-0.03812159766216,
-35.42231904332));
#12030=CARTESIAN_POINT('Ctrl Pts',(-1.99108631022552,-0.03812159766216,
73.42231904332));
#12031=CARTESIAN_POINT('Ctrl Pts',(-1.81604578897864,-0.03812159766216,
-35.42231904332));
#12032=CARTESIAN_POINT('Ctrl Pts',(-1.81604578897864,-0.03812159766216,
73.42231904332));
#12033=CARTESIAN_POINT('Ctrl Pts',(-1.61507333865815,-0.00570668632014503,
-35.42231904332));
#12034=CARTESIAN_POINT('Ctrl Pts',(-1.61507333865815,-0.00570668632014503,
73.42231904332));
#12035=CARTESIAN_POINT('Ctrl Pts',(-1.53727755143731,0.0461571718270789,
-35.42231904332));
#12036=CARTESIAN_POINT('Ctrl Pts',(-1.53727755143731,0.0461571718270789,
73.42231904332));
#12037=CARTESIAN_POINT('',(-1.53727755143731,0.0461571718270789,19.));
#12038=CARTESIAN_POINT('',(-1.53727755143731,0.0461571718270789,-35.42231904332));
#12039=CARTESIAN_POINT('Ctrl Pts',(-1.99108631022552,-0.03812159766216,
19.));
#12040=CARTESIAN_POINT('Ctrl Pts',(-1.81604578897864,-0.03812159766216,
19.));
#12041=CARTESIAN_POINT('Ctrl Pts',(-1.61507333865815,-0.00570668632014503,
19.));
#12042=CARTESIAN_POINT('Ctrl Pts',(-1.53727755143731,0.0461571718270789,
19.));
#12043=CARTESIAN_POINT('Ctrl Pts',(-1.53727755143731,0.0461571718270789,
-35.42231904332));
#12044=CARTESIAN_POINT('Ctrl Pts',(-1.53727755143731,0.0461571718270789,
73.42231904332));
#12045=CARTESIAN_POINT('Ctrl Pts',(-1.46272325535068,0.0996417755414036,
-35.42231904332));
#12046=CARTESIAN_POINT('Ctrl Pts',(-1.46272325535068,0.0996417755414036,
73.42231904332));
#12047=CARTESIAN_POINT('Ctrl Pts',(-1.39303119596534,0.232542912043665,
-35.42231904332));
#12048=CARTESIAN_POINT('Ctrl Pts',(-1.39303119596534,0.232542912043665,
73.42231904332));
#12049=CARTESIAN_POINT('Ctrl Pts',(-1.39303119596534,0.337891373905213,
-35.42231904332));
#12050=CARTESIAN_POINT('Ctrl Pts',(-1.39303119596534,0.337891373905213,
73.42231904332));
#12051=CARTESIAN_POINT('',(-1.39303119596534,0.337891373905213,19.));
#12052=CARTESIAN_POINT('',(-1.39303119596534,0.337891373905213,-35.42231904332));
#12053=CARTESIAN_POINT('Ctrl Pts',(-1.53727755143731,0.0461571718270789,
19.));
#12054=CARTESIAN_POINT('Ctrl Pts',(-1.46272325535068,0.0996417755414036,
19.));
#12055=CARTESIAN_POINT('Ctrl Pts',(-1.39303119596534,0.232542912043665,
19.));
#12056=CARTESIAN_POINT('Ctrl Pts',(-1.39303119596534,0.337891373905213,
19.));
#12057=CARTESIAN_POINT('Ctrl Pts',(-3.75931972393244,1.28440678509205,-35.42231904332));
#12058=CARTESIAN_POINT('Ctrl Pts',(-3.75931972393244,1.28440678509205,73.42231904332));
#12059=CARTESIAN_POINT('Ctrl Pts',(-3.75931972393244,1.1855413054989,-35.42231904332));
#12060=CARTESIAN_POINT('Ctrl Pts',(-3.75931972393244,1.1855413054989,73.42231904332));
#12061=CARTESIAN_POINT('Ctrl Pts',(-3.66369573547349,1.04777793229534,-35.42231904332));
#12062=CARTESIAN_POINT('Ctrl Pts',(-3.66369573547349,1.04777793229534,73.42231904332));
#12063=CARTESIAN_POINT('Ctrl Pts',(-3.56807174701455,0.992672583013915,
-35.42231904332));
#12064=CARTESIAN_POINT('Ctrl Pts',(-3.56807174701455,0.992672583013915,
73.42231904332));
#12065=CARTESIAN_POINT('',(-3.56807174701455,0.992672583013915,19.));
#12066=CARTESIAN_POINT('',(-3.56807174701455,0.992672583013915,-35.42231904332));
#12067=CARTESIAN_POINT('',(-3.75931972393244,1.28440678509205,19.));
#12068=CARTESIAN_POINT('Ctrl Pts',(-3.75931972393244,1.28440678509205,19.));
#12069=CARTESIAN_POINT('Ctrl Pts',(-3.75931972393244,1.1855413054989,19.));
#12070=CARTESIAN_POINT('Ctrl Pts',(-3.66369573547349,1.04777793229534,19.));
#12071=CARTESIAN_POINT('Ctrl Pts',(-3.56807174701455,0.992672583013915,
19.));
#12072=CARTESIAN_POINT('',(-3.75931972393244,1.28440678509205,-35.42231904332));
#12073=CARTESIAN_POINT('Ctrl Pts',(-3.56807174701455,0.992672583013915,
-35.42231904332));
#12074=CARTESIAN_POINT('Ctrl Pts',(-3.56807174701455,0.992672583013915,
73.42231904332));
#12075=CARTESIAN_POINT('Ctrl Pts',(-3.52755310783703,0.969982145074505,
-35.42231904332));
#12076=CARTESIAN_POINT('Ctrl Pts',(-3.52755310783703,0.969982145074505,
73.42231904332));
#12077=CARTESIAN_POINT('Ctrl Pts',(-3.35575407772435,0.890565612286568,
-35.42231904332));
#12078=CARTESIAN_POINT('Ctrl Pts',(-3.35575407772435,0.890565612286568,
73.42231904332));
#12079=CARTESIAN_POINT('Ctrl Pts',(-3.28606201833902,0.867875174347158,
-35.42231904332));
#12080=CARTESIAN_POINT('Ctrl Pts',(-3.28606201833902,0.867875174347158,
73.42231904332));
#12081=CARTESIAN_POINT('',(-3.28606201833902,0.867875174347158,19.));
#12082=CARTESIAN_POINT('',(-3.28606201833902,0.867875174347158,-35.42231904332));
#12083=CARTESIAN_POINT('Ctrl Pts',(-3.56807174701455,0.992672583013915,
19.));
#12084=CARTESIAN_POINT('Ctrl Pts',(-3.52755310783703,0.969982145074505,
19.));
#12085=CARTESIAN_POINT('Ctrl Pts',(-3.35575407772435,0.890565612286568,
19.));
#12086=CARTESIAN_POINT('Ctrl Pts',(-3.28606201833902,0.867875174347158,
19.));
#12087=CARTESIAN_POINT('Ctrl Pts',(-3.28606201833902,0.867875174347158,
-35.42231904332));
#12088=CARTESIAN_POINT('Ctrl Pts',(-3.28606201833902,0.867875174347158,
73.42231904332));
#12089=CARTESIAN_POINT('Ctrl Pts',(-3.16936833750776,0.957016180537699,
-35.42231904332));
#12090=CARTESIAN_POINT('Ctrl Pts',(-3.16936833750776,0.957016180537699,
73.42231904332));
#12091=CARTESIAN_POINT('Ctrl Pts',(-3.08671031358563,1.14664341188849,-35.42231904332));
#12092=CARTESIAN_POINT('Ctrl Pts',(-3.08671031358563,1.14664341188849,73.42231904332));
#12093=CARTESIAN_POINT('Ctrl Pts',(-3.08671031358563,1.26819932942104,-35.42231904332));
#12094=CARTESIAN_POINT('Ctrl Pts',(-3.08671031358563,1.26819932942104,73.42231904332));
#12095=CARTESIAN_POINT('',(-3.08671031358563,1.26819932942104,19.));
#12096=CARTESIAN_POINT('',(-3.08671031358563,1.26819932942104,-35.42231904332));
#12097=CARTESIAN_POINT('Ctrl Pts',(-3.28606201833902,0.867875174347158,
19.));
#12098=CARTESIAN_POINT('Ctrl Pts',(-3.16936833750776,0.957016180537699,
19.));
#12099=CARTESIAN_POINT('Ctrl Pts',(-3.08671031358563,1.14664341188849,19.));
#12100=CARTESIAN_POINT('Ctrl Pts',(-3.08671031358563,1.26819932942104,19.));
#12101=CARTESIAN_POINT('Ctrl Pts',(-3.57779622041715,0.734974037844897,
-35.42231904332));
#12102=CARTESIAN_POINT('Ctrl Pts',(-3.57779622041715,0.734974037844897,
73.42231904332));
#12103=CARTESIAN_POINT('Ctrl Pts',(-3.68800691898,0.662040487325363,-35.42231904332));
#12104=CARTESIAN_POINT('Ctrl Pts',(-3.68800691898,0.662040487325363,73.42231904332));
#12105=CARTESIAN_POINT('Ctrl Pts',(-3.80632134537836,0.444860581333863,
-35.42231904332));
#12106=CARTESIAN_POINT('Ctrl Pts',(-3.80632134537836,0.444860581333863,
73.42231904332));
#12107=CARTESIAN_POINT('Ctrl Pts',(-3.80632134537836,0.307097208130299,
-35.42231904332));
#12108=CARTESIAN_POINT('Ctrl Pts',(-3.80632134537836,0.307097208130299,
73.42231904332));
#12109=CARTESIAN_POINT('',(-3.80632134537836,0.307097208130299,19.));
#12110=CARTESIAN_POINT('',(-3.80632134537836,0.307097208130299,-35.42231904332));
#12111=CARTESIAN_POINT('',(-3.57779622041715,0.734974037844897,19.));
#12112=CARTESIAN_POINT('Ctrl Pts',(-3.57779622041715,0.734974037844897,
19.));
#12113=CARTESIAN_POINT('Ctrl Pts',(-3.68800691898,0.662040487325363,19.));
#12114=CARTESIAN_POINT('Ctrl Pts',(-3.80632134537836,0.444860581333863,
19.));
#12115=CARTESIAN_POINT('Ctrl Pts',(-3.80632134537836,0.307097208130299,
19.));
#12116=CARTESIAN_POINT('',(-3.57779622041715,0.734974037844897,-35.42231904332));
#12117=CARTESIAN_POINT('Ctrl Pts',(-3.80632134537836,0.307097208130299,
-35.42231904332));
#12118=CARTESIAN_POINT('Ctrl Pts',(-3.80632134537836,0.307097208130299,
73.42231904332));
#12119=CARTESIAN_POINT('Ctrl Pts',(-3.80632134537836,0.125573704615015,
-35.42231904332));
#12120=CARTESIAN_POINT('Ctrl Pts',(-3.80632134537836,0.125573704615015,
73.42231904332));
#12121=CARTESIAN_POINT('Ctrl Pts',(-3.58752069381976,-0.111055148181694,
-35.42231904332));
#12122=CARTESIAN_POINT('Ctrl Pts',(-3.58752069381976,-0.111055148181694,
73.42231904332));
#12123=CARTESIAN_POINT('Ctrl Pts',(-3.42220464597548,-0.111055148181694,
-35.42231904332));
#12124=CARTESIAN_POINT('Ctrl Pts',(-3.42220464597548,-0.111055148181694,
73.42231904332));
#12125=CARTESIAN_POINT('',(-3.42220464597548,-0.111055148181694,19.));
#12126=CARTESIAN_POINT('',(-3.42220464597548,-0.111055148181694,-35.42231904332));
#12127=CARTESIAN_POINT('Ctrl Pts',(-3.80632134537836,0.307097208130299,
19.));
#12128=CARTESIAN_POINT('Ctrl Pts',(-3.80632134537836,0.125573704615015,
19.));
#12129=CARTESIAN_POINT('Ctrl Pts',(-3.58752069381976,-0.111055148181694,
19.));
#12130=CARTESIAN_POINT('Ctrl Pts',(-3.42220464597548,-0.111055148181694,
19.));
#12131=CARTESIAN_POINT('Ctrl Pts',(-3.42220464597548,-0.111055148181694,
-35.42231904332));
#12132=CARTESIAN_POINT('Ctrl Pts',(-3.42220464597548,-0.111055148181694,
73.42231904332));
#12133=CARTESIAN_POINT('Ctrl Pts',(-3.253647106997,-0.111055148181694,-35.42231904332));
#12134=CARTESIAN_POINT('Ctrl Pts',(-3.253647106997,-0.111055148181694,73.42231904332));
#12135=CARTESIAN_POINT('Ctrl Pts',(-3.04943316554231,0.0915380477058998,
-35.42231904332));
#12136=CARTESIAN_POINT('Ctrl Pts',(-3.04943316554231,0.0915380477058998,
73.42231904332));
#12137=CARTESIAN_POINT('Ctrl Pts',(-3.04943316554231,0.266578568952781,
-35.42231904332));
#12138=CARTESIAN_POINT('Ctrl Pts',(-3.04943316554231,0.266578568952781,
73.42231904332));
#12139=CARTESIAN_POINT('',(-3.04943316554231,0.266578568952781,19.));
#12140=CARTESIAN_POINT('',(-3.04943316554231,0.266578568952781,-35.42231904332));
#12141=CARTESIAN_POINT('Ctrl Pts',(-3.42220464597548,-0.111055148181694,
19.));
#12142=CARTESIAN_POINT('Ctrl Pts',(-3.253647106997,-0.111055148181694,19.));
#12143=CARTESIAN_POINT('Ctrl Pts',(-3.04943316554231,0.0915380477058998,
19.));
#12144=CARTESIAN_POINT('Ctrl Pts',(-3.04943316554231,0.266578568952781,
19.));
#12145=CARTESIAN_POINT('Origin',(8.24149117260157,4.04574935259695,-35.42231904332));
#12146=CARTESIAN_POINT('',(8.24149117260157,4.04574935259695,19.));
#12147=CARTESIAN_POINT('',(8.24149117260157,4.04574935259695,-35.42231904332));
#12148=CARTESIAN_POINT('',(8.24149117260157,4.7977752957317,19.));
#12149=CARTESIAN_POINT('',(8.24149117260157,2.02287467629848,19.));
#12150=CARTESIAN_POINT('',(8.24149117260157,4.7977752957317,-35.42231904332));
#12151=CARTESIAN_POINT('Origin',(8.47487853426408,4.04574935259695,-35.42231904332));
#12152=CARTESIAN_POINT('',(8.47487853426408,4.04574935259695,19.));
#12153=CARTESIAN_POINT('',(8.47487853426408,4.04574935259695,-35.42231904332));
#12154=CARTESIAN_POINT('',(4.23743926713204,4.04574935259695,19.));
#12155=CARTESIAN_POINT('Ctrl Pts',(8.47487853426408,4.04574935259695,-35.42231904332));
#12156=CARTESIAN_POINT('Ctrl Pts',(8.47487853426408,4.04574935259695,73.42231904332));
#12157=CARTESIAN_POINT('Ctrl Pts',(8.58995146952824,4.04574935259695,-35.42231904332));
#12158=CARTESIAN_POINT('Ctrl Pts',(8.58995146952824,4.04574935259695,73.42231904332));
#12159=CARTESIAN_POINT('Ctrl Pts',(8.77309571861062,4.08626799177447,-35.42231904332));
#12160=CARTESIAN_POINT('Ctrl Pts',(8.77309571861062,4.08626799177447,73.42231904332));
#12161=CARTESIAN_POINT('Ctrl Pts',(8.83630479572755,4.1494770688914,-35.42231904332));
#12162=CARTESIAN_POINT('Ctrl Pts',(8.83630479572755,4.1494770688914,73.42231904332));
#12163=CARTESIAN_POINT('',(8.83630479572755,4.1494770688914,19.));
#12164=CARTESIAN_POINT('',(8.83630479572755,4.1494770688914,-35.42231904332));
#12165=CARTESIAN_POINT('Ctrl Pts',(8.47487853426408,4.04574935259695,19.));
#12166=CARTESIAN_POINT('Ctrl Pts',(8.58995146952824,4.04574935259695,19.));
#12167=CARTESIAN_POINT('Ctrl Pts',(8.77309571861062,4.08626799177447,19.));
#12168=CARTESIAN_POINT('Ctrl Pts',(8.83630479572755,4.1494770688914,19.));
#12169=CARTESIAN_POINT('Ctrl Pts',(8.83630479572755,4.1494770688914,-35.42231904332));
#12170=CARTESIAN_POINT('Ctrl Pts',(8.83630479572755,4.1494770688914,73.42231904332));
#12171=CARTESIAN_POINT('Ctrl Pts',(8.89465163614318,4.20458241817282,-35.42231904332));
#12172=CARTESIAN_POINT('Ctrl Pts',(8.89465163614318,4.20458241817282,73.42231904332));
#12173=CARTESIAN_POINT('Ctrl Pts',(8.9497569854246,4.3601739926145,-35.42231904332));
#12174=CARTESIAN_POINT('Ctrl Pts',(8.9497569854246,4.3601739926145,73.42231904332));
#12175=CARTESIAN_POINT('Ctrl Pts',(8.9497569854246,4.46390170890894,-35.42231904332));
#12176=CARTESIAN_POINT('Ctrl Pts',(8.9497569854246,4.46390170890894,73.42231904332));
#12177=CARTESIAN_POINT('',(8.9497569854246,4.46390170890894,19.));
#12178=CARTESIAN_POINT('',(8.9497569854246,4.46390170890894,-35.42231904332));
#12179=CARTESIAN_POINT('Ctrl Pts',(8.83630479572755,4.1494770688914,19.));
#12180=CARTESIAN_POINT('Ctrl Pts',(8.89465163614318,4.20458241817282,19.));
#12181=CARTESIAN_POINT('Ctrl Pts',(8.9497569854246,4.3601739926145,19.));
#12182=CARTESIAN_POINT('Ctrl Pts',(8.9497569854246,4.46390170890894,19.));
#12183=CARTESIAN_POINT('Ctrl Pts',(6.35656407806341,4.63245924788742,-35.42231904332));
#12184=CARTESIAN_POINT('Ctrl Pts',(6.35656407806341,4.63245924788742,73.42231904332));
#12185=CARTESIAN_POINT('Ctrl Pts',(6.27714754527547,4.53035227716008,-35.42231904332));
#12186=CARTESIAN_POINT('Ctrl Pts',(6.27714754527547,4.53035227716008,73.42231904332));
#12187=CARTESIAN_POINT('Ctrl Pts',(6.19286877578623,4.22241061941093,-35.42231904332));
#12188=CARTESIAN_POINT('Ctrl Pts',(6.19286877578623,4.22241061941093,73.42231904332));
#12189=CARTESIAN_POINT('Ctrl Pts',(6.19286877578623,4.02792115135884,-35.42231904332));
#12190=CARTESIAN_POINT('Ctrl Pts',(6.19286877578623,4.02792115135884,73.42231904332));
#12191=CARTESIAN_POINT('',(6.19286877578623,4.02792115135884,19.));
#12192=CARTESIAN_POINT('',(6.19286877578623,4.02792115135884,-35.42231904332));
#12193=CARTESIAN_POINT('',(6.3565640780634,4.63245924788742,19.));
#12194=CARTESIAN_POINT('Ctrl Pts',(6.35656407806341,4.63245924788742,19.));
#12195=CARTESIAN_POINT('Ctrl Pts',(6.27714754527547,4.53035227716008,19.));
#12196=CARTESIAN_POINT('Ctrl Pts',(6.19286877578623,4.22241061941093,19.));
#12197=CARTESIAN_POINT('Ctrl Pts',(6.19286877578623,4.02792115135884,19.));
#12198=CARTESIAN_POINT('',(6.3565640780634,4.63245924788742,-35.42231904332));
#12199=CARTESIAN_POINT('Ctrl Pts',(6.19286877578623,4.02792115135884,-35.42231904332));
#12200=CARTESIAN_POINT('Ctrl Pts',(6.19286877578623,4.02792115135884,73.42231904332));
#12201=CARTESIAN_POINT('Ctrl Pts',(6.19286877578623,3.63407997855336,-35.42231904332));
#12202=CARTESIAN_POINT('Ctrl Pts',(6.19286877578623,3.63407997855336,73.42231904332));
#12203=CARTESIAN_POINT('Ctrl Pts',(6.52350087147478,3.21592762224137,-35.42231904332));
#12204=CARTESIAN_POINT('Ctrl Pts',(6.52350087147478,3.21592762224137,73.42231904332));
#12205=CARTESIAN_POINT('Ctrl Pts',(6.80064836344901,3.21592762224137,-35.42231904332));
#12206=CARTESIAN_POINT('Ctrl Pts',(6.80064836344901,3.21592762224137,73.42231904332));
#12207=CARTESIAN_POINT('',(6.80064836344901,3.21592762224137,19.));
#12208=CARTESIAN_POINT('',(6.80064836344901,3.21592762224137,-35.42231904332));
#12209=CARTESIAN_POINT('Ctrl Pts',(6.19286877578623,4.02792115135884,19.));
#12210=CARTESIAN_POINT('Ctrl Pts',(6.19286877578623,3.63407997855336,19.));
#12211=CARTESIAN_POINT('Ctrl Pts',(6.52350087147478,3.21592762224137,19.));
#12212=CARTESIAN_POINT('Ctrl Pts',(6.80064836344901,3.21592762224137,19.));
#12213=CARTESIAN_POINT('Ctrl Pts',(6.80064836344901,3.21592762224137,-35.42231904332));
#12214=CARTESIAN_POINT('Ctrl Pts',(6.80064836344901,3.21592762224137,73.42231904332));
#12215=CARTESIAN_POINT('Ctrl Pts',(7.07779585542324,3.21592762224137,-35.42231904332));
#12216=CARTESIAN_POINT('Ctrl Pts',(7.07779585542324,3.21592762224137,73.42231904332));
#12217=CARTESIAN_POINT('Ctrl Pts',(7.40680720554469,3.63407997855336,-35.42231904332));
#12218=CARTESIAN_POINT('Ctrl Pts',(7.40680720554469,3.63407997855336,73.42231904332));
#12219=CARTESIAN_POINT('Ctrl Pts',(7.40680720554469,4.02792115135884,-35.42231904332));
#12220=CARTESIAN_POINT('Ctrl Pts',(7.40680720554469,4.02792115135884,73.42231904332));
#12221=CARTESIAN_POINT('',(7.40680720554469,4.02792115135884,19.));
#12222=CARTESIAN_POINT('',(7.40680720554469,4.02792115135884,-35.42231904332));
#12223=CARTESIAN_POINT('Ctrl Pts',(6.80064836344901,3.21592762224137,19.));
#12224=CARTESIAN_POINT('Ctrl Pts',(7.07779585542324,3.21592762224137,19.));
#12225=CARTESIAN_POINT('Ctrl Pts',(7.40680720554469,3.63407997855336,19.));
#12226=CARTESIAN_POINT('Ctrl Pts',(7.40680720554469,4.02792115135884,19.));
#12227=CARTESIAN_POINT('Ctrl Pts',(2.80388979497857,4.63245924788742,-35.42231904332));
#12228=CARTESIAN_POINT('Ctrl Pts',(2.80388979497857,4.63245924788742,73.42231904332));
#12229=CARTESIAN_POINT('Ctrl Pts',(2.72447326219063,4.53035227716008,-35.42231904332));
#12230=CARTESIAN_POINT('Ctrl Pts',(2.72447326219063,4.53035227716008,73.42231904332));
#12231=CARTESIAN_POINT('Ctrl Pts',(2.64019449270139,4.22241061941093,-35.42231904332));
#12232=CARTESIAN_POINT('Ctrl Pts',(2.64019449270139,4.22241061941093,73.42231904332));
#12233=CARTESIAN_POINT('Ctrl Pts',(2.64019449270139,4.02792115135884,-35.42231904332));
#12234=CARTESIAN_POINT('Ctrl Pts',(2.64019449270139,4.02792115135884,73.42231904332));
#12235=CARTESIAN_POINT('',(2.64019449270139,4.02792115135884,19.));
#12236=CARTESIAN_POINT('',(2.64019449270139,4.02792115135884,-35.42231904332));
#12237=CARTESIAN_POINT('',(2.80388979497857,4.63245924788742,19.));
#12238=CARTESIAN_POINT('Ctrl Pts',(2.80388979497857,4.63245924788742,19.));
#12239=CARTESIAN_POINT('Ctrl Pts',(2.72447326219063,4.53035227716008,19.));
#12240=CARTESIAN_POINT('Ctrl Pts',(2.64019449270139,4.22241061941093,19.));
#12241=CARTESIAN_POINT('Ctrl Pts',(2.64019449270139,4.02792115135884,19.));
#12242=CARTESIAN_POINT('',(2.80388979497857,4.63245924788742,-35.42231904332));
#12243=CARTESIAN_POINT('Ctrl Pts',(2.64019449270139,4.02792115135884,-35.42231904332));
#12244=CARTESIAN_POINT('Ctrl Pts',(2.64019449270139,4.02792115135884,73.42231904332));
#12245=CARTESIAN_POINT('Ctrl Pts',(2.64019449270139,3.63407997855336,-35.42231904332));
#12246=CARTESIAN_POINT('Ctrl Pts',(2.64019449270139,3.63407997855336,73.42231904332));
#12247=CARTESIAN_POINT('Ctrl Pts',(2.97082658838994,3.21592762224137,-35.42231904332));
#12248=CARTESIAN_POINT('Ctrl Pts',(2.97082658838994,3.21592762224137,73.42231904332));
#12249=CARTESIAN_POINT('Ctrl Pts',(3.24797408036417,3.21592762224137,-35.42231904332));
#12250=CARTESIAN_POINT('Ctrl Pts',(3.24797408036417,3.21592762224137,73.42231904332));
#12251=CARTESIAN_POINT('',(3.24797408036417,3.21592762224137,19.));
#12252=CARTESIAN_POINT('',(3.24797408036417,3.21592762224137,-35.42231904332));
#12253=CARTESIAN_POINT('Ctrl Pts',(2.64019449270139,4.02792115135884,19.));
#12254=CARTESIAN_POINT('Ctrl Pts',(2.64019449270139,3.63407997855336,19.));
#12255=CARTESIAN_POINT('Ctrl Pts',(2.97082658838994,3.21592762224137,19.));
#12256=CARTESIAN_POINT('Ctrl Pts',(3.24797408036417,3.21592762224137,19.));
#12257=CARTESIAN_POINT('Ctrl Pts',(3.24797408036417,3.21592762224137,-35.42231904332));
#12258=CARTESIAN_POINT('Ctrl Pts',(3.24797408036417,3.21592762224137,73.42231904332));
#12259=CARTESIAN_POINT('Ctrl Pts',(3.5251215723384,3.21592762224137,-35.42231904332));
#12260=CARTESIAN_POINT('Ctrl Pts',(3.5251215723384,3.21592762224137,73.42231904332));
#12261=CARTESIAN_POINT('Ctrl Pts',(3.85413292245985,3.63407997855336,-35.42231904332));
#12262=CARTESIAN_POINT('Ctrl Pts',(3.85413292245985,3.63407997855336,73.42231904332));
#12263=CARTESIAN_POINT('Ctrl Pts',(3.85413292245985,4.02792115135884,-35.42231904332));
#12264=CARTESIAN_POINT('Ctrl Pts',(3.85413292245985,4.02792115135884,73.42231904332));
#12265=CARTESIAN_POINT('',(3.85413292245985,4.02792115135884,19.));
#12266=CARTESIAN_POINT('',(3.85413292245985,4.02792115135884,-35.42231904332));
#12267=CARTESIAN_POINT('Ctrl Pts',(3.24797408036417,3.21592762224137,19.));
#12268=CARTESIAN_POINT('Ctrl Pts',(3.5251215723384,3.21592762224137,19.));
#12269=CARTESIAN_POINT('Ctrl Pts',(3.85413292245985,3.63407997855336,19.));
#12270=CARTESIAN_POINT('Ctrl Pts',(3.85413292245985,4.02792115135884,19.));
#12271=CARTESIAN_POINT('Origin',(-4.33063219139892,4.00036847671813,-35.42231904332));
#12272=CARTESIAN_POINT('',(-4.33063219139892,4.00036847671813,19.));
#12273=CARTESIAN_POINT('',(-4.33063219139892,4.00036847671813,-35.42231904332));
#12274=CARTESIAN_POINT('',(-4.33063219139892,4.7977752957317,19.));
#12275=CARTESIAN_POINT('',(-4.33063219139892,2.00018423835906,19.));
#12276=CARTESIAN_POINT('',(-4.33063219139892,4.7977752957317,-35.42231904332));
#12277=CARTESIAN_POINT('Origin',(-4.14910868788364,4.00036847671813,-35.42231904332));
#12278=CARTESIAN_POINT('',(-4.14910868788364,4.00036847671813,19.));
#12279=CARTESIAN_POINT('',(-4.14910868788364,4.00036847671813,-35.42231904332));
#12280=CARTESIAN_POINT('',(-2.07455434394182,4.00036847671813,19.));
#12281=CARTESIAN_POINT('Ctrl Pts',(-4.14910868788364,4.00036847671813,-35.42231904332));
#12282=CARTESIAN_POINT('Ctrl Pts',(-4.14910868788364,4.00036847671813,73.42231904332));
#12283=CARTESIAN_POINT('Ctrl Pts',(-3.98703413117357,4.00036847671813,-35.42231904332));
#12284=CARTESIAN_POINT('Ctrl Pts',(-3.98703413117357,4.00036847671813,73.42231904332));
#12285=CARTESIAN_POINT('Ctrl Pts',(-3.78768242642017,4.05223233486535,-35.42231904332));
#12286=CARTESIAN_POINT('Ctrl Pts',(-3.78768242642017,4.05223233486535,73.42231904332));
#12287=CARTESIAN_POINT('Ctrl Pts',(-3.72285260373614,4.12030364868359,-35.42231904332));
#12288=CARTESIAN_POINT('Ctrl Pts',(-3.72285260373614,4.12030364868359,73.42231904332));
#12289=CARTESIAN_POINT('',(-3.72285260373614,4.12030364868359,19.));
#12290=CARTESIAN_POINT('',(-3.72285260373614,4.12030364868359,-35.42231904332));
#12291=CARTESIAN_POINT('Ctrl Pts',(-4.14910868788364,4.00036847671813,19.));
#12292=CARTESIAN_POINT('Ctrl Pts',(-3.98703413117357,4.00036847671813,19.));
#12293=CARTESIAN_POINT('Ctrl Pts',(-3.78768242642017,4.05223233486535,19.));
#12294=CARTESIAN_POINT('Ctrl Pts',(-3.72285260373614,4.12030364868359,19.));
#12295=CARTESIAN_POINT('Ctrl Pts',(-3.72285260373614,4.12030364868359,-35.42231904332));
#12296=CARTESIAN_POINT('Ctrl Pts',(-3.72285260373614,4.12030364868359,73.42231904332));
#12297=CARTESIAN_POINT('Ctrl Pts',(-3.66288501775342,4.18027123466631,-35.42231904332));
#12298=CARTESIAN_POINT('Ctrl Pts',(-3.66288501775342,4.18027123466631,73.42231904332));
#12299=CARTESIAN_POINT('Ctrl Pts',(-3.60940041403909,4.32127609900408,-35.42231904332));
#12300=CARTESIAN_POINT('Ctrl Pts',(-3.60940041403909,4.32127609900408,73.42231904332));
#12301=CARTESIAN_POINT('Ctrl Pts',(-3.60940041403909,4.41690008746302,-35.42231904332));
#12302=CARTESIAN_POINT('Ctrl Pts',(-3.60940041403909,4.41690008746302,73.42231904332));
#12303=CARTESIAN_POINT('',(-3.60940041403909,4.41690008746302,19.));
#12304=CARTESIAN_POINT('',(-3.60940041403909,4.41690008746302,-35.42231904332));
#12305=CARTESIAN_POINT('Ctrl Pts',(-3.72285260373614,4.12030364868359,19.));
#12306=CARTESIAN_POINT('Ctrl Pts',(-3.66288501775342,4.18027123466631,19.));
#12307=CARTESIAN_POINT('Ctrl Pts',(-3.60940041403909,4.32127609900408,19.));
#12308=CARTESIAN_POINT('Ctrl Pts',(-3.60940041403909,4.41690008746302,19.));
#12309=CARTESIAN_POINT('Ctrl Pts',(-1.15599685153853,7.68777380985842,-35.42231904332));
#12310=CARTESIAN_POINT('Ctrl Pts',(-1.15599685153853,7.68777380985842,73.42231904332));
#12311=CARTESIAN_POINT('Ctrl Pts',(-1.22747173282277,7.59587753392154,-35.42231904332));
#12312=CARTESIAN_POINT('Ctrl Pts',(-1.22747173282277,7.59587753392154,73.42231904332));
#12313=CARTESIAN_POINT('Ctrl Pts',(-1.30332262724686,7.31873003506428,-35.42231904332));
#12314=CARTESIAN_POINT('Ctrl Pts',(-1.30332262724686,7.31873003506428,73.42231904332));
#12315=CARTESIAN_POINT('Ctrl Pts',(-1.30332262724686,7.14368950947022,-35.42231904332));
#12316=CARTESIAN_POINT('Ctrl Pts',(-1.30332262724686,7.14368950947022,73.42231904332));
#12317=CARTESIAN_POINT('',(-1.30332262724686,7.14368950947022,19.));
#12318=CARTESIAN_POINT('',(-1.30332262724686,7.14368950947022,-35.42231904332));
#12319=CARTESIAN_POINT('',(-1.15599685153853,7.68777380985843,19.));
#12320=CARTESIAN_POINT('Ctrl Pts',(-1.15599685153853,7.68777380985842,19.));
#12321=CARTESIAN_POINT('Ctrl Pts',(-1.22747173282277,7.59587753392154,19.));
#12322=CARTESIAN_POINT('Ctrl Pts',(-1.30332262724686,7.31873003506428,19.));
#12323=CARTESIAN_POINT('Ctrl Pts',(-1.30332262724686,7.14368950947022,19.));
#12324=CARTESIAN_POINT('',(-1.15599685153853,7.68777380985843,-35.42231904332));
#12325=CARTESIAN_POINT('Ctrl Pts',(-1.30332262724686,7.14368950947022,-35.42231904332));
#12326=CARTESIAN_POINT('Ctrl Pts',(-1.30332262724686,7.14368950947022,73.42231904332));
#12327=CARTESIAN_POINT('Ctrl Pts',(-1.30332262724686,6.78923244514225,-35.42231904332));
#12328=CARTESIAN_POINT('Ctrl Pts',(-1.30332262724686,6.78923244514225,73.42231904332));
#12329=CARTESIAN_POINT('Ctrl Pts',(-1.00575373373696,6.41289531511503,-35.42231904332));
#12330=CARTESIAN_POINT('Ctrl Pts',(-1.00575373373696,6.41289531511503,73.42231904332));
#12331=CARTESIAN_POINT('Ctrl Pts',(-0.756320984765426,6.41289531511503,
-35.42231904332));
#12332=CARTESIAN_POINT('Ctrl Pts',(-0.756320984765426,6.41289531511503,
73.42231904332));
#12333=CARTESIAN_POINT('',(-0.756320984765426,6.41289531511503,19.));
#12334=CARTESIAN_POINT('',(-0.756320984765426,6.41289531511503,-35.42231904332));
#12335=CARTESIAN_POINT('Ctrl Pts',(-1.30332262724686,7.14368950947022,19.));
#12336=CARTESIAN_POINT('Ctrl Pts',(-1.30332262724686,6.78923244514225,19.));
#12337=CARTESIAN_POINT('Ctrl Pts',(-1.00575373373696,6.41289531511503,19.));
#12338=CARTESIAN_POINT('Ctrl Pts',(-0.756320984765426,6.41289531511503,
19.));
#12339=CARTESIAN_POINT('Ctrl Pts',(-0.756320984765426,6.41289531511503,
-35.42231904332));
#12340=CARTESIAN_POINT('Ctrl Pts',(-0.756320984765426,6.41289531511503,
73.42231904332));
#12341=CARTESIAN_POINT('Ctrl Pts',(-0.506888235793892,6.41289531511503,
-35.42231904332));
#12342=CARTESIAN_POINT('Ctrl Pts',(-0.506888235793892,6.41289531511503,
73.42231904332));
#12343=CARTESIAN_POINT('Ctrl Pts',(-0.210778013330609,6.78923244514225,
-35.42231904332));
#12344=CARTESIAN_POINT('Ctrl Pts',(-0.210778013330609,6.78923244514225,
73.42231904332));
#12345=CARTESIAN_POINT('Ctrl Pts',(-0.210778013330609,7.14368950947022,
-35.42231904332));
#12346=CARTESIAN_POINT('Ctrl Pts',(-0.210778013330609,7.14368950947022,
73.42231904332));
#12347=CARTESIAN_POINT('',(-0.210778013330609,7.14368950947022,19.));
#12348=CARTESIAN_POINT('',(-0.210778013330609,7.14368950947022,-35.42231904332));
#12349=CARTESIAN_POINT('Ctrl Pts',(-0.756320984765426,6.41289531511503,
19.));
#12350=CARTESIAN_POINT('Ctrl Pts',(-0.506888235793892,6.41289531511503,
19.));
#12351=CARTESIAN_POINT('Ctrl Pts',(-0.210778013330609,6.78923244514225,
19.));
#12352=CARTESIAN_POINT('Ctrl Pts',(-0.210778013330609,7.14368950947022,
19.));
#12353=CARTESIAN_POINT('Origin',(-2.74740696339785,7.15973489098301,-35.42231904332));
#12354=CARTESIAN_POINT('',(-2.74740696339785,7.15973489098301,19.));
#12355=CARTESIAN_POINT('',(-2.74740696339785,7.15973489098301,-35.42231904332));
#12356=CARTESIAN_POINT('',(-2.74740696339785,7.83655825661338,19.));
#12357=CARTESIAN_POINT('',(-2.74740696339785,3.57986744549151,19.));
#12358=CARTESIAN_POINT('',(-2.74740696339785,7.83655825661338,-35.42231904332));
#12359=CARTESIAN_POINT('Origin',(-2.53735833268498,7.15973489098301,-35.42231904332));
#12360=CARTESIAN_POINT('',(-2.53735833268498,7.15973489098301,19.));
#12361=CARTESIAN_POINT('',(-2.53735833268498,7.15973489098301,-35.42231904332));
#12362=CARTESIAN_POINT('',(-1.26867916634249,7.15973489098301,19.));
#12363=CARTESIAN_POINT('Ctrl Pts',(-2.53735833268498,7.15973489098301,-35.42231904332));
#12364=CARTESIAN_POINT('Ctrl Pts',(-2.53735833268498,7.15973489098301,73.42231904332));
#12365=CARTESIAN_POINT('Ctrl Pts',(-2.43379268837516,7.15973489098301,-35.42231904332));
#12366=CARTESIAN_POINT('Ctrl Pts',(-2.43379268837516,7.15973489098301,73.42231904332));
#12367=CARTESIAN_POINT('Ctrl Pts',(-2.26896286010742,7.19620166714844,-35.42231904332));
#12368=CARTESIAN_POINT('Ctrl Pts',(-2.26896286010742,7.19620166714844,73.42231904332));
#12369=CARTESIAN_POINT('Ctrl Pts',(-2.21207468928935,7.25308983796651,-35.42231904332));
#12370=CARTESIAN_POINT('Ctrl Pts',(-2.21207468928935,7.25308983796651,73.42231904332));
#12371=CARTESIAN_POINT('',(-2.21207468928935,7.25308983796651,19.));
#12372=CARTESIAN_POINT('',(-2.21207468928935,7.25308983796651,-35.42231904332));
#12373=CARTESIAN_POINT('Ctrl Pts',(-2.53735833268498,7.15973489098301,19.));
#12374=CARTESIAN_POINT('Ctrl Pts',(-2.43379268837516,7.15973489098301,19.));
#12375=CARTESIAN_POINT('Ctrl Pts',(-2.26896286010742,7.19620166714844,19.));
#12376=CARTESIAN_POINT('Ctrl Pts',(-2.21207468928935,7.25308983796651,19.));
#12377=CARTESIAN_POINT('Ctrl Pts',(-2.21207468928935,7.25308983796651,-35.42231904332));
#12378=CARTESIAN_POINT('Ctrl Pts',(-2.21207468928935,7.25308983796651,73.42231904332));
#12379=CARTESIAN_POINT('Ctrl Pts',(-2.15956253161113,7.30268465355149,-35.42231904332));
#12380=CARTESIAN_POINT('Ctrl Pts',(-2.15956253161113,7.30268465355149,73.42231904332));
#12381=CARTESIAN_POINT('Ctrl Pts',(-2.10996771602615,7.44271707402674,-35.42231904332));
#12382=CARTESIAN_POINT('Ctrl Pts',(-2.10996771602615,7.44271707402674,73.42231904332));
#12383=CARTESIAN_POINT('Ctrl Pts',(-2.10996771602615,7.53607202101024,-35.42231904332));
#12384=CARTESIAN_POINT('Ctrl Pts',(-2.10996771602615,7.53607202101024,73.42231904332));
#12385=CARTESIAN_POINT('',(-2.10996771602615,7.53607202101024,19.));
#12386=CARTESIAN_POINT('',(-2.10996771602615,7.53607202101024,-35.42231904332));
#12387=CARTESIAN_POINT('Ctrl Pts',(-2.21207468928935,7.25308983796651,19.));
#12388=CARTESIAN_POINT('Ctrl Pts',(-2.15956253161113,7.30268465355149,19.));
#12389=CARTESIAN_POINT('Ctrl Pts',(-2.10996771602615,7.44271707402674,19.));
#12390=CARTESIAN_POINT('Ctrl Pts',(-2.10996771602615,7.53607202101024,19.));
#12391=CARTESIAN_POINT('Origin',(0.,0.,-35.42231904332));
#12392=CARTESIAN_POINT('',(13.25,-1.62265700887024E-15,19.));
#12393=CARTESIAN_POINT('',(13.25,1.62265700887024E-15,-35.42231904332));
#12394=CARTESIAN_POINT('Origin',(0.,0.,19.));
#12395=CARTESIAN_POINT('Origin',(2.42220385606904,-1.78811893129619,-35.42231904332));
#12396=CARTESIAN_POINT('',(2.62479705195663,-1.78811893129619,19.));
#12397=CARTESIAN_POINT('',(1.21110192803452,-1.78811893129619,19.));
#12398=CARTESIAN_POINT('',(2.62479705195663,-1.78811893129619,-35.42231904332));
#12399=CARTESIAN_POINT('Ctrl Pts',(3.15316010683147,-1.90805410326165,-35.42231904332));
#12400=CARTESIAN_POINT('Ctrl Pts',(3.15316010683147,-1.90805410326165,73.42231904332));
#12401=CARTESIAN_POINT('Ctrl Pts',(3.04619089940283,-1.84484502614472,-35.42231904332));
#12402=CARTESIAN_POINT('Ctrl Pts',(3.04619089940283,-1.84484502614472,73.42231904332));
#12403=CARTESIAN_POINT('Ctrl Pts',(2.80469980990481,-1.78811893129619,-35.42231904332));
#12404=CARTESIAN_POINT('Ctrl Pts',(2.80469980990481,-1.78811893129619,73.42231904332));
#12405=CARTESIAN_POINT('Ctrl Pts',(2.62479705195663,-1.78811893129619,-35.42231904332));
#12406=CARTESIAN_POINT('Ctrl Pts',(2.62479705195663,-1.78811893129619,73.42231904332));
#12407=CARTESIAN_POINT('',(3.15316010683147,-1.90805410326165,19.));
#12408=CARTESIAN_POINT('Ctrl Pts',(3.15316010683147,-1.90805410326165,19.));
#12409=CARTESIAN_POINT('Ctrl Pts',(3.04619089940283,-1.84484502614472,19.));
#12410=CARTESIAN_POINT('Ctrl Pts',(2.80469980990481,-1.78811893129619,19.));
#12411=CARTESIAN_POINT('Ctrl Pts',(2.62479705195663,-1.78811893129619,19.));
#12412=CARTESIAN_POINT('',(3.15316010683147,-1.90805410326165,-35.42231904332));
#12413=CARTESIAN_POINT('Ctrl Pts',(3.45623952787931,-2.55635233010195,-35.42231904332));
#12414=CARTESIAN_POINT('Ctrl Pts',(3.45623952787931,-2.55635233010195,73.42231904332));
#12415=CARTESIAN_POINT('Ctrl Pts',(3.45623952787931,-2.32620645957364,-35.42231904332));
#12416=CARTESIAN_POINT('Ctrl Pts',(3.45623952787931,-2.32620645957364,73.42231904332));
#12417=CARTESIAN_POINT('Ctrl Pts',(3.30388944457184,-2.00043660058639,-35.42231904332));
#12418=CARTESIAN_POINT('Ctrl Pts',(3.30388944457184,-2.00043660058639,73.42231904332));
#12419=CARTESIAN_POINT('Ctrl Pts',(3.15316010683147,-1.90805410326165,-35.42231904332));
#12420=CARTESIAN_POINT('Ctrl Pts',(3.15316010683147,-1.90805410326165,73.42231904332));
#12421=CARTESIAN_POINT('Ctrl Pts',(3.45623952787931,-2.55635233010195,19.));
#12422=CARTESIAN_POINT('Ctrl Pts',(3.45623952787931,-2.32620645957364,19.));
#12423=CARTESIAN_POINT('Ctrl Pts',(3.30388944457184,-2.00043660058639,19.));
#12424=CARTESIAN_POINT('Ctrl Pts',(3.15316010683147,-1.90805410326165,19.));
#12425=CARTESIAN_POINT('Ctrl Pts',(4.92463502459337,1.58262396943859,-35.42231904332));
#12426=CARTESIAN_POINT('Ctrl Pts',(4.92463502459337,1.58262396943859,73.42231904332));
#12427=CARTESIAN_POINT('Ctrl Pts',(4.7787679235543,1.58262396943859,-35.42231904332));
#12428=CARTESIAN_POINT('Ctrl Pts',(4.7787679235543,1.58262396943859,73.42231904332));
#12429=CARTESIAN_POINT('Ctrl Pts',(4.59238218333772,1.42217015829561,-35.42231904332));
#12430=CARTESIAN_POINT('Ctrl Pts',(4.59238218333772,1.42217015829561,73.42231904332));
#12431=CARTESIAN_POINT('Ctrl Pts',(4.59238218333772,1.28440678509205,-35.42231904332));
#12432=CARTESIAN_POINT('Ctrl Pts',(4.59238218333772,1.28440678509205,73.42231904332));
#12433=CARTESIAN_POINT('',(4.92463502459337,1.58262396943859,19.));
#12434=CARTESIAN_POINT('Ctrl Pts',(4.92463502459337,1.58262396943859,19.));
#12435=CARTESIAN_POINT('Ctrl Pts',(4.7787679235543,1.58262396943859,19.));
#12436=CARTESIAN_POINT('Ctrl Pts',(4.59238218333772,1.42217015829561,19.));
#12437=CARTESIAN_POINT('Ctrl Pts',(4.59238218333772,1.28440678509205,19.));
#12438=CARTESIAN_POINT('',(4.92463502459337,1.58262396943859,-35.42231904332));
#12439=CARTESIAN_POINT('Ctrl Pts',(5.26499159368453,1.26819932942104,-35.42231904332));
#12440=CARTESIAN_POINT('Ctrl Pts',(5.26499159368453,1.26819932942104,73.42231904332));
#12441=CARTESIAN_POINT('Ctrl Pts',(5.26499159368453,1.4027212114904,-35.42231904332));
#12442=CARTESIAN_POINT('Ctrl Pts',(5.26499159368453,1.4027212114904,73.42231904332));
#12443=CARTESIAN_POINT('Ctrl Pts',(5.08508883573634,1.58262396943859,-35.42231904332));
#12444=CARTESIAN_POINT('Ctrl Pts',(5.08508883573634,1.58262396943859,73.42231904332));
#12445=CARTESIAN_POINT('Ctrl Pts',(4.92463502459337,1.58262396943859,-35.42231904332));
#12446=CARTESIAN_POINT('Ctrl Pts',(4.92463502459337,1.58262396943859,73.42231904332));
#12447=CARTESIAN_POINT('Ctrl Pts',(5.26499159368453,1.26819932942104,19.));
#12448=CARTESIAN_POINT('Ctrl Pts',(5.26499159368453,1.4027212114904,19.));
#12449=CARTESIAN_POINT('Ctrl Pts',(5.08508883573634,1.58262396943859,19.));
#12450=CARTESIAN_POINT('Ctrl Pts',(4.92463502459337,1.58262396943859,19.));
#12451=CARTESIAN_POINT('Ctrl Pts',(5.06726063449824,0.610176629178139,-35.42231904332));
#12452=CARTESIAN_POINT('Ctrl Pts',(5.06726063449824,0.610176629178139,73.42231904332));
#12453=CARTESIAN_POINT('Ctrl Pts',(5.02187975861942,0.636108558251751,-35.42231904332));
#12454=CARTESIAN_POINT('Ctrl Pts',(5.02187975861942,0.636108558251751,73.42231904332));
#12455=CARTESIAN_POINT('Ctrl Pts',(4.86952967531195,0.696076144234479,-35.42231904332));
#12456=CARTESIAN_POINT('Ctrl Pts',(4.86952967531195,0.696076144234479,73.42231904332));
#12457=CARTESIAN_POINT('Ctrl Pts',(4.773905686853,0.734974037844897,-35.42231904332));
#12458=CARTESIAN_POINT('Ctrl Pts',(4.773905686853,0.734974037844897,73.42231904332));
#12459=CARTESIAN_POINT('',(5.06726063449824,0.610176629178139,19.));
#12460=CARTESIAN_POINT('Ctrl Pts',(5.06726063449824,0.610176629178139,19.));
#12461=CARTESIAN_POINT('Ctrl Pts',(5.02187975861942,0.636108558251751,19.));
#12462=CARTESIAN_POINT('Ctrl Pts',(4.86952967531195,0.696076144234479,19.));
#12463=CARTESIAN_POINT('Ctrl Pts',(4.773905686853,0.734974037844897,19.));
#12464=CARTESIAN_POINT('',(5.06726063449824,0.610176629178139,-35.42231904332));
#12465=CARTESIAN_POINT('Ctrl Pts',(5.30226874172785,0.266578568952781,-35.42231904332));
#12466=CARTESIAN_POINT('Ctrl Pts',(5.30226874172785,0.266578568952781,73.42231904332));
#12467=CARTESIAN_POINT('Ctrl Pts',(5.30226874172785,0.389755232052437,-35.42231904332));
#12468=CARTESIAN_POINT('Ctrl Pts',(5.30226874172785,0.389755232052437,73.42231904332));
#12469=CARTESIAN_POINT('Ctrl Pts',(5.2050240077018,0.535622333091505,-35.42231904332));
#12470=CARTESIAN_POINT('Ctrl Pts',(5.2050240077018,0.535622333091505,73.42231904332));
#12471=CARTESIAN_POINT('Ctrl Pts',(5.06726063449824,0.610176629178139,-35.42231904332));
#12472=CARTESIAN_POINT('Ctrl Pts',(5.06726063449824,0.610176629178139,73.42231904332));
#12473=CARTESIAN_POINT('Ctrl Pts',(5.30226874172785,0.266578568952781,19.));
#12474=CARTESIAN_POINT('Ctrl Pts',(5.30226874172785,0.389755232052437,19.));
#12475=CARTESIAN_POINT('Ctrl Pts',(5.2050240077018,0.535622333091505,19.));
#12476=CARTESIAN_POINT('Ctrl Pts',(5.06726063449824,0.610176629178139,19.));
#12477=CARTESIAN_POINT('Origin',(3.61183111524177,1.41892866716141,-35.42231904332));
#12478=CARTESIAN_POINT('',(3.61183111524177,0.709464333580706,19.));
#12479=CARTESIAN_POINT('Origin',(-2.20664547064992,1.50806967335195,-35.42231904332));
#12480=CARTESIAN_POINT('',(-1.9521884166151,1.50806967335195,19.));
#12481=CARTESIAN_POINT('',(-1.10332273532496,1.50806967335195,19.));
#12482=CARTESIAN_POINT('',(-1.9521884166151,1.50806967335195,-35.42231904332));
#12483=CARTESIAN_POINT('Ctrl Pts',(-1.58914140958453,1.45620581520473,-35.42231904332));
#12484=CARTESIAN_POINT('Ctrl Pts',(-1.58914140958453,1.45620581520473,73.42231904332));
#12485=CARTESIAN_POINT('Ctrl Pts',(-1.65397123226856,1.49186221768095,-35.42231904332));
#12486=CARTESIAN_POINT('Ctrl Pts',(-1.65397123226856,1.49186221768095,73.42231904332));
#12487=CARTESIAN_POINT('Ctrl Pts',(-1.81118355227734,1.50806967335195,-35.42231904332));
#12488=CARTESIAN_POINT('Ctrl Pts',(-1.81118355227734,1.50806967335195,73.42231904332));
#12489=CARTESIAN_POINT('Ctrl Pts',(-1.9521884166151,1.50806967335195,-35.42231904332));
#12490=CARTESIAN_POINT('Ctrl Pts',(-1.9521884166151,1.50806967335195,73.42231904332));
#12491=CARTESIAN_POINT('',(-1.58914140958453,1.45620581520473,19.));
#12492=CARTESIAN_POINT('Ctrl Pts',(-1.58914140958453,1.45620581520473,19.));
#12493=CARTESIAN_POINT('Ctrl Pts',(-1.65397123226856,1.49186221768095,19.));
#12494=CARTESIAN_POINT('Ctrl Pts',(-1.81118355227734,1.50806967335195,19.));
#12495=CARTESIAN_POINT('Ctrl Pts',(-1.9521884166151,1.50806967335195,19.));
#12496=CARTESIAN_POINT('',(-1.58914140958453,1.45620581520473,-35.42231904332));
#12497=CARTESIAN_POINT('Ctrl Pts',(-1.48703443885719,1.24712963704873,-35.42231904332));
#12498=CARTESIAN_POINT('Ctrl Pts',(-1.48703443885719,1.24712963704873,73.42231904332));
#12499=CARTESIAN_POINT('Ctrl Pts',(-1.48703443885719,1.31844244200117,-35.42231904332));
#12500=CARTESIAN_POINT('Ctrl Pts',(-1.48703443885719,1.31844244200117,73.42231904332));
#12501=CARTESIAN_POINT('Ctrl Pts',(-1.53565680587021,1.42541164942982,-35.42231904332));
#12502=CARTESIAN_POINT('Ctrl Pts',(-1.53565680587021,1.42541164942982,73.42231904332));
#12503=CARTESIAN_POINT('Ctrl Pts',(-1.58914140958453,1.45620581520473,-35.42231904332));
#12504=CARTESIAN_POINT('Ctrl Pts',(-1.58914140958453,1.45620581520473,73.42231904332));
#12505=CARTESIAN_POINT('Ctrl Pts',(-1.48703443885719,1.24712963704873,19.));
#12506=CARTESIAN_POINT('Ctrl Pts',(-1.48703443885719,1.31844244200117,19.));
#12507=CARTESIAN_POINT('Ctrl Pts',(-1.53565680587021,1.42541164942982,19.));
#12508=CARTESIAN_POINT('Ctrl Pts',(-1.58914140958453,1.45620581520473,19.));
#12509=CARTESIAN_POINT('Origin',(-2.20664547064992,0.700938380935781,-35.42231904332));
#12510=CARTESIAN_POINT('',(-1.90518679516918,0.700938380935781,19.));
#12511=CARTESIAN_POINT('',(-1.10332273532496,0.700938380935781,19.));
#12512=CARTESIAN_POINT('',(-1.90518679516918,0.700938380935781,-35.42231904332));
#12513=CARTESIAN_POINT('Ctrl Pts',(-1.55510575267542,0.649074522788557,
-35.42231904332));
#12514=CARTESIAN_POINT('Ctrl Pts',(-1.55510575267542,0.649074522788557,
73.42231904332));
#12515=CARTESIAN_POINT('Ctrl Pts',(-1.61831482979235,0.681489434130572,
-35.42231904332));
#12516=CARTESIAN_POINT('Ctrl Pts',(-1.61831482979235,0.681489434130572,
73.42231904332));
#12517=CARTESIAN_POINT('Ctrl Pts',(-1.76742342196562,0.700938380935781,
-35.42231904332));
#12518=CARTESIAN_POINT('Ctrl Pts',(-1.76742342196562,0.700938380935781,
73.42231904332));
#12519=CARTESIAN_POINT('Ctrl Pts',(-1.90518679516918,0.700938380935781,
-35.42231904332));
#12520=CARTESIAN_POINT('Ctrl Pts',(-1.90518679516918,0.700938380935781,
73.42231904332));
#12521=CARTESIAN_POINT('',(-1.55510575267542,0.649074522788557,19.));
#12522=CARTESIAN_POINT('Ctrl Pts',(-1.55510575267542,0.649074522788557,
19.));
#12523=CARTESIAN_POINT('Ctrl Pts',(-1.61831482979235,0.681489434130572,
19.));
#12524=CARTESIAN_POINT('Ctrl Pts',(-1.76742342196562,0.700938380935781,
19.));
#12525=CARTESIAN_POINT('Ctrl Pts',(-1.90518679516918,0.700938380935781,
19.));
#12526=CARTESIAN_POINT('',(-1.55510575267542,0.649074522788557,-35.42231904332));
#12527=CARTESIAN_POINT('Ctrl Pts',(-1.39303119596534,0.337891373905213,
-35.42231904332));
#12528=CARTESIAN_POINT('Ctrl Pts',(-1.39303119596534,0.337891373905213,
73.42231904332));
#12529=CARTESIAN_POINT('Ctrl Pts',(-1.39303119596534,0.451343563602266,
-35.42231904332));
#12530=CARTESIAN_POINT('Ctrl Pts',(-1.39303119596534,0.451343563602266,
73.42231904332));
#12531=CARTESIAN_POINT('Ctrl Pts',(-1.45786101864937,0.597210664641333,
-35.42231904332));
#12532=CARTESIAN_POINT('Ctrl Pts',(-1.45786101864937,0.597210664641333,
73.42231904332));
#12533=CARTESIAN_POINT('Ctrl Pts',(-1.55510575267542,0.649074522788557,
-35.42231904332));
#12534=CARTESIAN_POINT('Ctrl Pts',(-1.55510575267542,0.649074522788557,
73.42231904332));
#12535=CARTESIAN_POINT('Ctrl Pts',(-1.39303119596534,0.337891373905213,
19.));
#12536=CARTESIAN_POINT('Ctrl Pts',(-1.39303119596534,0.451343563602266,
19.));
#12537=CARTESIAN_POINT('Ctrl Pts',(-1.45786101864937,0.597210664641333,
19.));
#12538=CARTESIAN_POINT('Ctrl Pts',(-1.55510575267542,0.649074522788557,
19.));
#12539=CARTESIAN_POINT('Ctrl Pts',(-3.42706688267678,1.58262396943859,-35.42231904332));
#12540=CARTESIAN_POINT('Ctrl Pts',(-3.42706688267678,1.58262396943859,73.42231904332));
#12541=CARTESIAN_POINT('Ctrl Pts',(-3.57293398371585,1.58262396943859,-35.42231904332));
#12542=CARTESIAN_POINT('Ctrl Pts',(-3.57293398371585,1.58262396943859,73.42231904332));
#12543=CARTESIAN_POINT('Ctrl Pts',(-3.75931972393244,1.42217015829561,-35.42231904332));
#12544=CARTESIAN_POINT('Ctrl Pts',(-3.75931972393244,1.42217015829561,73.42231904332));
#12545=CARTESIAN_POINT('Ctrl Pts',(-3.75931972393244,1.28440678509205,-35.42231904332));
#12546=CARTESIAN_POINT('Ctrl Pts',(-3.75931972393244,1.28440678509205,73.42231904332));
#12547=CARTESIAN_POINT('',(-3.42706688267678,1.58262396943859,19.));
#12548=CARTESIAN_POINT('Ctrl Pts',(-3.42706688267678,1.58262396943859,19.));
#12549=CARTESIAN_POINT('Ctrl Pts',(-3.57293398371585,1.58262396943859,19.));
#12550=CARTESIAN_POINT('Ctrl Pts',(-3.75931972393244,1.42217015829561,19.));
#12551=CARTESIAN_POINT('Ctrl Pts',(-3.75931972393244,1.28440678509205,19.));
#12552=CARTESIAN_POINT('',(-3.42706688267678,1.58262396943859,-35.42231904332));
#12553=CARTESIAN_POINT('Ctrl Pts',(-3.08671031358563,1.26819932942104,-35.42231904332));
#12554=CARTESIAN_POINT('Ctrl Pts',(-3.08671031358563,1.26819932942104,73.42231904332));
#12555=CARTESIAN_POINT('Ctrl Pts',(-3.08671031358563,1.4027212114904,-35.42231904332));
#12556=CARTESIAN_POINT('Ctrl Pts',(-3.08671031358563,1.4027212114904,73.42231904332));
#12557=CARTESIAN_POINT('Ctrl Pts',(-3.26661307153381,1.58262396943859,-35.42231904332));
#12558=CARTESIAN_POINT('Ctrl Pts',(-3.26661307153381,1.58262396943859,73.42231904332));
#12559=CARTESIAN_POINT('Ctrl Pts',(-3.42706688267678,1.58262396943859,-35.42231904332));
#12560=CARTESIAN_POINT('Ctrl Pts',(-3.42706688267678,1.58262396943859,73.42231904332));
#12561=CARTESIAN_POINT('Ctrl Pts',(-3.08671031358563,1.26819932942104,19.));
#12562=CARTESIAN_POINT('Ctrl Pts',(-3.08671031358563,1.4027212114904,19.));
#12563=CARTESIAN_POINT('Ctrl Pts',(-3.26661307153381,1.58262396943859,19.));
#12564=CARTESIAN_POINT('Ctrl Pts',(-3.42706688267678,1.58262396943859,19.));
#12565=CARTESIAN_POINT('Ctrl Pts',(-3.28444127277192,0.610176629178139,
-35.42231904332));
#12566=CARTESIAN_POINT('Ctrl Pts',(-3.28444127277192,0.610176629178139,
73.42231904332));
#12567=CARTESIAN_POINT('Ctrl Pts',(-3.32982214865074,0.636108558251751,
-35.42231904332));
#12568=CARTESIAN_POINT('Ctrl Pts',(-3.32982214865074,0.636108558251751,
73.42231904332));
#12569=CARTESIAN_POINT('Ctrl Pts',(-3.48217223195821,0.696076144234479,
-35.42231904332));
#12570=CARTESIAN_POINT('Ctrl Pts',(-3.48217223195821,0.696076144234479,
73.42231904332));
#12571=CARTESIAN_POINT('Ctrl Pts',(-3.57779622041715,0.734974037844897,
-35.42231904332));
#12572=CARTESIAN_POINT('Ctrl Pts',(-3.57779622041715,0.734974037844897,
73.42231904332));
#12573=CARTESIAN_POINT('',(-3.28444127277192,0.610176629178139,19.));
#12574=CARTESIAN_POINT('Ctrl Pts',(-3.28444127277192,0.610176629178139,
19.));
#12575=CARTESIAN_POINT('Ctrl Pts',(-3.32982214865074,0.636108558251751,
19.));
#12576=CARTESIAN_POINT('Ctrl Pts',(-3.48217223195821,0.696076144234479,
19.));
#12577=CARTESIAN_POINT('Ctrl Pts',(-3.57779622041715,0.734974037844897,
19.));
#12578=CARTESIAN_POINT('',(-3.28444127277192,0.610176629178139,-35.42231904332));
#12579=CARTESIAN_POINT('Ctrl Pts',(-3.04943316554231,0.266578568952781,
-35.42231904332));
#12580=CARTESIAN_POINT('Ctrl Pts',(-3.04943316554231,0.266578568952781,
73.42231904332));
#12581=CARTESIAN_POINT('Ctrl Pts',(-3.04943316554231,0.389755232052437,
-35.42231904332));
#12582=CARTESIAN_POINT('Ctrl Pts',(-3.04943316554231,0.389755232052437,
73.42231904332));
#12583=CARTESIAN_POINT('Ctrl Pts',(-3.14667789956835,0.535622333091505,
-35.42231904332));
#12584=CARTESIAN_POINT('Ctrl Pts',(-3.14667789956835,0.535622333091505,
73.42231904332));
#12585=CARTESIAN_POINT('Ctrl Pts',(-3.28444127277192,0.610176629178139,
-35.42231904332));
#12586=CARTESIAN_POINT('Ctrl Pts',(-3.28444127277192,0.610176629178139,
73.42231904332));
#12587=CARTESIAN_POINT('Ctrl Pts',(-3.04943316554231,0.266578568952781,
19.));
#12588=CARTESIAN_POINT('Ctrl Pts',(-3.04943316554231,0.389755232052437,
19.));
#12589=CARTESIAN_POINT('Ctrl Pts',(-3.14667789956835,0.535622333091505,
19.));
#12590=CARTESIAN_POINT('Ctrl Pts',(-3.28444127277192,0.610176629178139,
19.));
#12591=CARTESIAN_POINT('Origin',(8.24149117260157,4.7977752957317,-35.42231904332));
#12592=CARTESIAN_POINT('',(8.505672700039,4.7977752957317,19.));
#12593=CARTESIAN_POINT('',(4.12074558630079,4.7977752957317,19.));
#12594=CARTESIAN_POINT('',(8.505672700039,4.7977752957317,-35.42231904332));
#12595=CARTESIAN_POINT('Ctrl Pts',(8.82333883119074,4.72970398191347,-35.42231904332));
#12596=CARTESIAN_POINT('Ctrl Pts',(8.82333883119074,4.72970398191347,73.42231904332));
#12597=CARTESIAN_POINT('Ctrl Pts',(8.76661273634222,4.76698112995678,-35.42231904332));
#12598=CARTESIAN_POINT('Ctrl Pts',(8.76661273634222,4.76698112995678,73.42231904332));
#12599=CARTESIAN_POINT('Ctrl Pts',(8.61588339860185,4.7977752957317,-35.42231904332));
#12600=CARTESIAN_POINT('Ctrl Pts',(8.61588339860185,4.7977752957317,73.42231904332));
#12601=CARTESIAN_POINT('Ctrl Pts',(8.505672700039,4.7977752957317,-35.42231904332));
#12602=CARTESIAN_POINT('Ctrl Pts',(8.505672700039,4.7977752957317,73.42231904332));
#12603=CARTESIAN_POINT('',(8.82333883119074,4.72970398191347,19.));
#12604=CARTESIAN_POINT('Ctrl Pts',(8.82333883119074,4.72970398191347,19.));
#12605=CARTESIAN_POINT('Ctrl Pts',(8.76661273634222,4.76698112995678,19.));
#12606=CARTESIAN_POINT('Ctrl Pts',(8.61588339860185,4.7977752957317,19.));
#12607=CARTESIAN_POINT('Ctrl Pts',(8.505672700039,4.7977752957317,19.));
#12608=CARTESIAN_POINT('',(8.82333883119074,4.72970398191347,-35.42231904332));
#12609=CARTESIAN_POINT('Ctrl Pts',(8.9497569854246,4.46390170890894,-35.42231904332));
#12610=CARTESIAN_POINT('Ctrl Pts',(8.9497569854246,4.46390170890894,73.42231904332));
#12611=CARTESIAN_POINT('Ctrl Pts',(8.9497569854246,4.55142196953238,-35.42231904332));
#12612=CARTESIAN_POINT('Ctrl Pts',(8.9497569854246,4.55142196953238,73.42231904332));
#12613=CARTESIAN_POINT('Ctrl Pts',(8.88816865387477,4.68594385160175,-35.42231904332));
#12614=CARTESIAN_POINT('Ctrl Pts',(8.88816865387477,4.68594385160175,73.42231904332));
#12615=CARTESIAN_POINT('Ctrl Pts',(8.82333883119074,4.72970398191347,-35.42231904332));
#12616=CARTESIAN_POINT('Ctrl Pts',(8.82333883119074,4.72970398191347,73.42231904332));
#12617=CARTESIAN_POINT('Ctrl Pts',(8.9497569854246,4.46390170890894,19.));
#12618=CARTESIAN_POINT('Ctrl Pts',(8.9497569854246,4.55142196953238,19.));
#12619=CARTESIAN_POINT('Ctrl Pts',(8.88816865387477,4.68594385160175,19.));
#12620=CARTESIAN_POINT('Ctrl Pts',(8.82333883119074,4.72970398191347,19.));
#12621=CARTESIAN_POINT('Ctrl Pts',(6.80064836344901,4.83991468047632,-35.42231904332));
#12622=CARTESIAN_POINT('Ctrl Pts',(6.80064836344901,4.83991468047632,73.42231904332));
#12623=CARTESIAN_POINT('Ctrl Pts',(6.65640200797704,4.83991468047632,-35.42231904332));
#12624=CARTESIAN_POINT('Ctrl Pts',(6.65640200797704,4.83991468047632,73.42231904332));
#12625=CARTESIAN_POINT('Ctrl Pts',(6.43922210198554,4.73942845531607,-35.42231904332));
#12626=CARTESIAN_POINT('Ctrl Pts',(6.43922210198554,4.73942845531607,73.42231904332));
#12627=CARTESIAN_POINT('Ctrl Pts',(6.35656407806341,4.63245924788742,-35.42231904332));
#12628=CARTESIAN_POINT('Ctrl Pts',(6.35656407806341,4.63245924788742,73.42231904332));
#12629=CARTESIAN_POINT('',(6.80064836344901,4.83991468047632,19.));
#12630=CARTESIAN_POINT('Ctrl Pts',(6.80064836344901,4.83991468047632,19.));
#12631=CARTESIAN_POINT('Ctrl Pts',(6.65640200797704,4.83991468047632,19.));
#12632=CARTESIAN_POINT('Ctrl Pts',(6.43922210198554,4.73942845531607,19.));
#12633=CARTESIAN_POINT('Ctrl Pts',(6.35656407806341,4.63245924788742,19.));
#12634=CARTESIAN_POINT('',(6.80064836344901,4.83991468047632,-35.42231904332));
#12635=CARTESIAN_POINT('Ctrl Pts',(7.24311190326751,4.63245924788742,-35.42231904332));
#12636=CARTESIAN_POINT('Ctrl Pts',(7.24311190326751,4.63245924788742,73.42231904332));
#12637=CARTESIAN_POINT('Ctrl Pts',(7.16369537047958,4.73618696418187,-35.42231904332));
#12638=CARTESIAN_POINT('Ctrl Pts',(7.16369537047958,4.73618696418187,73.42231904332));
#12639=CARTESIAN_POINT('Ctrl Pts',(6.94003248221967,4.83991468047632,-35.42231904332));
#12640=CARTESIAN_POINT('Ctrl Pts',(6.94003248221967,4.83991468047632,73.42231904332));
#12641=CARTESIAN_POINT('Ctrl Pts',(6.80064836344901,4.83991468047632,-35.42231904332));
#12642=CARTESIAN_POINT('Ctrl Pts',(6.80064836344901,4.83991468047632,73.42231904332));
#12643=CARTESIAN_POINT('',(7.24311190326751,4.63245924788742,19.));
#12644=CARTESIAN_POINT('Ctrl Pts',(7.24311190326751,4.63245924788742,19.));
#12645=CARTESIAN_POINT('Ctrl Pts',(7.16369537047958,4.73618696418187,19.));
#12646=CARTESIAN_POINT('Ctrl Pts',(6.94003248221967,4.83991468047632,19.));
#12647=CARTESIAN_POINT('Ctrl Pts',(6.80064836344901,4.83991468047632,19.));
#12648=CARTESIAN_POINT('',(7.24311190326751,4.63245924788742,-35.42231904332));
#12649=CARTESIAN_POINT('Ctrl Pts',(7.40680720554469,4.02792115135884,-35.42231904332));
#12650=CARTESIAN_POINT('Ctrl Pts',(7.40680720554469,4.02792115135884,73.42231904332));
#12651=CARTESIAN_POINT('Ctrl Pts',(7.40680720554469,4.22565211054513,-35.42231904332));
#12652=CARTESIAN_POINT('Ctrl Pts',(7.40680720554469,4.22565211054513,73.42231904332));
#12653=CARTESIAN_POINT('Ctrl Pts',(7.32090769048835,4.53197302272718,-35.42231904332));
#12654=CARTESIAN_POINT('Ctrl Pts',(7.32090769048835,4.53197302272718,73.42231904332));
#12655=CARTESIAN_POINT('Ctrl Pts',(7.24311190326751,4.63245924788742,-35.42231904332));
#12656=CARTESIAN_POINT('Ctrl Pts',(7.24311190326751,4.63245924788742,73.42231904332));
#12657=CARTESIAN_POINT('Ctrl Pts',(7.40680720554469,4.02792115135884,19.));
#12658=CARTESIAN_POINT('Ctrl Pts',(7.40680720554469,4.22565211054513,19.));
#12659=CARTESIAN_POINT('Ctrl Pts',(7.32090769048835,4.53197302272718,19.));
#12660=CARTESIAN_POINT('Ctrl Pts',(7.24311190326751,4.63245924788742,19.));
#12661=CARTESIAN_POINT('Ctrl Pts',(3.24797408036417,4.83991468047632,-35.42231904332));
#12662=CARTESIAN_POINT('Ctrl Pts',(3.24797408036417,4.83991468047632,73.42231904332));
#12663=CARTESIAN_POINT('Ctrl Pts',(3.1037277248922,4.83991468047632,-35.42231904332));
#12664=CARTESIAN_POINT('Ctrl Pts',(3.1037277248922,4.83991468047632,73.42231904332));
#12665=CARTESIAN_POINT('Ctrl Pts',(2.8865478189007,4.73942845531607,-35.42231904332));
#12666=CARTESIAN_POINT('Ctrl Pts',(2.8865478189007,4.73942845531607,73.42231904332));
#12667=CARTESIAN_POINT('Ctrl Pts',(2.80388979497857,4.63245924788742,-35.42231904332));
#12668=CARTESIAN_POINT('Ctrl Pts',(2.80388979497857,4.63245924788742,73.42231904332));
#12669=CARTESIAN_POINT('',(3.24797408036417,4.83991468047632,19.));
#12670=CARTESIAN_POINT('Ctrl Pts',(3.24797408036417,4.83991468047632,19.));
#12671=CARTESIAN_POINT('Ctrl Pts',(3.1037277248922,4.83991468047632,19.));
#12672=CARTESIAN_POINT('Ctrl Pts',(2.8865478189007,4.73942845531607,19.));
#12673=CARTESIAN_POINT('Ctrl Pts',(2.80388979497857,4.63245924788742,19.));
#12674=CARTESIAN_POINT('',(3.24797408036417,4.83991468047632,-35.42231904332));
#12675=CARTESIAN_POINT('Ctrl Pts',(3.69043762018268,4.63245924788742,-35.42231904332));
#12676=CARTESIAN_POINT('Ctrl Pts',(3.69043762018268,4.63245924788742,73.42231904332));
#12677=CARTESIAN_POINT('Ctrl Pts',(3.61102108739474,4.73618696418187,-35.42231904332));
#12678=CARTESIAN_POINT('Ctrl Pts',(3.61102108739474,4.73618696418187,73.42231904332));
#12679=CARTESIAN_POINT('Ctrl Pts',(3.38735819913484,4.83991468047632,-35.42231904332));
#12680=CARTESIAN_POINT('Ctrl Pts',(3.38735819913484,4.83991468047632,73.42231904332));
#12681=CARTESIAN_POINT('Ctrl Pts',(3.24797408036417,4.83991468047632,-35.42231904332));
#12682=CARTESIAN_POINT('Ctrl Pts',(3.24797408036417,4.83991468047632,73.42231904332));
#12683=CARTESIAN_POINT('',(3.69043762018268,4.63245924788742,19.));
#12684=CARTESIAN_POINT('Ctrl Pts',(3.69043762018268,4.63245924788742,19.));
#12685=CARTESIAN_POINT('Ctrl Pts',(3.61102108739474,4.73618696418187,19.));
#12686=CARTESIAN_POINT('Ctrl Pts',(3.38735819913484,4.83991468047632,19.));
#12687=CARTESIAN_POINT('Ctrl Pts',(3.24797408036417,4.83991468047632,19.));
#12688=CARTESIAN_POINT('',(3.69043762018268,4.63245924788742,-35.42231904332));
#12689=CARTESIAN_POINT('Ctrl Pts',(3.85413292245985,4.02792115135884,-35.42231904332));
#12690=CARTESIAN_POINT('Ctrl Pts',(3.85413292245985,4.02792115135884,73.42231904332));
#12691=CARTESIAN_POINT('Ctrl Pts',(3.85413292245985,4.22565211054513,-35.42231904332));
#12692=CARTESIAN_POINT('Ctrl Pts',(3.85413292245985,4.22565211054513,73.42231904332));
#12693=CARTESIAN_POINT('Ctrl Pts',(3.76823340740351,4.53197302272718,-35.42231904332));
#12694=CARTESIAN_POINT('Ctrl Pts',(3.76823340740351,4.53197302272718,73.42231904332));
#12695=CARTESIAN_POINT('Ctrl Pts',(3.69043762018268,4.63245924788742,-35.42231904332));
#12696=CARTESIAN_POINT('Ctrl Pts',(3.69043762018268,4.63245924788742,73.42231904332));
#12697=CARTESIAN_POINT('Ctrl Pts',(3.85413292245985,4.02792115135884,19.));
#12698=CARTESIAN_POINT('Ctrl Pts',(3.85413292245985,4.22565211054513,19.));
#12699=CARTESIAN_POINT('Ctrl Pts',(3.76823340740351,4.53197302272718,19.));
#12700=CARTESIAN_POINT('Ctrl Pts',(3.69043762018268,4.63245924788742,19.));
#12701=CARTESIAN_POINT('Origin',(-4.33063219139892,4.7977752957317,-35.42231904332));
#12702=CARTESIAN_POINT('',(-4.11021079427322,4.7977752957317,19.));
#12703=CARTESIAN_POINT('',(-2.16531609569946,4.7977752957317,19.));
#12704=CARTESIAN_POINT('',(-4.11021079427322,4.7977752957317,-35.42231904332));
#12705=CARTESIAN_POINT('Ctrl Pts',(-3.75364676951106,4.72160025407796,-35.42231904332));
#12706=CARTESIAN_POINT('Ctrl Pts',(-3.75364676951106,4.72160025407796,73.42231904332));
#12707=CARTESIAN_POINT('Ctrl Pts',(-3.81685584662799,4.76373963882258,-35.42231904332));
#12708=CARTESIAN_POINT('Ctrl Pts',(-3.81685584662799,4.76373963882258,73.42231904332));
#12709=CARTESIAN_POINT('Ctrl Pts',(-3.98541338560647,4.7977752957317,-35.42231904332));
#12710=CARTESIAN_POINT('Ctrl Pts',(-3.98541338560647,4.7977752957317,73.42231904332));
#12711=CARTESIAN_POINT('Ctrl Pts',(-4.11021079427322,4.7977752957317,-35.42231904332));
#12712=CARTESIAN_POINT('Ctrl Pts',(-4.11021079427322,4.7977752957317,73.42231904332));
#12713=CARTESIAN_POINT('',(-3.75364676951106,4.72160025407796,19.));
#12714=CARTESIAN_POINT('Ctrl Pts',(-3.75364676951106,4.72160025407796,19.));
#12715=CARTESIAN_POINT('Ctrl Pts',(-3.81685584662799,4.76373963882258,19.));
#12716=CARTESIAN_POINT('Ctrl Pts',(-3.98541338560647,4.7977752957317,19.));
#12717=CARTESIAN_POINT('Ctrl Pts',(-4.11021079427322,4.7977752957317,19.));
#12718=CARTESIAN_POINT('',(-3.75364676951106,4.72160025407796,-35.42231904332));
#12719=CARTESIAN_POINT('Ctrl Pts',(-3.60940041403909,4.41690008746302,-35.42231904332));
#12720=CARTESIAN_POINT('Ctrl Pts',(-3.60940041403909,4.41690008746302,73.42231904332));
#12721=CARTESIAN_POINT('Ctrl Pts',(-3.60940041403909,4.52062780375747,-35.42231904332));
#12722=CARTESIAN_POINT('Ctrl Pts',(-3.60940041403909,4.52062780375747,73.42231904332));
#12723=CARTESIAN_POINT('Ctrl Pts',(-3.68071321899152,4.67297788706494,-35.42231904332));
#12724=CARTESIAN_POINT('Ctrl Pts',(-3.68071321899152,4.67297788706494,73.42231904332));
#12725=CARTESIAN_POINT('Ctrl Pts',(-3.75364676951106,4.72160025407796,-35.42231904332));
#12726=CARTESIAN_POINT('Ctrl Pts',(-3.75364676951106,4.72160025407796,73.42231904332));
#12727=CARTESIAN_POINT('Ctrl Pts',(-3.60940041403909,4.41690008746302,19.));
#12728=CARTESIAN_POINT('Ctrl Pts',(-3.60940041403909,4.52062780375747,19.));
#12729=CARTESIAN_POINT('Ctrl Pts',(-3.68071321899152,4.67297788706494,19.));
#12730=CARTESIAN_POINT('Ctrl Pts',(-3.75364676951106,4.72160025407796,19.));
#12731=CARTESIAN_POINT('Ctrl Pts',(-0.756320984765426,7.87448370382542,
-35.42231904332));
#12732=CARTESIAN_POINT('Ctrl Pts',(-0.756320984765426,7.87448370382542,
73.42231904332));
#12733=CARTESIAN_POINT('Ctrl Pts',(-0.886142707914353,7.87448370382542,
-35.42231904332));
#12734=CARTESIAN_POINT('Ctrl Pts',(-0.886142707914353,7.87448370382542,
73.42231904332));
#12735=CARTESIAN_POINT('Ctrl Pts',(-1.08160462816105,7.78404609893516,-35.42231904332));
#12736=CARTESIAN_POINT('Ctrl Pts',(-1.08160462816105,7.78404609893516,73.42231904332));
#12737=CARTESIAN_POINT('Ctrl Pts',(-1.15599685153853,7.68777380985842,-35.42231904332));
#12738=CARTESIAN_POINT('Ctrl Pts',(-1.15599685153853,7.68777380985842,73.42231904332));
#12739=CARTESIAN_POINT('',(-0.756320984765426,7.87448370382542,19.));
#12740=CARTESIAN_POINT('Ctrl Pts',(-0.756320984765426,7.87448370382542,
19.));
#12741=CARTESIAN_POINT('Ctrl Pts',(-0.886142707914353,7.87448370382542,
19.));
#12742=CARTESIAN_POINT('Ctrl Pts',(-1.08160462816105,7.78404609893516,19.));
#12743=CARTESIAN_POINT('Ctrl Pts',(-1.15599685153853,7.68777380985842,19.));
#12744=CARTESIAN_POINT('',(-0.756320984765426,7.87448370382542,-35.42231904332));
#12745=CARTESIAN_POINT('Ctrl Pts',(-0.358103789038942,7.68777380985842,
-35.42231904332));
#12746=CARTESIAN_POINT('Ctrl Pts',(-0.358103789038942,7.68777380985842,
73.42231904332));
#12747=CARTESIAN_POINT('Ctrl Pts',(-0.429578670323183,7.78112875684192,
-35.42231904332));
#12748=CARTESIAN_POINT('Ctrl Pts',(-0.429578670323183,7.78112875684192,
73.42231904332));
#12749=CARTESIAN_POINT('Ctrl Pts',(-0.630875274756351,7.87448370382542,
-35.42231904332));
#12750=CARTESIAN_POINT('Ctrl Pts',(-0.630875274756351,7.87448370382542,
73.42231904332));
#12751=CARTESIAN_POINT('Ctrl Pts',(-0.756320984765426,7.87448370382542,
-35.42231904332));
#12752=CARTESIAN_POINT('Ctrl Pts',(-0.756320984765426,7.87448370382542,
73.42231904332));
#12753=CARTESIAN_POINT('',(-0.358103789038942,7.68777380985842,19.));
#12754=CARTESIAN_POINT('Ctrl Pts',(-0.358103789038942,7.68777380985842,
19.));
#12755=CARTESIAN_POINT('Ctrl Pts',(-0.429578670323183,7.78112875684192,
19.));
#12756=CARTESIAN_POINT('Ctrl Pts',(-0.630875274756351,7.87448370382542,
19.));
#12757=CARTESIAN_POINT('Ctrl Pts',(-0.756320984765426,7.87448370382542,
19.));
#12758=CARTESIAN_POINT('',(-0.358103789038942,7.68777380985842,-35.42231904332));
#12759=CARTESIAN_POINT('Ctrl Pts',(-0.210778013330609,7.14368950947022,
-35.42231904332));
#12760=CARTESIAN_POINT('Ctrl Pts',(-0.210778013330609,7.14368950947022,
73.42231904332));
#12761=CARTESIAN_POINT('Ctrl Pts',(-0.210778013330609,7.32164737715752,
-35.42231904332));
#12762=CARTESIAN_POINT('Ctrl Pts',(-0.210778013330609,7.32164737715752,
73.42231904332));
#12763=CARTESIAN_POINT('Ctrl Pts',(-0.288087578801318,7.59733620496816,
-35.42231904332));
#12764=CARTESIAN_POINT('Ctrl Pts',(-0.288087578801318,7.59733620496816,
73.42231904332));
#12765=CARTESIAN_POINT('Ctrl Pts',(-0.358103789038942,7.68777380985842,
-35.42231904332));
#12766=CARTESIAN_POINT('Ctrl Pts',(-0.358103789038942,7.68777380985842,
73.42231904332));
#12767=CARTESIAN_POINT('Ctrl Pts',(-0.210778013330609,7.14368950947022,
19.));
#12768=CARTESIAN_POINT('Ctrl Pts',(-0.210778013330609,7.32164737715752,
19.));
#12769=CARTESIAN_POINT('Ctrl Pts',(-0.288087578801318,7.59733620496816,
19.));
#12770=CARTESIAN_POINT('Ctrl Pts',(-0.358103789038942,7.68777380985842,
19.));
#12771=CARTESIAN_POINT('Origin',(-2.74740696339785,7.83655825661338,-35.42231904332));
#12772=CARTESIAN_POINT('',(-2.50964358279925,7.83655825661338,19.));
#12773=CARTESIAN_POINT('',(-1.37370348169892,7.83655825661338,19.));
#12774=CARTESIAN_POINT('',(-2.50964358279925,7.83655825661338,-35.42231904332));
#12775=CARTESIAN_POINT('Ctrl Pts',(-2.22374405766229,7.77529407265545,-35.42231904332));
#12776=CARTESIAN_POINT('Ctrl Pts',(-2.22374405766229,7.77529407265545,73.42231904332));
#12777=CARTESIAN_POINT('Ctrl Pts',(-2.27479754429389,7.80884350672765,-35.42231904332));
#12778=CARTESIAN_POINT('Ctrl Pts',(-2.27479754429389,7.80884350672765,73.42231904332));
#12779=CARTESIAN_POINT('Ctrl Pts',(-2.41045395162928,7.83655825661338,-35.42231904332));
#12780=CARTESIAN_POINT('Ctrl Pts',(-2.41045395162928,7.83655825661338,73.42231904332));
#12781=CARTESIAN_POINT('Ctrl Pts',(-2.50964358279925,7.83655825661338,-35.42231904332));
#12782=CARTESIAN_POINT('Ctrl Pts',(-2.50964358279925,7.83655825661338,73.42231904332));
#12783=CARTESIAN_POINT('',(-2.22374405766229,7.77529407265545,19.));
#12784=CARTESIAN_POINT('Ctrl Pts',(-2.22374405766229,7.77529407265545,19.));
#12785=CARTESIAN_POINT('Ctrl Pts',(-2.27479754429389,7.80884350672765,19.));
#12786=CARTESIAN_POINT('Ctrl Pts',(-2.41045395162928,7.83655825661338,19.));
#12787=CARTESIAN_POINT('Ctrl Pts',(-2.50964358279925,7.83655825661338,19.));
#12788=CARTESIAN_POINT('',(-2.22374405766229,7.77529407265545,-35.42231904332));
#12789=CARTESIAN_POINT('Ctrl Pts',(-2.10996771602615,7.53607202101024,-35.42231904332));
#12790=CARTESIAN_POINT('Ctrl Pts',(-2.10996771602615,7.53607202101024,73.42231904332));
#12791=CARTESIAN_POINT('Ctrl Pts',(-2.10996771602615,7.61484025752757,-35.42231904332));
#12792=CARTESIAN_POINT('Ctrl Pts',(-2.10996771602615,7.61484025752757,73.42231904332));
#12793=CARTESIAN_POINT('Ctrl Pts',(-2.1653972157976,7.73590995439679,-35.42231904332));
#12794=CARTESIAN_POINT('Ctrl Pts',(-2.1653972157976,7.73590995439679,73.42231904332));
#12795=CARTESIAN_POINT('Ctrl Pts',(-2.22374405766229,7.77529407265545,-35.42231904332));
#12796=CARTESIAN_POINT('Ctrl Pts',(-2.22374405766229,7.77529407265545,73.42231904332));
#12797=CARTESIAN_POINT('Ctrl Pts',(-2.10996771602615,7.53607202101024,19.));
#12798=CARTESIAN_POINT('Ctrl Pts',(-2.10996771602615,7.61484025752757,19.));
#12799=CARTESIAN_POINT('Ctrl Pts',(-2.1653972157976,7.73590995439679,19.));
#12800=CARTESIAN_POINT('Ctrl Pts',(-2.22374405766229,7.77529407265545,19.));
#12801=CARTESIAN_POINT('Origin',(0.,0.,19.));
#12802=CARTESIAN_POINT('',(-13.5,-1.65327317884893E-15,19.));
#12803=CARTESIAN_POINT('Origin',(0.,0.,19.));
#12804=CARTESIAN_POINT('Origin',(0.,0.,19.));
#12805=CARTESIAN_POINT('Origin',(0.,0.,19.));
#12806=CARTESIAN_POINT('Origin',(0.,0.,19.));
#12807=CARTESIAN_POINT('Origin',(0.,0.,19.));
#12808=CARTESIAN_POINT('Origin',(0.,0.,19.));
#12809=CARTESIAN_POINT('Origin',(0.,0.,19.));
#12810=CARTESIAN_POINT('Origin',(0.,0.,19.));
#12811=CARTESIAN_POINT('Origin',(0.,0.,19.));
#12812=CARTESIAN_POINT('Origin',(0.,0.,19.));
#12813=CARTESIAN_POINT('Origin',(0.,0.,19.));
#12814=CARTESIAN_POINT('Origin',(0.,0.,19.));
#12815=CARTESIAN_POINT('Origin',(0.,0.,19.));
#12816=CARTESIAN_POINT('Origin',(0.,0.,19.));
#12817=CARTESIAN_POINT('Origin',(0.,0.,18.5));
#12818=CARTESIAN_POINT('',(-14.,-1.71450551880629E-15,18.5));
#12819=CARTESIAN_POINT('Origin',(-13.5,-1.65327317884893E-15,18.5));
#12820=CARTESIAN_POINT('Origin',(0.,0.,18.5));
#12821=CARTESIAN_POINT('Origin',(0.,0.,0.));
#12822=CARTESIAN_POINT('',(-14.,-1.71450551880629E-15,1.));
#12823=CARTESIAN_POINT('',(-14.,-1.71450551880629E-15,0.));
#12824=CARTESIAN_POINT('',(-13.555441711726,-3.50000000000001,1.));
#12825=CARTESIAN_POINT('Origin',(0.,0.,1.));
#12826=CARTESIAN_POINT('',(-13.555441711726,-3.50000000000001,0.));
#12827=CARTESIAN_POINT('',(-13.555441711726,-3.50000000000001,0.));
#12828=CARTESIAN_POINT('',(-6.5,-12.3995967676372,0.));
#12829=CARTESIAN_POINT('Origin',(0.,0.,0.));
#12830=CARTESIAN_POINT('',(-6.5,-12.3995967676372,16.));
#12831=CARTESIAN_POINT('',(-6.5,-12.3995967676372,0.));
#12832=CARTESIAN_POINT('',(6.5,-12.3995967676372,16.));
#12833=CARTESIAN_POINT('Origin',(0.,0.,16.));
#12834=CARTESIAN_POINT('',(6.5,-12.3995967676372,0.));
#12835=CARTESIAN_POINT('',(6.5,-12.3995967676372,0.));
#12836=CARTESIAN_POINT('',(13.555441711726,-3.5,0.));
#12837=CARTESIAN_POINT('Origin',(0.,0.,0.));
#12838=CARTESIAN_POINT('',(13.555441711726,-3.5,1.));
#12839=CARTESIAN_POINT('',(13.555441711726,-3.5,0.));
#12840=CARTESIAN_POINT('',(13.555441711726,3.5,1.));
#12841=CARTESIAN_POINT('Origin',(0.,0.,1.));
#12842=CARTESIAN_POINT('',(13.555441711726,3.5,0.));
#12843=CARTESIAN_POINT('',(13.555441711726,3.5,0.));
#12844=CARTESIAN_POINT('',(-13.555441711726,3.49999999999999,0.));
#12845=CARTESIAN_POINT('Origin',(0.,0.,0.));
#12846=CARTESIAN_POINT('',(-13.555441711726,3.49999999999999,1.));
#12847=CARTESIAN_POINT('',(-13.555441711726,3.49999999999999,0.));
#12848=CARTESIAN_POINT('Origin',(0.,0.,1.));
#12849=CARTESIAN_POINT('Origin',(0.,0.,19.));
#12850=CARTESIAN_POINT('Origin',(3.33066907387547E-15,-13.3215904175369,
16.));
#12851=CARTESIAN_POINT('',(-6.5,-14.8215904175369,16.));
#12852=CARTESIAN_POINT('',(-6.5,-11.8215904175369,16.));
#12853=CARTESIAN_POINT('',(6.5,-14.8215904175369,16.));
#12854=CARTESIAN_POINT('',(-6.5,-14.8215904175369,16.));
#12855=CARTESIAN_POINT('',(6.5,-14.8215904175369,16.));
#12856=CARTESIAN_POINT('Origin',(-6.5,-11.8215904175369,0.));
#12857=CARTESIAN_POINT('',(-6.5,-14.8215904175369,0.));
#12858=CARTESIAN_POINT('',(-6.5,-11.8215904175369,0.));
#12859=CARTESIAN_POINT('',(-6.5,-14.8215904175369,0.));
#12860=CARTESIAN_POINT('Origin',(-6.5,-14.8215904175369,0.));
#12861=CARTESIAN_POINT('',(6.5,-14.8215904175369,0.));
#12862=CARTESIAN_POINT('',(-6.5,-14.8215904175369,0.));
#12863=CARTESIAN_POINT('',(6.5,-14.8215904175369,0.));
#12864=CARTESIAN_POINT('Origin',(6.5,-14.8215904175369,0.));
#12865=CARTESIAN_POINT('',(6.5,-14.8215904175369,0.));
#12866=CARTESIAN_POINT('Origin',(17.055441711726,-2.22044604925031E-15,
0.));
#12867=CARTESIAN_POINT('',(-17.555441711726,-3.50000000000001,0.));
#12868=CARTESIAN_POINT('',(-17.555441711726,-3.50000000000001,0.));
#12869=CARTESIAN_POINT('',(-20.555441711726,-0.500000000000006,0.));
#12870=CARTESIAN_POINT('Origin',(-17.555441711726,-0.500000000000006,0.));
#12871=CARTESIAN_POINT('',(-20.555441711726,0.499999999999992,0.));
#12872=CARTESIAN_POINT('',(-20.555441711726,0.499999999999992,0.));
#12873=CARTESIAN_POINT('',(-17.555441711726,3.49999999999999,0.));
#12874=CARTESIAN_POINT('Origin',(-17.555441711726,0.499999999999993,0.));
#12875=CARTESIAN_POINT('',(-13.555441711726,3.49999999999999,0.));
#12876=CARTESIAN_POINT('',(17.555441711726,3.5,0.));
#12877=CARTESIAN_POINT('',(17.555441711726,3.5,0.));
#12878=CARTESIAN_POINT('',(20.555441711726,0.499999999999997,0.));
#12879=CARTESIAN_POINT('Origin',(17.555441711726,0.499999999999998,0.));
#12880=CARTESIAN_POINT('',(20.555441711726,-0.500000000000001,0.));
#12881=CARTESIAN_POINT('',(20.555441711726,-0.500000000000001,0.));
#12882=CARTESIAN_POINT('',(17.555441711726,-3.5,0.));
#12883=CARTESIAN_POINT('Origin',(17.555441711726,-0.500000000000002,0.));
#12884=CARTESIAN_POINT('',(13.555441711726,-3.5,0.));
#12885=CARTESIAN_POINT('',(-4.5,8.,0.));
#12886=CARTESIAN_POINT('Origin',(6.66525985671863E-16,8.,0.));
#12887=CARTESIAN_POINT('',(-15.555441711726,-6.29432759283752E-15,0.));
#12888=CARTESIAN_POINT('Origin',(-17.555441711726,-6.53925695266699E-15,
0.));
#12889=CARTESIAN_POINT('',(19.555441711726,-1.99448449286089E-15,0.));
#12890=CARTESIAN_POINT('Origin',(17.555441711726,-2.23941385269036E-15,
0.));
#12891=CARTESIAN_POINT('Origin',(6.66525985671863E-16,8.,0.));
#12892=CARTESIAN_POINT('',(4.,8.,-2.));
#12893=CARTESIAN_POINT('Origin',(6.66525985671863E-16,8.,-2.));
#12894=CARTESIAN_POINT('',(4.,8.,0.));
#12895=CARTESIAN_POINT('',(4.,8.,0.));
#12896=CARTESIAN_POINT('Origin',(6.66525985671863E-16,8.,0.));
#12897=CARTESIAN_POINT('Origin',(6.66525985671863E-16,8.,0.));
#12898=CARTESIAN_POINT('',(-4.5,8.,-2.));
#12899=CARTESIAN_POINT('Origin',(6.66525985671863E-16,8.,-2.));
#12900=CARTESIAN_POINT('',(-4.5,8.,0.));
#12901=CARTESIAN_POINT('Origin',(5.55111512312578E-16,8.,-2.));
#12902=CARTESIAN_POINT('Origin',(-17.555441711726,-6.53925695266699E-15,
0.));
#12903=CARTESIAN_POINT('',(-15.555441711726,-6.10622663543836E-15,1.));
#12904=CARTESIAN_POINT('Origin',(-17.555441711726,-6.53925695266699E-15,
1.));
#12905=CARTESIAN_POINT('',(-15.555441711726,-6.29432759283752E-15,0.));
#12906=CARTESIAN_POINT('Origin',(-17.555441711726,-0.500000000000006,0.));
#12907=CARTESIAN_POINT('',(-17.555441711726,-3.50000000000001,1.));
#12908=CARTESIAN_POINT('',(-17.555441711726,-3.50000000000001,0.));
#12909=CARTESIAN_POINT('',(-20.555441711726,-0.500000000000006,1.));
#12910=CARTESIAN_POINT('Origin',(-17.555441711726,-0.500000000000006,1.));
#12911=CARTESIAN_POINT('',(-20.555441711726,-0.500000000000006,0.));
#12912=CARTESIAN_POINT('Origin',(-20.555441711726,0.499999999999992,0.));
#12913=CARTESIAN_POINT('',(-20.555441711726,0.499999999999992,1.));
#12914=CARTESIAN_POINT('',(-20.555441711726,0.499999999999992,1.));
#12915=CARTESIAN_POINT('',(-20.555441711726,0.499999999999992,0.));
#12916=CARTESIAN_POINT('Origin',(-17.555441711726,0.499999999999993,0.));
#12917=CARTESIAN_POINT('',(-17.555441711726,3.49999999999999,1.));
#12918=CARTESIAN_POINT('Origin',(-17.555441711726,0.499999999999993,1.));
#12919=CARTESIAN_POINT('',(-17.555441711726,3.49999999999999,0.));
#12920=CARTESIAN_POINT('Origin',(-13.555441711726,3.49999999999999,0.));
#12921=CARTESIAN_POINT('',(-13.555441711726,3.49999999999999,1.));
#12922=CARTESIAN_POINT('Origin',(-17.555441711726,-3.50000000000001,0.));
#12923=CARTESIAN_POINT('',(-17.555441711726,-3.50000000000001,1.));
#12924=CARTESIAN_POINT('Origin',(-17.055441711726,-6.10622663543836E-15,
1.));
#12925=CARTESIAN_POINT('Origin',(17.555441711726,-2.23941385269036E-15,
0.));
#12926=CARTESIAN_POINT('',(19.555441711726,-2.22044604925031E-15,1.));
#12927=CARTESIAN_POINT('Origin',(17.555441711726,-2.23941385269036E-15,
1.));
#12928=CARTESIAN_POINT('',(19.555441711726,-1.99448449286089E-15,0.));
#12929=CARTESIAN_POINT('Origin',(17.555441711726,0.499999999999998,0.));
#12930=CARTESIAN_POINT('',(17.555441711726,3.5,1.));
#12931=CARTESIAN_POINT('',(17.555441711726,3.5,0.));
#12932=CARTESIAN_POINT('',(20.555441711726,0.499999999999997,1.));
#12933=CARTESIAN_POINT('Origin',(17.555441711726,0.499999999999998,1.));
#12934=CARTESIAN_POINT('',(20.555441711726,0.499999999999997,0.));
#12935=CARTESIAN_POINT('Origin',(20.555441711726,-0.500000000000001,0.));
#12936=CARTESIAN_POINT('',(20.555441711726,-0.500000000000001,1.));
#12937=CARTESIAN_POINT('',(20.555441711726,-0.500000000000001,1.));
#12938=CARTESIAN_POINT('',(20.555441711726,-0.500000000000001,0.));
#12939=CARTESIAN_POINT('Origin',(17.555441711726,-0.500000000000002,0.));
#12940=CARTESIAN_POINT('',(17.555441711726,-3.5,1.));
#12941=CARTESIAN_POINT('Origin',(17.555441711726,-0.500000000000002,1.));
#12942=CARTESIAN_POINT('',(17.555441711726,-3.5,0.));
#12943=CARTESIAN_POINT('Origin',(13.555441711726,-3.5,0.));
#12944=CARTESIAN_POINT('',(13.555441711726,-3.5,1.));
#12945=CARTESIAN_POINT('Origin',(17.555441711726,3.5,0.));
#12946=CARTESIAN_POINT('',(17.555441711726,3.5,1.));
#12947=CARTESIAN_POINT('Origin',(17.055441711726,-2.22044604925031E-15,
1.));
#12948=CARTESIAN_POINT('Origin',(17.055441711726,-2.22044604925031E-15,
0.));
#12949=CARTESIAN_POINT('Origin',(3.25,-15.8215904175369,2.25));
#12950=CARTESIAN_POINT('',(3.25,-14.8215904175369,1.5));
#12951=CARTESIAN_POINT('',(3.25,-14.8215904175369,3.));
#12952=CARTESIAN_POINT('Origin',(3.25,-14.8215904175369,2.25));
#12953=CARTESIAN_POINT('',(3.25,-15.8215904175369,1.5));
#12954=CARTESIAN_POINT('',(3.25,-15.8215904175369,1.5));
#12955=CARTESIAN_POINT('',(3.25,-15.8215904175369,3.));
#12956=CARTESIAN_POINT('Origin',(3.25,-15.8215904175369,2.25));
#12957=CARTESIAN_POINT('',(3.25,-15.8215904175369,3.));
#12958=CARTESIAN_POINT('Origin',(-3.25,-15.8215904175369,3.));
#12959=CARTESIAN_POINT('',(-3.25,-14.8215904175369,3.));
#12960=CARTESIAN_POINT('',(1.625,-14.8215904175369,3.));
#12961=CARTESIAN_POINT('',(-3.25,-15.8215904175369,3.));
#12962=CARTESIAN_POINT('',(-5.375,-15.8215904175369,3.));
#12963=CARTESIAN_POINT('',(-3.25,-15.8215904175369,3.));
#12964=CARTESIAN_POINT('Origin',(-3.25,-15.8215904175369,3.));
#12965=CARTESIAN_POINT('',(-3.25,-13.9220790660189,3.));
#12966=CARTESIAN_POINT('',(-1.5,-14.2174816870106,3.));
#12967=CARTESIAN_POINT('Origin',(0.,0.,3.));
#12968=CARTESIAN_POINT('',(-3.25,-13.6175438313963,3.));
#12969=CARTESIAN_POINT('',(-3.25,-15.8215904175369,3.));
#12970=CARTESIAN_POINT('',(-1.5,-13.9194109070751,3.));
#12971=CARTESIAN_POINT('Origin',(0.,0.,3.));
#12972=CARTESIAN_POINT('',(-1.5,-15.0195360522737,3.));
#12973=CARTESIAN_POINT('Origin',(-3.25,-15.8215904175369,3.));
#12974=CARTESIAN_POINT('',(1.5,-13.9194109070751,3.));
#12975=CARTESIAN_POINT('',(1.5,-14.2174816870106,3.));
#12976=CARTESIAN_POINT('',(1.5,-14.870500662306,3.));
#12977=CARTESIAN_POINT('',(3.25,-13.6175438313963,3.));
#12978=CARTESIAN_POINT('Origin',(0.,0.,3.));
#12979=CARTESIAN_POINT('',(3.25,-13.9220790660189,3.));
#12980=CARTESIAN_POINT('',(3.25,-15.8215904175369,3.));
#12981=CARTESIAN_POINT('Origin',(0.,0.,3.));
#12982=CARTESIAN_POINT('Origin',(-3.25,-15.8215904175369,2.25));
#12983=CARTESIAN_POINT('',(-3.25,-13.9220790660189,1.5));
#12984=CARTESIAN_POINT('Ctrl Pts',(-3.25,-13.9220790660189,1.5));
#12985=CARTESIAN_POINT('Ctrl Pts',(-3.34479265214427,-13.8999504659723,
1.5));
#12986=CARTESIAN_POINT('Ctrl Pts',(-3.44578279427536,-13.8752502502614,
1.51903390830234));
#12987=CARTESIAN_POINT('Ctrl Pts',(-3.6316772702665,-13.8277586317488,1.5965745741495));
#12988=CARTESIAN_POINT('Ctrl Pts',(-3.71659405741012,-13.8050194725356,
1.65508346494525));
#12989=CARTESIAN_POINT('Ctrl Pts',(-3.84866591915456,-13.7687722306416,
1.78887145606232));
#12990=CARTESIAN_POINT('Ctrl Pts',(-3.90550628678191,-13.7526490508519,
1.87229490993601));
#12991=CARTESIAN_POINT('Ctrl Pts',(-3.98118586077093,-13.7309320304347,
2.05579173306372));
#12992=CARTESIAN_POINT('Ctrl Pts',(-4.,-13.7254065703163,2.15588352596044));
#12993=CARTESIAN_POINT('Ctrl Pts',(-4.,-13.7254065703163,2.25));
#12994=CARTESIAN_POINT('Ctrl Pts',(-4.,-13.7254065703163,2.34411647403956));
#12995=CARTESIAN_POINT('Ctrl Pts',(-3.98118586077093,-13.7309320304347,
2.44420826693628));
#12996=CARTESIAN_POINT('Ctrl Pts',(-3.90550628678191,-13.7526490508519,
2.62770509006399));
#12997=CARTESIAN_POINT('Ctrl Pts',(-3.84866591915456,-13.7687722306416,
2.71112854393768));
#12998=CARTESIAN_POINT('Ctrl Pts',(-3.71659405741012,-13.8050194725356,
2.84491653505475));
#12999=CARTESIAN_POINT('Ctrl Pts',(-3.6316772702665,-13.8277586317488,2.9034254258505));
#13000=CARTESIAN_POINT('Ctrl Pts',(-3.44578279427536,-13.8752502502614,
2.98096609169766));
#13001=CARTESIAN_POINT('Ctrl Pts',(-3.34479265214427,-13.8999504659723,
3.));
#13002=CARTESIAN_POINT('Ctrl Pts',(-3.25,-13.9220790660189,3.));
#13003=CARTESIAN_POINT('',(-3.25,-13.6175438313963,1.5));
#13004=CARTESIAN_POINT('',(-3.25,-15.8215904175369,1.5));
#13005=CARTESIAN_POINT('Ctrl Pts',(-3.25,-13.6175438313963,3.));
#13006=CARTESIAN_POINT('Ctrl Pts',(-3.34482107276241,-13.5949135766093,
3.));
#13007=CARTESIAN_POINT('Ctrl Pts',(-3.44583554730557,-13.5696518406266,
2.98095624479287));
#13008=CARTESIAN_POINT('Ctrl Pts',(-3.63177877163985,-13.5210730583543,
2.90337091977092));
#13009=CARTESIAN_POINT('Ctrl Pts',(-3.71672057232084,-13.4978093000963,
2.84482727237792));
#13010=CARTESIAN_POINT('Ctrl Pts',(-3.84874350064435,-13.4607470257955,
2.711012316816));
#13011=CARTESIAN_POINT('Ctrl Pts',(-3.90554460704624,-13.4442655055969,
2.62762966048783));
#13012=CARTESIAN_POINT('Ctrl Pts',(-3.98118597361239,-13.4220606434712,
2.44419050063467));
#13013=CARTESIAN_POINT('Ctrl Pts',(-4.,-13.4164078649987,2.3441146462795));
#13014=CARTESIAN_POINT('Ctrl Pts',(-4.,-13.4164078649987,2.25));
#13015=CARTESIAN_POINT('Ctrl Pts',(-4.,-13.4164078649987,2.15588535372049));
#13016=CARTESIAN_POINT('Ctrl Pts',(-3.98118597361239,-13.4220606434712,
2.05580949936533));
#13017=CARTESIAN_POINT('Ctrl Pts',(-3.90554460704624,-13.4442655055969,
1.87237033951217));
#13018=CARTESIAN_POINT('Ctrl Pts',(-3.84874350064435,-13.4607470257955,
1.788987683184));
#13019=CARTESIAN_POINT('Ctrl Pts',(-3.71672057232084,-13.4978093000963,
1.65517272762208));
#13020=CARTESIAN_POINT('Ctrl Pts',(-3.63177877163985,-13.5210730583543,
1.59662908022908));
#13021=CARTESIAN_POINT('Ctrl Pts',(-3.44583554730557,-13.5696518406266,
1.51904375520713));
#13022=CARTESIAN_POINT('Ctrl Pts',(-3.34482107276241,-13.5949135766093,
1.5));
#13023=CARTESIAN_POINT('Ctrl Pts',(-3.25,-13.6175438313963,1.5));
#13024=CARTESIAN_POINT('Origin',(-3.25,-15.8215904175369,2.25));
#13025=CARTESIAN_POINT('',(-3.25,-14.8215904175369,1.5));
#13026=CARTESIAN_POINT('Origin',(-3.25,-14.8215904175369,2.25));
#13027=CARTESIAN_POINT('',(-3.25,-15.8215904175369,1.5));
#13028=CARTESIAN_POINT('Origin',(-3.25,-15.8215904175369,2.25));
#13029=CARTESIAN_POINT('',(-3.25,-15.8215904175369,1.5));
#13030=CARTESIAN_POINT('Origin',(3.25,-15.8215904175369,1.5));
#13031=CARTESIAN_POINT('',(4.875,-14.8215904175369,1.5));
#13032=CARTESIAN_POINT('',(-2.125,-15.8215904175369,1.5));
#13033=CARTESIAN_POINT('Origin',(3.25,-15.8215904175369,1.5));
#13034=CARTESIAN_POINT('',(-1.5,-14.2174816870106,1.5));
#13035=CARTESIAN_POINT('Origin',(0.,0.,1.5));
#13036=CARTESIAN_POINT('',(-1.5,-13.9194109070751,1.5));
#13037=CARTESIAN_POINT('',(-1.5,-15.0195360522737,1.5));
#13038=CARTESIAN_POINT('Origin',(0.,0.,1.5));
#13039=CARTESIAN_POINT('Origin',(3.25,-15.8215904175369,2.25));
#13040=CARTESIAN_POINT('',(3.25,-13.9220790660189,1.5));
#13041=CARTESIAN_POINT('Ctrl Pts',(3.25,-13.9220790660189,3.));
#13042=CARTESIAN_POINT('Ctrl Pts',(3.34479265214427,-13.8999504659723,3.));
#13043=CARTESIAN_POINT('Ctrl Pts',(3.44578279427537,-13.8752502502614,2.98096609169766));
#13044=CARTESIAN_POINT('Ctrl Pts',(3.63167727026651,-13.8277586317488,2.9034254258505));
#13045=CARTESIAN_POINT('Ctrl Pts',(3.71659405741012,-13.8050194725356,2.84491653505475));
#13046=CARTESIAN_POINT('Ctrl Pts',(3.84866591915456,-13.7687722306416,2.71112854393768));
#13047=CARTESIAN_POINT('Ctrl Pts',(3.90550628678191,-13.7526490508519,2.62770509006399));
#13048=CARTESIAN_POINT('Ctrl Pts',(3.98118586077093,-13.7309320304347,2.44420826693628));
#13049=CARTESIAN_POINT('Ctrl Pts',(4.,-13.7254065703163,2.34411647403956));
#13050=CARTESIAN_POINT('Ctrl Pts',(4.,-13.7254065703163,2.15588352596044));
#13051=CARTESIAN_POINT('Ctrl Pts',(3.98118586077093,-13.7309320304347,2.05579173306372));
#13052=CARTESIAN_POINT('Ctrl Pts',(3.90550628678191,-13.7526490508519,1.87229490993601));
#13053=CARTESIAN_POINT('Ctrl Pts',(3.84866591915456,-13.7687722306416,1.78887145606232));
#13054=CARTESIAN_POINT('Ctrl Pts',(3.71659405741012,-13.8050194725356,1.65508346494525));
#13055=CARTESIAN_POINT('Ctrl Pts',(3.63167727026651,-13.8277586317488,1.5965745741495));
#13056=CARTESIAN_POINT('Ctrl Pts',(3.44578279427537,-13.8752502502614,1.51903390830234));
#13057=CARTESIAN_POINT('Ctrl Pts',(3.34479265214427,-13.8999504659723,1.5));
#13058=CARTESIAN_POINT('Ctrl Pts',(3.25,-13.9220790660189,1.5));
#13059=CARTESIAN_POINT('',(3.25,-13.6175438313963,1.5));
#13060=CARTESIAN_POINT('Ctrl Pts',(3.25,-13.6175438313963,1.5));
#13061=CARTESIAN_POINT('Ctrl Pts',(3.34482107276241,-13.5949135766093,1.5));
#13062=CARTESIAN_POINT('Ctrl Pts',(3.44583554730557,-13.5696518406266,1.51904375520713));
#13063=CARTESIAN_POINT('Ctrl Pts',(3.63177877163985,-13.5210730583543,1.59662908022908));
#13064=CARTESIAN_POINT('Ctrl Pts',(3.71672057232084,-13.4978093000963,1.65517272762208));
#13065=CARTESIAN_POINT('Ctrl Pts',(3.84874350064435,-13.4607470257955,1.788987683184));
#13066=CARTESIAN_POINT('Ctrl Pts',(3.90554460704624,-13.4442655055969,1.87237033951217));
#13067=CARTESIAN_POINT('Ctrl Pts',(3.98118597361239,-13.4220606434712,2.05580949936533));
#13068=CARTESIAN_POINT('Ctrl Pts',(4.,-13.4164078649987,2.1558853537205));
#13069=CARTESIAN_POINT('Ctrl Pts',(4.,-13.4164078649987,2.34411464627951));
#13070=CARTESIAN_POINT('Ctrl Pts',(3.98118597361239,-13.4220606434712,2.44419050063467));
#13071=CARTESIAN_POINT('Ctrl Pts',(3.90554460704625,-13.4442655055969,2.62762966048783));
#13072=CARTESIAN_POINT('Ctrl Pts',(3.84874350064435,-13.4607470257955,2.711012316816));
#13073=CARTESIAN_POINT('Ctrl Pts',(3.71672057232084,-13.4978093000963,2.84482727237792));
#13074=CARTESIAN_POINT('Ctrl Pts',(3.63177877163985,-13.5210730583543,2.90337091977092));
#13075=CARTESIAN_POINT('Ctrl Pts',(3.44583554730557,-13.5696518406266,2.98095624479287));
#13076=CARTESIAN_POINT('Ctrl Pts',(3.34482107276241,-13.5949135766093,3.));
#13077=CARTESIAN_POINT('Ctrl Pts',(3.25,-13.6175438313963,3.));
#13078=CARTESIAN_POINT('',(3.25,-15.8215904175369,1.5));
#13079=CARTESIAN_POINT('Origin',(3.25,-15.8215904175369,1.5));
#13080=CARTESIAN_POINT('',(1.5,-14.2174816870106,1.5));
#13081=CARTESIAN_POINT('',(1.5,-13.9194109070751,1.5));
#13082=CARTESIAN_POINT('',(1.5,-14.870500662306,1.5));
#13083=CARTESIAN_POINT('Origin',(0.,0.,1.5));
#13084=CARTESIAN_POINT('Origin',(0.,0.,1.5));
#13085=CARTESIAN_POINT('Origin',(1.5,-13.9194109070751,0.));
#13086=CARTESIAN_POINT('',(1.5,-14.2174816870106,16.));
#13087=CARTESIAN_POINT('',(1.5,-14.2174816870106,0.));
#13088=CARTESIAN_POINT('',(1.5,-13.9194109070751,16.));
#13089=CARTESIAN_POINT('',(1.5,-13.8484266504945,16.));
#13090=CARTESIAN_POINT('',(1.5,-13.9194109070751,0.));
#13091=CARTESIAN_POINT('Origin',(0.,0.,0.));
#13092=CARTESIAN_POINT('',(-1.5,-13.9194109070751,16.));
#13093=CARTESIAN_POINT('Origin',(0.,0.,16.));
#13094=CARTESIAN_POINT('',(-1.5,-13.9194109070751,0.));
#13095=CARTESIAN_POINT('',(-1.5,-13.9194109070751,0.));
#13096=CARTESIAN_POINT('',(-1.5,-13.9194109070751,0.));
#13097=CARTESIAN_POINT('',(-7.5,-11.8215904175369,0.));
#13098=CARTESIAN_POINT('Origin',(0.,0.,0.));
#13099=CARTESIAN_POINT('',(-7.5,-11.8215904175369,4.));
#13100=CARTESIAN_POINT('',(-7.5,-11.8215904175369,0.));
#13101=CARTESIAN_POINT('',(-9.5,-10.2834819006016,4.));
#13102=CARTESIAN_POINT('Origin',(0.,0.,4.));
#13103=CARTESIAN_POINT('',(-9.5,-10.2834819006016,18.));
#13104=CARTESIAN_POINT('',(-9.5,-10.2834819006016,0.));
#13105=CARTESIAN_POINT('',(-1.5,-13.9194109070751,18.));
#13106=CARTESIAN_POINT('Origin',(0.,0.,18.));
#13107=CARTESIAN_POINT('',(-1.5,-13.9194109070751,16.5));
#13108=CARTESIAN_POINT('',(-1.5,-13.9194109070751,0.));
#13109=CARTESIAN_POINT('',(1.5,-13.9194109070751,16.5));
#13110=CARTESIAN_POINT('Origin',(0.,0.,16.5));
#13111=CARTESIAN_POINT('',(1.5,-13.9194109070751,18.));
#13112=CARTESIAN_POINT('',(1.5,-13.9194109070751,0.));
#13113=CARTESIAN_POINT('',(9.5,-10.2834819006016,18.));
#13114=CARTESIAN_POINT('Origin',(0.,0.,18.));
#13115=CARTESIAN_POINT('',(9.5,-10.2834819006016,4.));
#13116=CARTESIAN_POINT('',(9.5,-10.2834819006016,0.));
#13117=CARTESIAN_POINT('',(7.5,-11.8215904175369,4.));
#13118=CARTESIAN_POINT('Origin',(0.,0.,4.));
#13119=CARTESIAN_POINT('',(7.5,-11.8215904175369,0.));
#13120=CARTESIAN_POINT('',(7.5,-11.8215904175369,0.));
#13121=CARTESIAN_POINT('',(1.5,-13.9194109070751,0.));
#13122=CARTESIAN_POINT('Origin',(0.,0.,0.));
#13123=CARTESIAN_POINT('',(1.5,-13.9194109070751,0.));
#13124=CARTESIAN_POINT('Origin',(-1.5,-14.2174816870106,0.));
#13125=CARTESIAN_POINT('',(-1.5,-14.2174816870106,0.));
#13126=CARTESIAN_POINT('',(-1.5,-14.2174816870106,0.));
#13127=CARTESIAN_POINT('',(-1.5,-14.2963906466101,0.));
#13128=CARTESIAN_POINT('Origin',(-1.5,-14.2174816870106,0.));
#13129=CARTESIAN_POINT('',(-1.5,-14.2174816870106,16.));
#13130=CARTESIAN_POINT('',(-1.5,-13.9974620404622,16.));
#13131=CARTESIAN_POINT('',(-1.5,-14.2174816870106,0.));
#13132=CARTESIAN_POINT('Origin',(3.88578058618805E-15,-13.7774423939139,
16.));
#13133=CARTESIAN_POINT('',(-6.5,-14.8215904175369,16.));
#13134=CARTESIAN_POINT('',(6.5,-14.8215904175369,16.));
#13135=CARTESIAN_POINT('',(3.25,-14.8215904175369,16.));
#13136=CARTESIAN_POINT('',(-6.5,-12.7332943702909,16.));
#13137=CARTESIAN_POINT('',(-6.5,-14.2995164057254,16.));
#13138=CARTESIAN_POINT('Origin',(0.,0.,16.));
#13139=CARTESIAN_POINT('',(6.50000000000001,-12.7332943702909,16.));
#13140=CARTESIAN_POINT('Origin',(0.,0.,16.));
#13141=CARTESIAN_POINT('',(6.5,-13.0885195807756,16.));
#13142=CARTESIAN_POINT('Origin',(1.5,-13.9194109070751,0.));
#13143=CARTESIAN_POINT('',(1.5,-14.2174816870106,16.5));
#13144=CARTESIAN_POINT('',(1.5,-13.8484266504945,16.5));
#13145=CARTESIAN_POINT('',(1.5,-14.2174816870106,18.));
#13146=CARTESIAN_POINT('',(1.5,-14.2174816870106,0.));
#13147=CARTESIAN_POINT('',(1.5,-13.3215904175369,18.));
#13148=CARTESIAN_POINT('Origin',(0.,0.,0.));
#13149=CARTESIAN_POINT('',(9.5,-10.6834819006016,16.5));
#13150=CARTESIAN_POINT('Origin',(0.,0.,16.5));
#13151=CARTESIAN_POINT('',(9.5,-10.6834819006016,18.));
#13152=CARTESIAN_POINT('',(9.5,-10.6834819006016,0.));
#13153=CARTESIAN_POINT('Origin',(0.,0.,18.));
#13154=CARTESIAN_POINT('Origin',(0.,0.,0.));
#13155=CARTESIAN_POINT('',(-9.5,-10.6834819006016,16.5));
#13156=CARTESIAN_POINT('',(-1.5,-14.2174816870106,16.5));
#13157=CARTESIAN_POINT('Origin',(0.,0.,16.5));
#13158=CARTESIAN_POINT('',(-1.5,-14.2174816870106,18.));
#13159=CARTESIAN_POINT('',(-1.5,-14.2174816870106,0.));
#13160=CARTESIAN_POINT('',(-9.5,-10.6834819006016,18.));
#13161=CARTESIAN_POINT('Origin',(0.,0.,18.));
#13162=CARTESIAN_POINT('',(-9.5,-10.6834819006016,0.));
#13163=CARTESIAN_POINT('Origin',(-8.5,-11.8025361590692,4.));
#13164=CARTESIAN_POINT('',(-7.5,-13.3215904175369,4.));
#13165=CARTESIAN_POINT('',(-7.5,-15.8215904175369,4.));
#13166=CARTESIAN_POINT('',(-9.5,-13.3215904175369,4.));
#13167=CARTESIAN_POINT('',(-9.,-13.3215904175369,4.));
#13168=CARTESIAN_POINT('',(-9.5,-11.0430090298354,4.));
#13169=CARTESIAN_POINT('Origin',(8.5,-11.8025361590692,4.));
#13170=CARTESIAN_POINT('',(9.5,-13.3215904175369,4.));
#13171=CARTESIAN_POINT('',(9.5,-12.5620632883031,4.));
#13172=CARTESIAN_POINT('',(7.5,-13.3215904175369,4.));
#13173=CARTESIAN_POINT('',(8.,-13.3215904175369,4.));
#13174=CARTESIAN_POINT('',(7.5,-11.8215904175369,4.));
#13175=CARTESIAN_POINT('Origin',(7.5,-13.3215904175369,0.));
#13176=CARTESIAN_POINT('',(9.5,-13.3215904175369,16.5));
#13177=CARTESIAN_POINT('',(9.5,-13.3215904175369,0.));
#13178=CARTESIAN_POINT('',(7.5,-13.3215904175369,16.5));
#13179=CARTESIAN_POINT('',(-9.5,-13.3215904175369,16.5));
#13180=CARTESIAN_POINT('',(7.5,-13.3215904175369,0.));
#13181=CARTESIAN_POINT('Origin',(9.5,-13.3215904175369,0.));
#13182=CARTESIAN_POINT('',(9.5,-13.3215904175369,18.));
#13183=CARTESIAN_POINT('',(9.5,-13.3215904175369,16.5));
#13184=CARTESIAN_POINT('Origin',(0.,-13.8215904175369,0.));
#13185=CARTESIAN_POINT('',(-7.5,-15.8215904175369,0.));
#13186=CARTESIAN_POINT('',(-7.5,-13.5715904175369,0.));
#13187=CARTESIAN_POINT('',(-6.5,-12.7332943702909,0.));
#13188=CARTESIAN_POINT('Origin',(0.,0.,0.));
#13189=CARTESIAN_POINT('',(-6.5,-14.8215904175369,0.));
#13190=CARTESIAN_POINT('',(-6.5,-14.8215904175369,0.));
#13191=CARTESIAN_POINT('',(6.5,-14.8215904175369,0.));
#13192=CARTESIAN_POINT('',(6.5,-14.8215904175369,0.));
#13193=CARTESIAN_POINT('',(6.5,-12.7332943702909,0.));
#13194=CARTESIAN_POINT('',(6.5,-11.8215904175369,0.));
#13195=CARTESIAN_POINT('',(1.5,-14.2174816870106,0.));
#13196=CARTESIAN_POINT('Origin',(0.,0.,0.));
#13197=CARTESIAN_POINT('',(1.5,-13.3215904175369,0.));
#13198=CARTESIAN_POINT('',(7.5,-15.8215904175369,0.));
#13199=CARTESIAN_POINT('',(7.5,-15.8215904175369,0.));
#13200=CARTESIAN_POINT('',(-7.5,-15.8215904175369,0.));
#13201=CARTESIAN_POINT('Origin',(1.5,-13.9194109070751,0.));
#13202=CARTESIAN_POINT('',(1.5,-14.2174816870106,0.));
#13203=CARTESIAN_POINT('Origin',(0.,0.,0.));
#13204=CARTESIAN_POINT('',(6.5,-12.7332943702909,0.));
#13205=CARTESIAN_POINT('Origin',(5.5,-12.2504817938061,18.));
#13206=CARTESIAN_POINT('Origin',(0.,0.,0.));
#13207=CARTESIAN_POINT('',(-6.5,-12.7332943702909,0.));
#13208=CARTESIAN_POINT('Origin',(-1.5,-14.2174816870106,0.));
#13209=CARTESIAN_POINT('',(-1.5,-13.9974620404622,16.5));
#13210=CARTESIAN_POINT('',(-1.5,-14.2963906466101,18.));
#13211=CARTESIAN_POINT('Origin',(-5.5,-12.2504817938061,18.));
#13212=CARTESIAN_POINT('',(-9.5,-10.2834819006016,18.));
#13213=CARTESIAN_POINT('Origin',(0.,-13.8215904175369,16.5));
#13214=CARTESIAN_POINT('',(-9.5,-13.3215904175369,16.5));
#13215=CARTESIAN_POINT('',(-9.5,-10.2834819006016,16.5));
#13216=CARTESIAN_POINT('',(-7.5,-13.3215904175369,16.5));
#13217=CARTESIAN_POINT('',(-9.5,-13.3215904175369,16.5));
#13218=CARTESIAN_POINT('',(-7.5,-15.8215904175369,16.5));
#13219=CARTESIAN_POINT('',(-7.5,-11.8215904175369,16.5));
#13220=CARTESIAN_POINT('',(7.5,-15.8215904175369,16.5));
#13221=CARTESIAN_POINT('',(-7.5,-15.8215904175369,16.5));
#13222=CARTESIAN_POINT('',(7.5,-15.8215904175369,16.5));
#13223=CARTESIAN_POINT('Origin',(-6.5,-14.8215904175369,0.));
#13224=CARTESIAN_POINT('',(-6.5,-14.8215904175369,0.));
#13225=CARTESIAN_POINT('Origin',(6.5,-14.8215904175369,0.));
#13226=CARTESIAN_POINT('',(6.5,-14.8215904175369,0.));
#13227=CARTESIAN_POINT('Origin',(6.5,-12.3995967676372,0.));
#13228=CARTESIAN_POINT('Origin',(7.5,-15.8215904175369,0.));
#13229=CARTESIAN_POINT('',(7.5,-15.8215904175369,0.));
#13230=CARTESIAN_POINT('Origin',(-7.5,-15.8215904175369,0.));
#13231=CARTESIAN_POINT('',(-7.5,-15.8215904175369,0.));
#13232=CARTESIAN_POINT('Origin',(-7.5,-13.3215904175369,0.));
#13233=CARTESIAN_POINT('',(-7.5,-13.3215904175369,0.));
#13234=CARTESIAN_POINT('Origin',(-9.5,-13.3215904175369,0.));
#13235=CARTESIAN_POINT('',(-9.5,-13.3215904175369,0.));
#13236=CARTESIAN_POINT('Origin',(-9.5,-10.2834819006016,0.));
#13237=CARTESIAN_POINT('Origin',(6.66525985671863E-16,8.,-9.75));
#13238=CARTESIAN_POINT('',(-2.,9.5,-9.5));
#13239=CARTESIAN_POINT('',(-1.32287565553229,9.5,-10.));
#13240=CARTESIAN_POINT('Ctrl Pts',(-2.,9.5,-9.5));
#13241=CARTESIAN_POINT('Ctrl Pts',(-1.62381980864617,9.5,-9.80094415308155));
#13242=CARTESIAN_POINT('Ctrl Pts',(-1.3228756555323,9.5,-10.));
#13243=CARTESIAN_POINT('',(-1.32287565553229,6.5,-10.));
#13244=CARTESIAN_POINT('Origin',(6.66525985671863E-16,8.,-10.));
#13245=CARTESIAN_POINT('',(-2.,6.5,-9.5));
#13246=CARTESIAN_POINT('Ctrl Pts',(-1.3228756555323,6.5,-10.));
#13247=CARTESIAN_POINT('Ctrl Pts',(-1.62381980862905,6.5,-9.80094415309676));
#13248=CARTESIAN_POINT('Ctrl Pts',(-2.,6.5,-9.5));
#13249=CARTESIAN_POINT('Origin',(6.66525985671863E-16,8.,-9.5));
#13250=CARTESIAN_POINT('Origin',(-2.,9.5,0.));
#13251=CARTESIAN_POINT('',(-2.,9.5,-4.));
#13252=CARTESIAN_POINT('',(-2.,9.5,0.));
#13253=CARTESIAN_POINT('',(2.,9.5,-4.));
#13254=CARTESIAN_POINT('',(-0.999999999999999,9.5,-4.));
#13255=CARTESIAN_POINT('',(2.,9.5,-9.5));
#13256=CARTESIAN_POINT('',(2.,9.5,0.));
#13257=CARTESIAN_POINT('',(1.3228756555323,9.5,-10.));
#13258=CARTESIAN_POINT('Ctrl Pts',(1.3228756555323,9.5,-10.));
#13259=CARTESIAN_POINT('Ctrl Pts',(1.62381980862905,9.5,-9.80094415309676));
#13260=CARTESIAN_POINT('Ctrl Pts',(2.,9.5,-9.5));
#13261=CARTESIAN_POINT('',(-0.999999999999999,9.5,-10.));
#13262=CARTESIAN_POINT('Origin',(6.66525985671863E-16,8.,0.));
#13263=CARTESIAN_POINT('',(-2.,6.5,-4.));
#13264=CARTESIAN_POINT('',(-2.,6.5,0.));
#13265=CARTESIAN_POINT('',(2.,6.5,-4.));
#13266=CARTESIAN_POINT('Origin',(6.66525985671863E-16,8.,-4.));
#13267=CARTESIAN_POINT('',(2.,6.5,0.));
#13268=CARTESIAN_POINT('',(2.,6.5,0.));
#13269=CARTESIAN_POINT('Origin',(6.66525985671863E-16,8.,0.));
#13270=CARTESIAN_POINT('',(2.,6.5,-9.5));
#13271=CARTESIAN_POINT('',(2.,6.5,0.));
#13272=CARTESIAN_POINT('Origin',(6.66525985671863E-16,8.,-9.5));
#13273=CARTESIAN_POINT('Origin',(6.66525985671863E-16,8.,-4.));
#13274=CARTESIAN_POINT('Origin',(6.66525985671863E-16,8.,-9.75));
#13275=CARTESIAN_POINT('',(1.3228756555323,6.5,-10.));
#13276=CARTESIAN_POINT('Ctrl Pts',(2.,6.5,-9.5));
#13277=CARTESIAN_POINT('Ctrl Pts',(1.62381980864617,6.5,-9.80094415308154));
#13278=CARTESIAN_POINT('Ctrl Pts',(1.3228756555323,6.5,-10.));
#13279=CARTESIAN_POINT('Origin',(6.66525985671863E-16,8.,-10.));
#13280=CARTESIAN_POINT('Origin',(2.,6.5,0.));
#13281=CARTESIAN_POINT('',(1.,6.5,-10.));
#13282=CARTESIAN_POINT('',(1.,6.5,-4.));
#13283=CARTESIAN_POINT('Origin',(5.55111512312578E-16,8.,0.));
#13284=CARTESIAN_POINT('Origin',(5.55111512312578E-16,8.,-10.));
#13285=CARTESIAN_POINT('Origin',(6.93889390390723E-16,8.,-4.));
#13286=CARTESIAN_POINT('Origin',(6.93889390390723E-16,8.,-4.));
#13287=CARTESIAN_POINT('Origin',(6.66525985671863E-16,8.,0.));
#13288=CARTESIAN_POINT('',(2.,9.5,-2.));
#13289=CARTESIAN_POINT('Origin',(6.66525985671863E-16,8.,-2.));
#13290=CARTESIAN_POINT('',(2.,9.5,0.));
#13291=CARTESIAN_POINT('',(2.,9.5,0.));
#13292=CARTESIAN_POINT('Origin',(6.66525985671863E-16,8.,0.));
#13293=CARTESIAN_POINT('Origin',(6.66525985671863E-16,8.,0.));
#13294=CARTESIAN_POINT('',(-4.,8.,-2.));
#13295=CARTESIAN_POINT('Origin',(6.66525985671863E-16,8.,-2.));
#13296=CARTESIAN_POINT('',(-4.,8.,0.));
#13297=CARTESIAN_POINT('',(-4.,8.,0.));
#13298=CARTESIAN_POINT('Origin',(6.66525985671863E-16,8.,0.));
#13299=CARTESIAN_POINT('Origin',(5.55111512312578E-16,8.,0.));
#13300=CARTESIAN_POINT('Origin',(5.55111512312578E-16,8.,-2.));
#13301=CARTESIAN_POINT('Origin',(-3.2,-13.6745904175369,2.25));
#13302=CARTESIAN_POINT('',(-3.9,-13.6745904175369,2.25));
#13303=CARTESIAN_POINT('Origin',(-3.2,-13.6745904175369,2.25));
#13304=CARTESIAN_POINT('Origin',(-3.2,-15.8215904175369,2.25));
#13305=CARTESIAN_POINT('',(-3.9,-23.8215904175369,2.25));
#13306=CARTESIAN_POINT('Origin',(-3.2,-23.8215904175369,2.25));
#13307=CARTESIAN_POINT('',(-3.9,-15.8215904175369,2.25));
#13308=CARTESIAN_POINT('Origin',(-3.2,-23.8215904175369,2.25));
#13309=CARTESIAN_POINT('Origin',(2.22044604925031E-15,-10.8215904175369,
2.25));
#13310=CARTESIAN_POINT('',(-0.699999999999998,-10.8215904175369,2.25));
#13311=CARTESIAN_POINT('Origin',(2.22044604925031E-15,-10.8215904175369,
2.25));
#13312=CARTESIAN_POINT('Origin',(2.22044604925031E-15,-15.8215904175369,
2.25));
#13313=CARTESIAN_POINT('',(-0.699999999999998,-23.8215904175369,2.25));
#13314=CARTESIAN_POINT('Origin',(2.22044604925031E-15,-23.8215904175369,
2.25));
#13315=CARTESIAN_POINT('',(-0.699999999999998,-15.8215904175369,2.25));
#13316=CARTESIAN_POINT('Origin',(2.22044604925031E-15,-23.8215904175369,
2.25));
#13317=CARTESIAN_POINT('Origin',(3.2,-10.8215904175369,2.25));
#13318=CARTESIAN_POINT('',(2.5,-10.8215904175369,2.25));
#13319=CARTESIAN_POINT('Origin',(3.2,-10.8215904175369,2.25));
#13320=CARTESIAN_POINT('Origin',(3.2,-15.8215904175369,2.25));
#13321=CARTESIAN_POINT('',(2.5,-23.8215904175369,2.25));
#13322=CARTESIAN_POINT('Origin',(3.2,-23.8215904175369,2.25));
#13323=CARTESIAN_POINT('',(2.5,-15.8215904175369,2.25));
#13324=CARTESIAN_POINT('Origin',(3.2,-23.8215904175369,2.25));
#13325=CARTESIAN_POINT('Origin',(1.6,-10.8215904175369,2.25));
#13326=CARTESIAN_POINT('',(0.900000000000003,-10.8215904175369,2.25));
#13327=CARTESIAN_POINT('Origin',(1.6,-10.8215904175369,2.25));
#13328=CARTESIAN_POINT('Origin',(1.6,-15.8215904175369,2.25));
#13329=CARTESIAN_POINT('',(0.900000000000003,-23.8215904175369,2.25));
#13330=CARTESIAN_POINT('Origin',(1.6,-23.8215904175369,2.25));
#13331=CARTESIAN_POINT('',(0.900000000000003,-15.8215904175369,2.25));
#13332=CARTESIAN_POINT('Origin',(1.6,-23.8215904175369,2.25));
#13333=CARTESIAN_POINT('Origin',(-1.6,-10.8215904175369,2.25));
#13334=CARTESIAN_POINT('',(-2.3,-10.8215904175369,2.25));
#13335=CARTESIAN_POINT('Origin',(-1.6,-10.8215904175369,2.25));
#13336=CARTESIAN_POINT('Origin',(-1.6,-15.8215904175369,2.25));
#13337=CARTESIAN_POINT('',(-2.3,-23.8215904175369,2.25));
#13338=CARTESIAN_POINT('Origin',(-1.6,-23.8215904175369,2.25));
#13339=CARTESIAN_POINT('',(-2.3,-15.8215904175369,2.25));
#13340=CARTESIAN_POINT('Origin',(-1.6,-23.8215904175369,2.25));
#13341=CARTESIAN_POINT('Origin',(0.,0.,19.));
#13342=CARTESIAN_POINT('',(-13.25,-1.62265700887024E-15,19.01));
#13343=CARTESIAN_POINT('Origin',(0.,0.,19.01));
#13344=CARTESIAN_POINT('',(-13.25,-1.62265700887024E-15,19.));
#13345=CARTESIAN_POINT('',(-13.25,-1.62265700887024E-15,19.));
#13346=CARTESIAN_POINT('Origin',(0.,0.,19.));
#13347=CARTESIAN_POINT('Origin',(0.,0.,19.01));
#13348=CARTESIAN_POINT('Origin',(0.,0.,19.));
#13349=CARTESIAN_POINT('Origin',(0.,0.,19.));
#13350=CARTESIAN_POINT('',(0.,0.,19.));
#13351=UNCERTAINTY_MEASURE_WITH_UNIT(LENGTH_MEASURE(0.01),#13355,
'DISTANCE_ACCURACY_VALUE',
'Maximum model space distance between geometric entities at asserted c
onnectivities');
#13352=UNCERTAINTY_MEASURE_WITH_UNIT(LENGTH_MEASURE(0.01),#13355,
'DISTANCE_ACCURACY_VALUE',
'Maximum model space distance between geometric entities at asserted c
onnectivities');
#13353=(
GEOMETRIC_REPRESENTATION_CONTEXT(3)
GLOBAL_UNCERTAINTY_ASSIGNED_CONTEXT((#13351))
GLOBAL_UNIT_ASSIGNED_CONTEXT((#13355,#13357,#13358))
REPRESENTATION_CONTEXT('','3D')
);
#13354=(
GEOMETRIC_REPRESENTATION_CONTEXT(3)
GLOBAL_UNCERTAINTY_ASSIGNED_CONTEXT((#13352))
GLOBAL_UNIT_ASSIGNED_CONTEXT((#13355,#13357,#13358))
REPRESENTATION_CONTEXT('','3D')
);
#13355=(
LENGTH_UNIT()
NAMED_UNIT(*)
SI_UNIT(.MILLI.,.METRE.)
);
#13356=(
LENGTH_UNIT()
NAMED_UNIT(*)
SI_UNIT(.CENTI.,.METRE.)
);
#13357=(
NAMED_UNIT(*)
PLANE_ANGLE_UNIT()
SI_UNIT($,.RADIAN.)
);
#13358=(
NAMED_UNIT(*)
SI_UNIT($,.STERADIAN.)
SOLID_ANGLE_UNIT()
);
#13359=SHAPE_DEFINITION_REPRESENTATION(#13360,#13361);
#13360=PRODUCT_DEFINITION_SHAPE('',$,#13363);
#13361=SHAPE_REPRESENTATION('',(#7338),#13353);
#13362=PRODUCT_DEFINITION_CONTEXT('part definition',#13367,'design');
#13363=PRODUCT_DEFINITION('stepper motors','stepper motors',#13364,#13362);
#13364=PRODUCT_DEFINITION_FORMATION('',$,#13369);
#13365=PRODUCT_RELATED_PRODUCT_CATEGORY('stepper motors',
'stepper motors',(#13369));
#13366=APPLICATION_PROTOCOL_DEFINITION('international standard',
'automotive_design',2009,#13367);
#13367=APPLICATION_CONTEXT(
'Core Data for Automotive Mechanical Design Process');
#13368=PRODUCT_CONTEXT('part definition',#13367,'mechanical');
#13369=PRODUCT('stepper motors','stepper motors',$,(#13368));
#13370=PRESENTATION_STYLE_ASSIGNMENT((#13385));
#13371=PRESENTATION_STYLE_ASSIGNMENT((#13386));
#13372=PRESENTATION_STYLE_ASSIGNMENT((#13387));
#13373=PRESENTATION_STYLE_ASSIGNMENT((#13388));
#13374=PRESENTATION_STYLE_ASSIGNMENT((#13389));
#13375=PRESENTATION_STYLE_ASSIGNMENT((#13390));
#13376=PRESENTATION_STYLE_ASSIGNMENT((#13391));
#13377=PRESENTATION_STYLE_ASSIGNMENT((#13392));
#13378=PRESENTATION_STYLE_ASSIGNMENT((#13393));
#13379=PRESENTATION_STYLE_ASSIGNMENT((#13394));
#13380=PRESENTATION_STYLE_ASSIGNMENT((#13395));
#13381=PRESENTATION_STYLE_ASSIGNMENT((#13396));
#13382=PRESENTATION_STYLE_ASSIGNMENT((#13397));
#13383=PRESENTATION_STYLE_ASSIGNMENT((#13398));
#13384=PRESENTATION_STYLE_ASSIGNMENT((#13399));
#13385=SURFACE_STYLE_USAGE(.BOTH.,#13424);
#13386=SURFACE_STYLE_USAGE(.BOTH.,#13425);
#13387=SURFACE_STYLE_USAGE(.BOTH.,#13426);
#13388=SURFACE_STYLE_USAGE(.BOTH.,#13427);
#13389=SURFACE_STYLE_USAGE(.BOTH.,#13428);
#13390=SURFACE_STYLE_USAGE(.BOTH.,#13429);
#13391=SURFACE_STYLE_USAGE(.BOTH.,#13430);
#13392=SURFACE_STYLE_USAGE(.BOTH.,#13431);
#13393=SURFACE_STYLE_USAGE(.BOTH.,#13432);
#13394=SURFACE_STYLE_USAGE(.BOTH.,#13433);
#13395=SURFACE_STYLE_USAGE(.BOTH.,#13434);
#13396=SURFACE_STYLE_USAGE(.BOTH.,#13435);
#13397=SURFACE_STYLE_USAGE(.BOTH.,#13436);
#13398=SURFACE_STYLE_USAGE(.BOTH.,#13437);
#13399=SURFACE_STYLE_USAGE(.BOTH.,#13438);
#13400=SURFACE_STYLE_RENDERING_WITH_PROPERTIES($,#13484,(#13412));
#13401=SURFACE_STYLE_RENDERING_WITH_PROPERTIES($,#13485,(#13413));
#13402=SURFACE_STYLE_RENDERING_WITH_PROPERTIES($,#13486,(#13414));
#13403=SURFACE_STYLE_RENDERING_WITH_PROPERTIES($,#13488,(#13415));
#13404=SURFACE_STYLE_RENDERING_WITH_PROPERTIES($,#13489,(#13416));
#13405=SURFACE_STYLE_RENDERING_WITH_PROPERTIES($,#13490,(#13417));
#13406=SURFACE_STYLE_RENDERING_WITH_PROPERTIES($,#13491,(#13418));
#13407=SURFACE_STYLE_RENDERING_WITH_PROPERTIES($,#13492,(#13419));
#13408=SURFACE_STYLE_RENDERING_WITH_PROPERTIES($,#13493,(#13420));
#13409=SURFACE_STYLE_RENDERING_WITH_PROPERTIES($,#13494,(#13421));
#13410=SURFACE_STYLE_RENDERING_WITH_PROPERTIES($,#13495,(#13422));
#13411=SURFACE_STYLE_RENDERING_WITH_PROPERTIES($,#13496,(#13423));
#13412=SURFACE_STYLE_TRANSPARENT(0.);
#13413=SURFACE_STYLE_TRANSPARENT(0.);
#13414=SURFACE_STYLE_TRANSPARENT(0.339999973773956);
#13415=SURFACE_STYLE_TRANSPARENT(0.);
#13416=SURFACE_STYLE_TRANSPARENT(0.);
#13417=SURFACE_STYLE_TRANSPARENT(0.);
#13418=SURFACE_STYLE_TRANSPARENT(0.);
#13419=SURFACE_STYLE_TRANSPARENT(0.);
#13420=SURFACE_STYLE_TRANSPARENT(0.);
#13421=SURFACE_STYLE_TRANSPARENT(0.);
#13422=SURFACE_STYLE_TRANSPARENT(0.);
#13423=SURFACE_STYLE_TRANSPARENT(0.);
#13424=SURFACE_SIDE_STYLE('',(#13439,#13400));
#13425=SURFACE_SIDE_STYLE('',(#13440,#13401));
#13426=SURFACE_SIDE_STYLE('',(#13441,#13402));
#13427=SURFACE_SIDE_STYLE('',(#13442));
#13428=SURFACE_SIDE_STYLE('',(#13443,#13403));
#13429=SURFACE_SIDE_STYLE('',(#13444,#13404));
#13430=SURFACE_SIDE_STYLE('',(#13445,#13405));
#13431=SURFACE_SIDE_STYLE('',(#13446,#13406));
#13432=SURFACE_SIDE_STYLE('',(#13447,#13407));
#13433=SURFACE_SIDE_STYLE('',(#13448,#13408));
#13434=SURFACE_SIDE_STYLE('',(#13449,#13409));
#13435=SURFACE_SIDE_STYLE('',(#13450,#13410));
#13436=SURFACE_SIDE_STYLE('',(#13451,#13411));
#13437=SURFACE_SIDE_STYLE('',(#13452));
#13438=SURFACE_SIDE_STYLE('',(#13453));
#13439=SURFACE_STYLE_FILL_AREA(#13454);
#13440=SURFACE_STYLE_FILL_AREA(#13455);
#13441=SURFACE_STYLE_FILL_AREA(#13456);
#13442=SURFACE_STYLE_FILL_AREA(#13457);
#13443=SURFACE_STYLE_FILL_AREA(#13458);
#13444=SURFACE_STYLE_FILL_AREA(#13459);
#13445=SURFACE_STYLE_FILL_AREA(#13460);
#13446=SURFACE_STYLE_FILL_AREA(#13461);
#13447=SURFACE_STYLE_FILL_AREA(#13462);
#13448=SURFACE_STYLE_FILL_AREA(#13463);
#13449=SURFACE_STYLE_FILL_AREA(#13464);
#13450=SURFACE_STYLE_FILL_AREA(#13465);
#13451=SURFACE_STYLE_FILL_AREA(#13466);
#13452=SURFACE_STYLE_FILL_AREA(#13467);
#13453=SURFACE_STYLE_FILL_AREA(#13468);
#13454=FILL_AREA_STYLE('',(#13469));
#13455=FILL_AREA_STYLE('',(#13470));
#13456=FILL_AREA_STYLE('',(#13471));
#13457=FILL_AREA_STYLE('',(#13472));
#13458=FILL_AREA_STYLE('',(#13473));
#13459=FILL_AREA_STYLE('',(#13474));
#13460=FILL_AREA_STYLE('',(#13475));
#13461=FILL_AREA_STYLE('',(#13476));
#13462=FILL_AREA_STYLE('',(#13477));
#13463=FILL_AREA_STYLE('',(#13478));
#13464=FILL_AREA_STYLE('',(#13479));
#13465=FILL_AREA_STYLE('',(#13480));
#13466=FILL_AREA_STYLE('',(#13481));
#13467=FILL_AREA_STYLE('',(#13482));
#13468=FILL_AREA_STYLE('',(#13483));
#13469=FILL_AREA_STYLE_COLOUR('',#13484);
#13470=FILL_AREA_STYLE_COLOUR('',#13485);
#13471=FILL_AREA_STYLE_COLOUR('',#13486);
#13472=FILL_AREA_STYLE_COLOUR('',#13487);
#13473=FILL_AREA_STYLE_COLOUR('',#13488);
#13474=FILL_AREA_STYLE_COLOUR('',#13489);
#13475=FILL_AREA_STYLE_COLOUR('',#13490);
#13476=FILL_AREA_STYLE_COLOUR('',#13491);
#13477=FILL_AREA_STYLE_COLOUR('',#13492);
#13478=FILL_AREA_STYLE_COLOUR('',#13493);
#13479=FILL_AREA_STYLE_COLOUR('',#13494);
#13480=FILL_AREA_STYLE_COLOUR('',#13495);
#13481=FILL_AREA_STYLE_COLOUR('',#13496);
#13482=FILL_AREA_STYLE_COLOUR('',#13497);
#13483=FILL_AREA_STYLE_COLOUR('',#13498);
#13484=COLOUR_RGB('',0.188235294117647,0.529411764705882,0.890196078431372);
#13485=COLOUR_RGB('',0.956862745098039,0.956862745098039,0.956862745098039);
#13486=COLOUR_RGB('',0.749019607843137,0.101960784313725,0.101960784313725);
#13487=COLOUR_RGB('',0.223529411764706,0.36078431372549,0.27843137254902);
#13488=COLOUR_RGB('',0.780392156862745,0.56078431372549,0.109803921568627);
#13489=COLOUR_RGB('',1.,0.968627450980392,0.725490196078431);
#13490=COLOUR_RGB('',0.945098039215686,0.949019607843137,0.972549019607843);
#13491=COLOUR_RGB('',1.,1.,0.);
#13492=COLOUR_RGB('',1.,0.133333333333333,0.);
#13493=COLOUR_RGB('',0.,0.431372549019608,1.);
#13494=COLOUR_RGB('',0.850980392156863,0.525490196078431,0.784313725490196);
#13495=COLOUR_RGB('',1.,0.435294117647059,0.);
#13496=COLOUR_RGB('',0.729411764705882,0.729411764705882,0.729411764705882);
#13497=COLOUR_RGB('',1.,1.,0.);
#13498=COLOUR_RGB('',0.,0.,0.);
ENDSEC;
END-ISO-10303-21;
